word_norm,word_original,num_entries,num_definitions
run,Run,71,71
set,Set,59,59
light,Light,47,47
cast,Cast,45,45
round,Round,45,45
line,Line,44,44
strike,Strike,44,44
rise,Rise,42,42
fall,Fall,41,41
point,Point,41,41
lay,Lay,40,40
touch,Touch,40,40
base,Base,39,39
pass,Pass,39,39
turn,Turn,38,38
break,Break,37,37
back,Back,36,36
draw,Draw,36,36
roll,Roll,36,36
square,Square,36,36
bear,Bear,35,35
low,Low,35,35
slip,Slip,35,35
stand,Stand,35,35
charge,Charge,34,34
close,Close,34,34
stock,Stock,34,34
cut,Cut,33,33
jack,Jack,33,33
right,Right,33,33
cross,Cross,31,31
draught,Draught,31,31
return,Return,31,31
drop,Drop,30,30
flat,Flat,30,30
fly,Fly,30,30
spring,Spring,30,30
table,Table,30,30
head,Head,29,29
sound,Sound,29,29
wash,Wash,29,29
blow,Blow,28,28
crown,Crown,28,28
drift,Drift,28,28
beat,Beat,27,27
face,Face,27,27
keep,Keep,27,27
note,Note,27,27
pack,Pack,27,27
scale,Scale,27,27
sharp,Sharp,27,27
clear,Clear,26,26
lead,Lead,26,26
prick,Prick,26,26
range,Range,26,26
swell,Swell,26,26
bolt,Bolt,25,25
call,Call,25,25
grain,Grain,25,25
hold,Hold,25,25
measure,Measure,25,25
rack,Rack,25,25
ring,Ring,25,25
settle,Settle,25,25
shoot,Shoot,25,25
slide,Slide,25,25
stay,Stay,25,25
sweep,Sweep,25,25
take,Take,25,25
work,Work,25,25
bank,Bank,24,24
bar,Bar,24,24
double,Double,24,24
figure,Figure,24,24
form,Form,24,24
free,Free,24,24
hand,Hand,24,24
list,List,24,24
mark,Mark,24,24
open,Open,24,24
pitch,Pitch,24,24
play,Play,24,24
rest,Rest,24,24
throw,Throw,24,24
tongue,Tongue,24,24
wind,Wind,24,24
wing,Wing,24,24
answer,Answer,23,23
bow,Bow,23,23
but,But,23,23
catch,Catch,23,23
ground,Ground,23,23
lap,Lap,23,23
on,On,23,23
post,Post,23,23
present,Present,23,23
prime,Prime,23,23
sign,Sign,23,23
snap,Snap,23,23
traverse,Traverse,23,23
twist,Twist,23,23
weak,Weak,23,23
whip,Whip,23,23
cock,Cock,22,22
discharge,Discharge,22,22
down,Down,22,22
go,Go,22,22
horn,Horn,22,22
lift,Lift,22,22
make,Make,22,22
order,Order,22,22
press,Press,22,22
quarter,Quarter,22,22
reach,Reach,22,22
stamp,Stamp,22,22
stick,Stick,22,22
still,Still,22,22
stroke,Stroke,22,22
top,Top,22,22
train,Train,22,22
well,Well,22,22
balance,Balance,21,21
bed,Bed,21,21
cap,Cap,21,21
chop,Chop,21,21
crack,Crack,21,21
feed,Feed,21,21
fine,Fine,21,21
fire,Fire,21,21
force,Force,21,21
frame,Frame,21,21
issue,Issue,21,21
knot,Knot,21,21
level,Level,21,21
part,Part,21,21
rule,Rule,21,21
serve,Serve,21,21
shell,Shell,21,21
short,Short,21,21
spur,Spur,21,21
strain,Strain,21,21
air,Air,20,20
band,Band,20,20
bob,Bob,20,20
box,Box,20,20
cant,Cant,20,20
check,Check,20,20
dead,Dead,20,20
drag,Drag,20,20
element,Element,20,20
float,Float,20,20
flush,Flush,20,20
fret,Fret,20,20
give,Give,20,20
guard,Guard,20,20
hard,Hard,20,20
pick,Pick,20,20
raise,Raise,20,20
read,Read,20,20
report,Report,20,20
split,Split,20,20
step,Step,20,20
stop,Stop,20,20
strong,Strong,20,20
tender,Tender,20,20
warp,Warp,20,20
web,Web,20,20
bore,Bore,19,19
bound,Bound,19,19
eye,Eye,19,19
fair,Fair,19,19
fit,Fit,19,19
hang,Hang,19,19
high,High,19,19
hood,Hood,19,19
house,House,19,19
match,Match,19,19
mouth,Mouth,19,19
over,Over,19,19
pad,Pad,19,19
pin,Pin,19,19
practice,Practice,19,19
put,Put,19,19
rough,Rough,19,19
simple,Simple,19,19
soft,Soft,19,19
spare,Spare,19,19
spread,Spread,19,19
state,State,19,19
subject,Subject,19,19
trip,Trip,19,19
trust,Trust,19,19
address,Address,18,18
advance,Advance,18,18
arm,Arm,18,18
bill,Bill,18,18
bind,Bind,18,18
bite,Bite,18,18
blank,Blank,18,18
bottom,Bottom,18,18
brace,Brace,18,18
burr,Burr,18,18
course,Course,18,18
cry,Cry,18,18
drill,Drill,18,18
drive,Drive,18,18
even,Even,18,18
foot,Foot,18,18
grace,Grace,18,18
hack,Hack,18,18
jump,Jump,18,18
long,Long,18,18
mean,Mean,18,18
mill,Mill,18,18
natural,Natural,18,18
pipe,Pipe,18,18
plate,Plate,18,18
poll,Poll,18,18
race,Race,18,18
rank,Rank,18,18
regard,Regard,18,18
register,Register,18,18
root,Root,18,18
salt,Salt,18,18
size,Size,18,18
spirit,Spirit,18,18
station,Station,18,18
stuff,Stuff,18,18
swallow,Swallow,18,18
tail,Tail,18,18
taste,Taste,18,18
tread,Tread,18,18
ward,Ward,18,18
worm,Worm,18,18
yoke,Yoke,18,18
bay,Bay,17,17
better,Better,17,17
board,Board,17,17
broach,Broach,17,17
comb,Comb,17,17
court,Court,17,17
cover,Cover,17,17
dash,Dash,17,17
do,Do,17,17
drum,Drum,17,17
fast,Fast,17,17
feather,Feather,17,17
flash,Flash,17,17
flourish,Flourish,17,17
heat,Heat,17,17
heel,Heel,17,17
live,Live,17,17
loose,Loose,17,17
mould,Mould,17,17
plain,Plain,17,17
print,Print,17,17
puff,Puff,17,17
rake,Rake,17,17
reverse,Reverse,17,17
screw,Screw,17,17
shaft,Shaft,17,17
side,Side,17,17
single,Single,17,17
stall,Stall,17,17
start,Start,17,17
stem,Stem,17,17
string,String,17,17
strip,Strip,17,17
sucker,Sucker,17,17
term,Term,17,17
wheel,Wheel,17,17
abstract,Abstract,16,16
act,Act,16,16
bail,Bail,16,16
bend,Bend,16,16
blind,Blind,16,16
block,Block,16,16
bolster,Bolster,16,16
brake,Brake,16,16
burn,Burn,16,16
clap,Clap,16,16
cob,Cob,16,16
counter,Counter,16,16
cradle,Cradle,16,16
crib,Crib,16,16
die,Die,16,16
dip,Dip,16,16
file,File,16,16
flag,Flag,16,16
flow,Flow,16,16
foul,Foul,16,16
good,Good,16,16
horse,Horse,16,16
hum,Hum,16,16
joint,Joint,16,16
key,Key,16,16
labor,Labor,16,16
lock,Lock,16,16
lodge,Lodge,16,16
main,Main,16,16
pan,Pan,16,16
pearl,Pearl,16,16
pit,Pit,16,16
plant,Plant,16,16
power,Power,16,16
pull,Pull,16,16
purchase,Purchase,16,16
quarrel,Quarrel,16,16
rate,Rate,16,16
ray,Ray,16,16
render,Render,16,16
resolve,Resolve,16,16
rib,Rib,16,16
rub,Rub,16,16
ruff,Ruff,16,16
runner,Runner,16,16
score,Score,16,16
shadow,Shadow,16,16
smooth,Smooth,16,16
sponge,Sponge,16,16
stone,Stone,16,16
stretch,Stretch,16,16
temper,Temper,16,16
time,Time,16,16
tone,Tone,16,16
trail,Trail,16,16
walk,Walk,16,16
way,Way,16,16
accent,Accent,15,15
beam,Beam,15,15
beard,Beard,15,15
bearing,Bearing,15,15
boot,Boot,15,15
carry,Carry,15,15
challenge,Challenge,15,15
change,Change,15,15
chuck,Chuck,15,15
couch,Couch,15,15
delicate,Delicate,15,15
distance,Distance,15,15
divide,Divide,15,15
divine,Divine,15,15
division,Division,15,15
enter,Enter,15,15
fat,Fat,15,15
gather,Gather,15,15
gripe,Gripe,15,15
hatch,Hatch,15,15
heavy,Heavy,15,15
land,Land,15,15
last,Last,15,15
like,Like,15,15
look,Look,15,15
man,Man,15,15
miss,Miss,15,15
narrow,Narrow,15,15
out,Out,15,15
pace,Pace,15,15
parallel,Parallel,15,15
positive,Positive,15,15
raw,Raw,15,15
review,Review,15,15
ruffle,Ruffle,15,15
season,Season,15,15
shade,Shade,15,15
sight,Sight,15,15
sink,Sink,15,15
sit,Sit,15,15
smart,Smart,15,15
smoke,Smoke,15,15
spell,Spell,15,15
spill,Spill,15,15
sport,Sport,15,15
staple,Staple,15,15
stoop,Stoop,15,15
sweet,Sweet,15,15
tap,Tap,15,15
thick,Thick,15,15
trap,Trap,15,15
try,Try,15,15
use,Use,15,15
vent,Vent,15,15
verge,Verge,15,15
wave,Wave,15,15
account,Account,14,14
after,After,14,14
appeal,Appeal,14,14
average,Average,14,14
balk,Balk,14,14
barb,Barb,14,14
black,Black,14,14
blood,Blood,14,14
body,Body,14,14
breed,Breed,14,14
buck,Buck,14,14
chamber,Chamber,14,14
chase,Chase,14,14
circle,Circle,14,14
cold,Cold,14,14
company,Company,14,14
compass,Compass,14,14
crop,Crop,14,14
fish,Fish,14,14
front,Front,14,14
gauge,Gauge,14,14
gear,Gear,14,14
green,Green,14,14
hit,Hit,14,14
honor,Honor,14,14
iron,Iron,14,14
job,Job,14,14
law,Law,14,14
life,Life,14,14
love,Love,14,14
mail,Mail,14,14
mask,Mask,14,14
mount,Mount,14,14
mute,Mute,14,14
near,Near,14,14
negative,Negative,14,14
pile,Pile,14,14
place,Place,14,14
pot,Pot,14,14
principal,Principal,14,14
rattle,Rattle,14,14
record,Record,14,14
sail,Sail,14,14
seal,Seal,14,14
second,Second,14,14
shank,Shank,14,14
shed,Shed,14,14
shock,Shock,14,14
shoe,Shoe,14,14
show,Show,14,14
silver,Silver,14,14
smack,Smack,14,14
sort,Sort,14,14
stale,Stale,14,14
stalk,Stalk,14,14
standard,Standard,14,14
style,Style,14,14
suit,Suit,14,14
swing,Swing,14,14
tack,Tack,14,14
tie,Tie,14,14
trade,Trade,14,14
trunk,Trunk,14,14
voice,Voice,14,14
warrant,Warrant,14,14
waste,Waste,14,14
watch,Watch,14,14
wear,Wear,14,14
will,Will,14,14
action,Action,13,13
age,Age,13,13
as,As,13,13
associate,Associate,13,13
ball,Ball,13,13
bate,Bate,13,13
bent,Bent,13,13
blast,Blast,13,13
bloom,Bloom,13,13
blot,Blot,13,13
bond,Bond,13,13
bonnet,Bonnet,13,13
boom,Boom,13,13
bounce,Bounce,13,13
bowl,Bowl,13,13
breathe,Breathe,13,13
broad,Broad,13,13
brush,Brush,13,13
burden,Burden,13,13
case,Case,13,13
charm,Charm,13,13
chill,Chill,13,13
command,Command,13,13
common,Common,13,13
conduct,Conduct,13,13
contract,Contract,13,13
cope,Cope,13,13
cure,Cure,13,13
deal,Deal,13,13
digest,Digest,13,13
discipline,Discipline,13,13
dress,Dress,13,13
dry,Dry,13,13
earth,Earth,13,13
envy,Envy,13,13
erect,Erect,13,13
express,Express,13,13
fail,Fail,13,13
fan,Fan,13,13
fancy,Fancy,13,13
favor,Favor,13,13
fell,Fell,13,13
field,Field,13,13
fillet,Fillet,13,13
fleet,Fleet,13,13
flesh,Flesh,13,13
flower,Flower,13,13
fold,Fold,13,13
for,For,13,13
frank,Frank,13,13
full,Full,13,13
fur,Fur,13,13
game,Game,13,13
get,Get,13,13
grave,Grave,13,13
have,have,13,13
hoop,Hoop,13,13
in,In,13,13
inversion,Inversion,13,13
judge,Judge,13,13
lag,Lag,13,13
leader,Leader,13,13
leave,Leave,13,13
livery,Livery,13,13
mad,Mad,13,13
mantle,Mantle,13,13
matter,Matter,13,13
moderate,Moderate,13,13
more,More,13,13
motion,Motion,13,13
move,Move,13,13
number,Number,13,13
of,Of,13,13
pale,Pale,13,13
parting,Parting,13,13
piece,Piece,13,13
poor,Poor,13,13
push,Push,13,13
radical,Radical,13,13
rail,Rail,13,13
ride,Ride,13,13
roar,Roar,13,13
say,Say,13,13
seat,Seat,13,13
service,Service,13,13
settlement,Settlement,13,13
shake,Shake,13,13
shave,Shave,13,13
sheet,Sheet,13,13
shift,Shift,13,13
shut,Shut,13,13
skip,Skip,13,13
slacken,Slacken,13,13
sole,Sole,13,13
solid,Solid,13,13
speed,Speed,13,13
stage,Stage,13,13
strait,Strait,13,13
study,Study,13,13
stump,Stump,13,13
sublime,Sublime,13,13
support,Support,13,13
suspension,Suspension,13,13
sway,Sway,13,13
sweat,Sweat,13,13
tick,Tick,13,13
tilt,Tilt,13,13
tip,Tip,13,13
to,To,13,13
toll,Toll,13,13
treat,Treat,13,13
trim,Trim,13,13
troll,Troll,13,13
truck,Truck,13,13
twin,Twin,13,13
wake,Wake,13,13
warm,Warm,13,13
water,Water,13,13
white,White,13,13
wide,Wide,13,13
wrong,Wrong,13,13
about,About,12,12
anchor,Anchor,12,12
ancient,Ancient,12,12
apply,Apply,12,12
article,Article,12,12
assize,Assize,12,12
attaint,Attaint,12,12
bare,Bare,12,12
bass,Bass,12,12
beak,Beak,12,12
bit,Bit,12,12
blanch,Blanch,12,12
blaze,Blaze,12,12
bone,Bone,12,12
brief,Brief,12,12
buckle,Buckle,12,12
buff,Buff,12,12
capital,Capital,12,12
chap,Chap,12,12
chapter,Chapter,12,12
character,Character,12,12
clean,Clean,12,12
collar,Collar,12,12
color,Color,12,12
composition,Composition,12,12
condition,Condition,12,12
crab,Crab,12,12
crescent,Crescent,12,12
crest,Crest,12,12
decline,Decline,12,12
deep,Deep,12,12
demand,Demand,12,12
direct,Direct,12,12
discourse,Discourse,12,12
distemper,Distemper,12,12
draff,Draff,12,12
dull,Dull,12,12
empty,Empty,12,12
equal,Equal,12,12
escape,Escape,12,12
false,FALSE,12,12
fare,Fare,12,12
father,Father,12,12
feel,Feel,12,12
fill,Fill,12,12
floor,Floor,12,12
foil,Foil,12,12
general,General,12,12
gill,Gill,12,12
glass,Glass,12,12
glut,Glut,12,12
grind,Grind,12,12
hammer,Hammer,12,12
heave,Heave,12,12
help,Help,12,12
home,Home,12,12
hunt,Hunt,12,12
indent,Indent,12,12
institute,Institute,12,12
jig,Jig,12,12
lash,Lash,12,12
leg,Leg,12,12
let,Let,12,12
lie,Lie,12,12
lower,Lower,12,12
master,Master,12,12
meet,Meet,12,12
mine,Mine,12,12
minute,Minute,12,12
nick,Nick,12,12
offset,Offset,12,12
old,Old,12,12
orb,Orb,12,12
pair,Pair,12,12
pallet,Pallet,12,12
panel,Panel,12,12
paper,Paper,12,12
party,Party,12,12
passage,Passage,12,12
pinch,Pinch,12,12
pink,Pink,12,12
plot,Plot,12,12
pug,Pug,12,12
question,Question,12,12
quick,Quick,12,12
quill,Quill,12,12
rear,Rear,12,12
reason,Reason,12,12
reclaim,Reclaim,12,12
recover,Recover,12,12
rent,Rent,12,12
representative,Representative,12,12
respect,Respect,12,12
rose,Rose,12,12
rove,Rove,12,12
running,Running,12,12
saw,Saw,12,12
school,School,12,12
sconce,Sconce,12,12
scratch,Scratch,12,12
seam,Seam,12,12
shape,Shape,12,12
ship,Ship,12,12
sling,Sling,12,12
slow,Slow,12,12
slug,Slug,12,12
so,So,12,12
sour,Sour,12,12
souse,Souse,12,12
spin,Spin,12,12
spindle,Spindle,12,12
spit,Spit,12,12
spoil,Spoil,12,12
spot,Spot,12,12
strap,Strap,12,12
stream,Stream,12,12
subscribe,Subscribe,12,12
suck,Suck,12,12
swim,Swim,12,12
tabernacle,Tabernacle,12,12
taint,Taint,12,12
test,Test,12,12
tight,Tight,12,12
timber,Timber,12,12
trace,Trace,12,12
tuck,Tuck,12,12
twine,Twine,12,12
wax,Wax,12,12
weed,Weed,12,12
weigh,Weigh,12,12
what,What,12,12
word,Word,12,12
abuse,Abuse,11,11
active,Active,11,11
apron,Apron,11,11
arch,Arch,11,11
art,Art,11,11
articulate,Articulate,11,11
assay,Assay,11,11
bag,Bag,11,11
battery,Battery,11,11
before,Before,11,11
boil,Boil,11,11
bosom,Bosom,11,11
branch,Branch,11,11
breathing,Breathing,11,11
bright,Bright,11,11
broken,Broken,11,11
brood,Brood,11,11
bull,Bull,11,11
bush,Bush,11,11
captain,Captain,11,11
card,Card,11,11
chain,Chain,11,11
chapel,Chapel,11,11
cheer,Cheer,11,11
cipher,Cipher,11,11
clamp,Clamp,11,11
clip,Clip,11,11
cloud,Cloud,11,11
clout,Clout,11,11
club,Club,11,11
collation,Collation,11,11
commission,Commission,11,11
convert,Convert,11,11
cool,Cool,11,11
copy,Copy,11,11
core,Core,11,11
corona,Corona,11,11
count,Count,11,11
cramp,Cramp,11,11
credit,Credit,11,11
creep,Creep,11,11
crimp,Crimp,11,11
crisp,Crisp,11,11
crook,Crook,11,11
crowd,Crowd,11,11
curl,Curl,11,11
degree,Degree,11,11
determination,Determination,11,11
determine,Determine,11,11
dispatch,Dispatch,11,11
dub,Dub,11,11
dump,Dump,11,11
dust,Dust,11,11
edge,Edge,11,11
effect,Effect,11,11
exercise,Exercise,11,11
farm,Farm,11,11
fear,Fear,11,11
fin,Fin,11,11
find,Find,11,11
finger,Finger,11,11
fix,Fix,11,11
flux,Flux,11,11
fox,Fox,11,11
fresh,Fresh,11,11
fume,Fume,11,11
gall,Gall,11,11
gate,Gate,11,11
gentle,Gentle,11,11
glance,Glance,11,11
gorge,Gorge,11,11
great,Great,11,11
handle,Handle,11,11
heart,Heart,11,11
hitch,Hitch,11,11
hollow,Hollow,11,11
housing,Housing,11,11
jar,Jar,11,11
jaw,Jaw,11,11
leap,Leap,11,11
leer,Leer,11,11
levy,Levy,11,11
link,Link,11,11
lord,Lord,11,11
lug,Lug,11,11
mind,Mind,11,11
mow,Mow,11,11
muse,Muse,11,11
nip,Nip,11,11
nurse,Nurse,11,11
off,Off,11,11
offer,Offer,11,11
one,One,11,11
ordinary,Ordinary,11,11
paddle,Paddle,11,11
pall,Pall,11,11
palm,Palm,11,11
patch,Patch,11,11
pause,Pause,11,11
period,Period,11,11
picket,Picket,11,11
pledge,Pledge,11,11
plough,Plough,11,11
pole,Pole,11,11
pool,Pool,11,11
port,Port,11,11
pouch,Pouch,11,11
pound,Pound,11,11
precipitate,Precipitate,11,11
private,Private,11,11
prize,Prize,11,11
purge,Purge,11,11
purple,Purple,11,11
ram,Ram,11,11
rape,Rape,11,11
receipt,Receipt,11,11
rider,Rider,11,11
rock,Rock,11,11
rouse,Rouse,11,11
rout,Rout,11,11
rubber,Rubber,11,11
rush,Rush,11,11
rust,Rust,11,11
scrape,Scrape,11,11
see,See,11,11
sell,Sell,11,11
shear,Shear,11,11
sheer,Sheer,11,11
shield,Shield,11,11
shine,Shine,11,11
shiver,Shiver,11,11
shot,Shot,11,11
shroud,Shroud,11,11
singular,Singular,11,11
skin,Skin,11,11
slate,Slate,11,11
sleeper,Sleeper,11,11
slice,Slice,11,11
slur,Slur,11,11
sore,Sore,11,11
space,Space,11,11
span,Span,11,11
spar,Spar,11,11
speak,Speak,11,11
squat,Squat,11,11
staff,Staff,11,11
stave,Stave,11,11
steel,Steel,11,11
stir,Stir,11,11
stitch,Stitch,11,11
strange,Strange,11,11
strength,Strength,11,11
supply,Supply,11,11
tag,Tag,11,11
tang,Tang,11,11
tax,Tax,11,11
tear,Tear,11,11
tell,Tell,11,11
throat,Throat,11,11
thrum,Thrum,11,11
thrust,Thrust,11,11
till,Till,11,11
tire,Tire,11,11
title,Title,11,11
tooth,Tooth,11,11
tract,Tract,11,11
trick,Trick,11,11
truss,Truss,11,11
type,Type,11,11
up,Up,11,11
value,Value,11,11
void,Void,11,11
wait,Wait,11,11
war,War,11,11
wedge,Wedge,11,11
yield,Yield,11,11
abate,Abate,10,10
abortive,Abortive,10,10
absolute,Absolute,10,10
accord,Accord,10,10
affect,Affect,10,10
aggregate,Aggregate,10,10
approach,Approach,10,10
array,Array,10,10
attack,Attack,10,10
attend,Attend,10,10
ban,Ban,10,10
bastard,Bastard,10,10
bead,Bead,10,10
bell,Bell,10,10
belt,Belt,10,10
bid,Bid,10,10
blink,Blink,10,10
blue,Blue,10,10
bluff,Bluff,10,10
bower,Bower,10,10
brand,Brand,10,10
breach,Breach,10,10
breath,Breath,10,10
bubble,Bubble,10,10
buffet,Buffet,10,10
burst,Burst,10,10
by,By,10,10
cadence,Cadence,10,10
canon,Canon,10,10
carve,Carve,10,10
certain,Certain,10,10
chance,Chance,10,10
chip,Chip,10,10
choke,Choke,10,10
circuit,Circuit,10,10
coast,Coast,10,10
cog,Cog,10,10
complement,Complement,10,10
compound,Compound,10,10
concrete,Concrete,10,10
conjugate,Conjugate,10,10
content,Content,10,10
cornet,Cornet,10,10
corrupt,Corrupt,10,10
counterfeit,Counterfeit,10,10
crank,Crank,10,10
crust,Crust,10,10
custom,Custom,10,10
cutter,Cutter,10,10
dark,Dark,10,10
depart,Depart,10,10
deposit,Deposit,10,10
descent,Descent,10,10
design,Design,10,10
devise,Devise,10,10
disk,Disk,10,10
dock,Dock,10,10
dread,Dread,10,10
duck,Duck,10,10
dummy,Dummy,10,10
easy,Easy,10,10
eccentric,Eccentric,10,10
embrace,Embrace,10,10
enamel,Enamel,10,10
end,End,10,10
enforce,Enforce,10,10
engage,Engage,10,10
estate,Estate,10,10
exchange,Exchange,10,10
extract,Extract,10,10
extreme,Extreme,10,10
far,Far,10,10
fault,Fault,10,10
feeder,Feeder,10,10
fence,Fence,10,10
fetch,Fetch,10,10
fling,Fling,10,10
footing,Footing,10,10
forge,Forge,10,10
gain,Gain,10,10
gin,Gin,10,10
gird,Gird,10,10
gloss,Gloss,10,10
graduate,Graduate,10,10
guide,Guide,10,10
hail,Hail,10,10
hook,Hook,10,10
hop,Hop,10,10
impress,Impress,10,10
independent,Independent,10,10
label,Label,10,10
lapse,Lapse,10,10
large,Large,10,10
lean,Lean,10,10
letter,Letter,10,10
liberty,Liberty,10,10
lighten,Lighten,10,10
lightly,Lightly,10,10
limb,Limb,10,10
litter,Litter,10,10
load,Load,10,10
lose,Lose,10,10
march,March,10,10
marshal,Marshal,10,10
mass,Mass,10,10
mate,Mate,10,10
metal,Metal,10,10
moral,Moral,10,10
native,Native,10,10
nature,Nature,10,10
node,Node,10,10
page,Page,10,10
parade,Parade,10,10
particular,Particular,10,10
pay,Pay,10,10
penitentiary,Penitentiary,10,10
perch,Perch,10,10
picking,Picking,10,10
pinion,Pinion,10,10
pluck,Pluck,10,10
plunge,Plunge,10,10
poise,Poise,10,10
poke,Poke,10,10
policy,Policy,10,10
pride,Pride,10,10
produce,Produce,10,10
progress,Progress,10,10
proof,Proof,10,10
punch,Punch,10,10
quiet,Quiet,10,10
quit,Quit,10,10
racket,Racket,10,10
rag,Rag,10,10
rap,Rap,10,10
rash,Rash,10,10
ready,Ready,10,10
rebate,Rebate,10,10
receive,Receive,10,10
reed,Reed,10,10
reflection,Reflection,10,10
release,Release,10,10
remove,Remove,10,10
repose,Repose,10,10
reserve,Reserve,10,10
retire,Retire,10,10
rich,Rich,10,10
rig,Rig,10,10
ripe,Ripe,10,10
ripple,Ripple,10,10
roast,Roast,10,10
roller,Roller,10,10
rope,Rope,10,10
rostrum,Rostrum,10,10
sack,Sack,10,10
save,Save,10,10
savor,Savor,10,10
scout,Scout,10,10
scuttle,Scuttle,10,10
secondary,Secondary,10,10
seed,Seed,10,10
shackle,Shackle,10,10
share,Share,10,10
sharpen,Sharpen,10,10
silence,Silence,10,10
siphon,Siphon,10,10
slam,Slam,10,10
slight,Slight,10,10
small,Small,10,10
smile,Smile,10,10
smut,Smut,10,10
soften,Soften,10,10
soil,Soil,10,10
sow,Sow,10,10
sphere,Sphere,10,10
squint,Squint,10,10
stain,Stain,10,10
standing,Standing,10,10
stigma,Stigma,10,10
straight,Straight,10,10
stretcher,Stretcher,10,10
stud,Stud,10,10
subscription,Subscription,10,10
superior,Superior,10,10
swarm,Swarm,10,10
swash,Swash,10,10
switch,Switch,10,10
talk,Talk,10,10
tally,Tally,10,10
tent,Tent,10,10
that,That,10,10
thin,Thin,10,10
think,Think,10,10
through,Through,10,10
tide,Tide,10,10
tinker,Tinker,10,10
toss,Toss,10,10
track,Track,10,10
transfer,Transfer,10,10
travel,Travel,10,10
triumph,Triumph,10,10
tune,Tune,10,10
un-,Un-,10,10
undertake,Undertake,10,10
vapor,Vapor,10,10
vary,Vary,10,10
vault,Vault,10,10
view,View,10,10
voluntary,Voluntary,10,10
vote,Vote,10,10
wallop,Wallop,10,10
wanton,Wanton,10,10
warble,Warble,10,10
weather,Weather,10,10
weight,Weight,10,10
welt,Welt,10,10
whisk,Whisk,10,10
whisper,Whisper,10,10
wild,Wild,10,10
worship,Worship,10,10
wreck,Wreck,10,10
a,A,9,9
affection,Affection,9,9
agree,Agree,9,9
airy,Airy,9,9
alternate,Alternate,9,9
amplitude,Amplitude,9,9
angle,Angle,9,9
antecedent,Antecedent,9,9
antic,Antic,9,9
application,Application,9,9
arrest,Arrest,9,9
attach,Attach,9,9
attain,Attain,9,9
avoid,Avoid,9,9
bait,Bait,9,9
balloon,Balloon,9,9
bathe,Bathe,9,9
batter,Batter,9,9
behight,Behight,9,9
behind,Behind,9,9
bench,Bench,9,9
billet,Billet,9,9
blade,Blade,9,9
bleed,Bleed,9,9
bless,Bless,9,9
blunt,Blunt,9,9
boast,Boast,9,9
border,Border,9,9
boss,Boss,9,9
braid,Braid,9,9
brave,Brave,9,9
breast,Breast,9,9
breech,Breech,9,9
bull's-eye,Bull's-eye,9,9
cabinet,Cabinet,9,9
cage,Cage,9,9
camp,Camp,9,9
canker,Canker,9,9
carriage,Carriage,9,9
cause,Cause,9,9
cement,Cement,9,9
chafe,Chafe,9,9
chant,Chant,9,9
chime,Chime,9,9
choice,Choice,9,9
claim,Claim,9,9
cockle,Cockle,9,9
come,Come,9,9
conclude,Conclude,9,9
corn,Corn,9,9
corner,Corner,9,9
country,Country,9,9
crane,Crane,9,9
cream,Cream,9,9
creeper,Creeper,9,9
cup,Cup,9,9
curb,Curb,9,9
cushion,Cushion,9,9
cycle,Cycle,9,9
dear,Dear,9,9
death,Death,9,9
default,Default,9,9
defile,Defile,9,9
deliver,Deliver,9,9
depression,Depression,9,9
descend,Descend,9,9
desire,Desire,9,9
dig,Dig,9,9
dish,Dish,9,9
display,Display,9,9
dissolution,Dissolution,9,9
dissolve,Dissolve,9,9
docket,Docket,9,9
doctor,Doctor,9,9
dog,Dog,9,9
dolphin,Dolphin,9,9
doom,Doom,9,9
doubt,Doubt,9,9
dressing,Dressing,9,9
drove,Drove,9,9
due,Due,9,9
entertain,Entertain,9,9
entrance,Entrance,9,9
error,Error,9,9
exhaust,Exhaust,9,9
faint,Faint,9,9
faith,Faith,9,9
falsify,Falsify,9,9
fang,Fang,9,9
fellow,Fellow,9,9
fight,Fight,9,9
finish,Finish,9,9
flank,Flank,9,9
flute,Flute,9,9
follow,Follow,9,9
fond,Fond,9,9
frontal,Frontal,9,9
galley,Galley,9,9
garnish,Garnish,9,9
gig,Gig,9,9
girdle,Girdle,9,9
glare,Glare,9,9
glow,Glow,9,9
grate,Grate,9,9
graze,Graze,9,9
gross,Gross,9,9
hag,Hag,9,9
halt,Halt,9,9
haul,Haul,9,9
hem,Hem,9,9
hide,Hide,9,9
hiss,Hiss,9,9
hope,Hope,9,9
hurl,Hurl,9,9
imperial,Imperial,9,9
impression,Impression,9,9
incorporate,Incorporate,9,9
increase,Increase,9,9
infinite,Infinite,9,9
intend,Intend,9,9
interest,Interest,9,9
jumper,Jumper,9,9
keel,Keel,9,9
kern,Kern,9,9
kid,Kid,9,9
kind,Kind,9,9
kite,Kite,9,9
knit,Knit,9,9
lace,Lace,9,9
lady,Lady,9,9
language,Language,9,9
lantern,Lantern,9,9
ligature,Ligature,9,9
lime,Lime,9,9
lip,Lip,9,9
little,Little,9,9
log,Log,9,9
lurch,Lurch,9,9
maiden,Maiden,9,9
mall,Mall,9,9
mat,Mat,9,9
model,Model,9,9
mother,Mother,9,9
mouse,Mouse,9,9
muffle,Muffle,9,9
mull,Mull,9,9
nail,Nail,9,9
name,Name,9,9
neck,Neck,9,9
new,New,9,9
object,Object,9,9
office,Office,9,9
olive,Olive,9,9
original,Original,9,9
overrun,Overrun,9,9
paint,Paint,9,9
patent,Patent,9,9
patron,Patron,9,9
pattern,Pattern,9,9
peak,Peak,9,9
peal,Peal,9,9
peck,Peck,9,9
pen,Pen,9,9
person,Person,9,9
pine,Pine,9,9
piping,Piping,9,9
pique,Pique,9,9
plane,Plane,9,9
plat,Plat,9,9
plume,Plume,9,9
plump,Plump,9,9
ply,Ply,9,9
pocket,Pocket,9,9
pop,Pop,9,9
pounce,Pounce,9,9
primary,Primary,9,9
promise,Promise,9,9
proportion,Proportion,9,9
prove,Prove,9,9
purl,Purl,9,9
purse,Purse,9,9
pursue,Pursue,9,9
quadrate,Quadrate,9,9
queen,Queen,9,9
query,Query,9,9
rabble,Rabble,9,9
rage,Rage,9,9
rally,Rally,9,9
ramp,Ramp,9,9
rapt,Rapt,9,9
reading,Reading,9,9
receiver,Receiver,9,9
recess,Recess,9,9
reduce,Reduce,9,9
reel,Reel,9,9
reference,Reference,9,9
relax,Relax,9,9
remit,Remit,9,9
requisition,Requisition,9,9
revival,Revival,9,9
rifle,Rifle,9,9
royal,Royal,9,9
rugged,Rugged,9,9
sacrifice,Sacrifice,9,9
saddle,Saddle,9,9
sand,Sand,9,9
sanguine,Sanguine,9,9
sauce,Sauce,9,9
scape,Scape,9,9
scoop,Scoop,9,9
scour,Scour,9,9
section,Section,9,9
sense,Sense,9,9
sensible,Sensible,9,9
sentence,Sentence,9,9
sequester,Sequester,9,9
shoulder,Shoulder,9,9
shuffle,Shuffle,9,9
siege,Siege,9,9
signature,Signature,9,9
sing,Sing,9,9
slop,Slop,9,9
smell,Smell,9,9
smite,Smite,9,9
snuff,Snuff,9,9
soul,Soul,9,9
south,South,9,9
species,Species,9,9
speculation,Speculation,9,9
spend,Spend,9,9
spike,Spike,9,9
spout,Spout,9,9
spray,Spray,9,9
stag,Stag,9,9
stagger,Stagger,9,9
stake,Stake,9,9
stanch,Stanch,9,9
star,Star,9,9
steam,Steam,9,9
steep,Steep,9,9
stew,Stew,9,9
sting,Sting,9,9
stint,Stint,9,9
stool,Stool,9,9
stripe,Stripe,9,9
stub,Stub,9,9
succeed,Succeed,9,9
sue,Sue,9,9
sullen,Sullen,9,9
surrender,Surrender,9,9
suspect,Suspect,9,9
sustain,Sustain,9,9
sweeten,Sweeten,9,9
swift,Swift,9,9
thrill,Thrill,9,9
thwart,Thwart,9,9
ticket,Ticket,9,9
tile,Tile,9,9
tiller,Tiller,9,9
token,Token,9,9
torpedo,Torpedo,9,9
trammel,Trammel,9,9
tramp,Tramp,9,9
translate,Translate,9,9
trench,Trench,9,9
trump,Trump,9,9
trundle,Trundle,9,9
tube,Tube,9,9
tug,Tug,9,9
van,Van,9,9
vein,Vein,9,9
verse,Verse,9,9
vest,Vest,9,9
vice,Vice,9,9
wage,Wage,9,9
wall,Wall,9,9
want,Want,9,9
wattle,Wattle,9,9
weep,Weep,9,9
wet,Wet,9,9
whistle,Whistle,9,9
wink,Wink,9,9
wipe,Wipe,9,9
witness,Witness,9,9
world,World,9,9
write,Write,9,9
yard,Yard,9,9
abode,Abode,8,8
administer,Administer,8,8
adventure,Adventure,8,8
aim,Aim,8,8
alarm,Alarm,8,8
allow,Allow,8,8
allowance,Allowance,8,8
alloy,Alloy,8,8
amber,Amber,8,8
appointment,Appointment,8,8
argument,Argument,8,8
articulation,Articulation,8,8
ask,Ask,8,8
aspect,Aspect,8,8
at,At,8,8
atlas,Atlas,8,8
authority,Authority,8,8
await,Await,8,8
axis,Axis,8,8
babble,Babble,8,8
backward,Backward,8,8
ballast,Ballast,8,8
bandy,Bandy,8,8
bankrupt,Bankrupt,8,8
bath,Bath,8,8
below,Below,8,8
best,Best,8,8
bias,Bias,8,8
bishop,Bishop,8,8
bitter,Bitter,8,8
blazon,Blazon,8,8
blight,Blight,8,8
bode,Bode,8,8
bold,Bold,8,8
book,Book,8,8
bribe,Bribe,8,8
bridge,Bridge,8,8
bridle,Bridle,8,8
brute,Brute,8,8
bump,Bump,8,8
button,Button,8,8
buzz,Buzz,8,8
calling,Calling,8,8
cancel,Cancel,8,8
cane,Cane,8,8
carol,Carol,8,8
cartouch,Cartouch,8,8
casket,Casket,8,8
cavalier,Cavalier,8,8
cell,Cell,8,8
center,Center,8,8
channel,Channel,8,8
chaplet,Chaplet,8,8
cheat,Cheat,8,8
chest,Chest,8,8
chink,Chink,8,8
chorus,Chorus,8,8
church,Church,8,8
clam,Clam,8,8
class,Class,8,8
claw,Claw,8,8
click,Click,8,8
clinch,Clinch,8,8
clod,Clod,8,8
clog,Clog,8,8
clutch,Clutch,8,8
coat,Coat,8,8
coffer,Coffer,8,8
collection,Collection,8,8
column,Column,8,8
comfort,Comfort,8,8
communicate,Communicate,8,8
compare,Compare,8,8
compromise,Compromise,8,8
conceit,Conceit,8,8
conclusion,Conclusion,8,8
confess,Confess,8,8
confidence,Confidence,8,8
congregation,Congregation,8,8
consent,Consent,8,8
consort,Consort,8,8
consult,Consult,8,8
contrary,Contrary,8,8
converse,Converse,8,8
conversion,Conversion,8,8
convey,Convey,8,8
cost,Cost,8,8
counsel,Counsel,8,8
couple,Couple,8,8
covenant,Covenant,8,8
cram,Cram,8,8
craze,Craze,8,8
crotchet,Crotchet,8,8
crush,Crush,8,8
cue,Cue,8,8
cylinder,Cylinder,8,8
dag,Dag,8,8
damask,Damask,8,8
dare,Dare,8,8
dart,Dart,8,8
date,Date,8,8
daub,Daub,8,8
deck,Deck,8,8
deed,Deed,8,8
delicacy,Delicacy,8,8
dependence,Dependence,8,8
derivation,Derivation,8,8
devil,Devil,8,8
difference,Difference,8,8
directly,Directly,8,8
discount,Discount,8,8
dispense,Dispense,8,8
dispose,Dispose,8,8
distress,Distress,8,8
divorce,Divorce,8,8
dole,Dole,8,8
doublet,Doublet,8,8
drab,Drab,8,8
dragon,Dragon,8,8
drain,Drain,8,8
drink,Drink,8,8
driver,Driver,8,8
drug,Drug,8,8
ear,Ear,8,8
ease,Ease,8,8
elect,Elect,8,8
elevate,Elevate,8,8
entire,Entire,8,8
evolution,Evolution,8,8
excuse,Excuse,8,8
execute,Execute,8,8
execution,Execution,8,8
expire,Expire,8,8
familiar,Familiar,8,8
famish,Famish,8,8
fashion,Fashion,8,8
feeling,Feeling,8,8
flake,Flake,8,8
flap,Flap,8,8
flare,Flare,8,8
flirt,Flirt,8,8
flock,Flock,8,8
fog,Fog,8,8
fool,Fool,8,8
forfeit,Forfeit,8,8
fork,Fork,8,8
formal,Formal,8,8
formality,Formality,8,8
fortune,Fortune,8,8
forward,Forward,8,8
founder,Founder,8,8
frill,Frill,8,8
fund,Fund,8,8
furniture,Furniture,8,8
gag,Gag,8,8
gale,Gale,8,8
gallant,Gallant,8,8
gloom,Gloom,8,8
gossip,Gossip,8,8
grade,Grade,8,8
graft,Graft,8,8
grant,Grant,8,8
grasp,Grasp,8,8
grass,Grass,8,8
greet,Greet,8,8
grip,Grip,8,8
grit,Grit,8,8
hair,Hair,8,8
hall,Hall,8,8
haunt,Haunt,8,8
hawk,Hawk,8,8
hazard,Hazard,8,8
hear,Hear,8,8
hedge,Hedge,8,8
helm,Helm,8,8
herd,Herd,8,8
hip,Hip,8,8
hog,Hog,8,8
honorable,Honorable,8,8
huff,Huff,8,8
husband,Husband,8,8
hutch,Hutch,8,8
illuminati,Illuminati,8,8
image,Image,8,8
improve,Improve,8,8
inferior,Inferior,8,8
innocent,Innocent,8,8
institution,Institution,8,8
invest,Invest,8,8
involve,Involve,8,8
jade,Jade,8,8
jerk,Jerk,8,8
jet,Jet,8,8
jigger,Jigger,8,8
journal,Journal,8,8
judgment,Judgment,8,8
just,Just,8,8
keen,Keen,8,8
king,King,8,8
kit,Kit,8,8
know,Know,8,8
knuckle,Knuckle,8,8
labial,Labial,8,8
lance,Lance,8,8
late,Late,8,8
launch,Launch,8,8
levigate,Levigate,8,8
libel,Libel,8,8
liberal,Liberal,8,8
limit,Limit,8,8
liquid,Liquid,8,8
loss,Loss,8,8
lost,Lost,8,8
lot,Lot,8,8
lumber,Lumber,8,8
lustre,Lustre,8,8
major,Major,8,8
male,Male,8,8
market,Market,8,8
melancholy,Melancholy,8,8
member,Member,8,8
mess,Mess,8,8
mew,Mew,8,8
milk,Milk,8,8
minim,Minim,8,8
minister,Minister,8,8
mission,Mission,8,8
mistake,Mistake,8,8
mistress,Mistress,8,8
mole,Mole,8,8
moot,Moot,8,8
mortal,Mortal,8,8
muster,Muster,8,8
nerve,Nerve,8,8
nest,Nest,8,8
net,Net,8,8
neuter,Neuter,8,8
nod,Nod,8,8
normal,Normal,8,8
nose,Nose,8,8
notice,Notice,8,8
nourish,Nourish,8,8
nucleus,Nucleus,8,8
obscure,Obscure,8,8
occupy,Occupy,8,8
only,Only,8,8
oracle,Oracle,8,8
orient,Orient,8,8
packing,Packing,8,8
pane,Pane,8,8
pant,Pant,8,8
paragon,Paragon,8,8
parcel,Parcel,8,8
pardon,Pardon,8,8
passion,Passion,8,8
patient,Patient,8,8
patter,Patter,8,8
peep,Peep,8,8
peg,Peg,8,8
pelt,Pelt,8,8
perpetuity,Perpetuity,8,8
pike,Pike,8,8
plight,Plight,8,8
poach,Poach,8,8
polish,Polish,8,8
portage,Portage,8,8
preach,Preach,8,8
proceed,Proceed,8,8
project,Project,8,8
proper,Proper,8,8
property,Property,8,8
prose,Prose,8,8
prospect,Prospect,8,8
prostrate,Prostrate,8,8
protest,Protest,8,8
provide,Provide,8,8
quail,Quail,8,8
quartering,Quartering,8,8
quiz,Quiz,8,8
radiant,Radiant,8,8
radiate,Radiate,8,8
real,Real,8,8
reckoning,Reckoning,8,8
reduction,Reduction,8,8
refuse,Refuse,8,8
regular,Regular,8,8
relief,Relief,8,8
relish,Relish,8,8
remote,Remote,8,8
repair,Repair,8,8
repent,Repent,8,8
represent,Represent,8,8
representation,Representation,8,8
reservation,Reservation,8,8
resolution,Resolution,8,8
resound,Resound,8,8
respite,Respite,8,8
respond,Respond,8,8
restore,Restore,8,8
retreat,Retreat,8,8
revert,Revert,8,8
revive,Revive,8,8
rhyme,Rhyme,8,8
ridge,Ridge,8,8
riding,Riding,8,8
rigor,Rigor,8,8
rip,Rip,8,8
rogue,Rogue,8,8
row,Row,8,8
royalty,Royalty,8,8
rue,Rue,8,8
sad,Sad,8,8
sap,Sap,8,8
saving,Saving,8,8
scab,Scab,8,8
scalp,Scalp,8,8
scantling,Scantling,8,8
scarf,Scarf,8,8
scene,Scene,8,8
scraper,Scraper,8,8
scrub,Scrub,8,8
scud,Scud,8,8
scull,Scull,8,8
secret,Secret,8,8
secular,Secular,8,8
secure,Secure,8,8
security,Security,8,8
sequence,Sequence,8,8
shame,Shame,8,8
shearing,Shearing,8,8
shears,Shears,8,8
shower,Shower,8,8
shunt,Shunt,8,8
sigh,Sigh,8,8
sinus,Sinus,8,8
sitting,Sitting,8,8
skew,Skew,8,8
skill,Skill,8,8
skim,Skim,8,8
skirt,Skirt,8,8
slack,Slack,8,8
sleep,Sleep,8,8
slough,Slough,8,8
soak,Soak,8,8
solution,Solution,8,8
sovereign,Sovereign,8,8
sparkle,Sparkle,8,8
spat,Spat,8,8
spawn,Spawn,8,8
spear,Spear,8,8
spire,Spire,8,8
splint,Splint,8,8
springer,Springer,8,8
sprinkle,Sprinkle,8,8
stack,Stack,8,8
starve,Starve,8,8
steal,Steal,8,8
steer,Steer,8,8
stern,Stern,8,8
stiff,Stiff,8,8
stomach,Stomach,8,8
store,Store,8,8
storm,Storm,8,8
stumble,Stumble,8,8
subdue,Subdue,8,8
sum,Sum,8,8
surprise,Surprise,8,8
survey,Survey,8,8
suspend,Suspend,8,8
suture,Suture,8,8
tan,Tan,8,8
tassel,Tassel,8,8
team,Team,8,8
temple,Temple,8,8
tenth,Tenth,8,8
thing,Thing,8,8
thread,Thread,8,8
thunder,Thunder,8,8
tincture,Tincture,8,8
toe,Toe,8,8
tower,Tower,8,8
town,Town,8,8
toy,Toy,8,8
trash,Trash,8,8
treble,Treble,8,8
tree,Tree,8,8
trespass,Trespass,8,8
truth,Truth,8,8
tub,Tub,8,8
tun,Tun,8,8
tutor,Tutor,8,8
twitter,Twitter,8,8
union,Union,8,8
upset,Upset,8,8
urge,Urge,8,8
utter,Utter,8,8
venture,Venture,8,8
vibrate,Vibrate,8,8
virgin,Virgin,8,8
virtue,Virtue,8,8
volley,Volley,8,8
vouch,Vouch,8,8
waft,Waft,8,8
west,West,8,8
whirl,Whirl,8,8
winged,Winged,8,8
wire,Wire,8,8
with,With,8,8
wolf,Wolf,8,8
wood,Wood,8,8
wrench,Wrench,8,8
wring,Wring,8,8
zone,Zone,8,8
abide,Abide,7,7
above,Above,7,7
abstraction,Abstraction,7,7
accept,Accept,7,7
acceptance,Acceptance,7,7
accident,Accident,7,7
accommodation,Accommodation,7,7
adultery,Adultery,7,7
affirmative,Affirmative,7,7
again,Again,7,7
all,All,7,7
alternative,Alternative,7,7
analysis,Analysis,7,7
anchorage,Anchorage,7,7
angel,Angel,7,7
apparel,Apparel,7,7
appearance,Appearance,7,7
appoint,Appoint,7,7
apprehend,Apprehend,7,7
area,Area,7,7
arrive,Arrive,7,7
assurance,Assurance,7,7
attendant,Attendant,7,7
backwards,Backwards,7,7
baggage,Baggage,7,7
bald,Bald,7,7
bang,Bang,7,7
bark,Bark,7,7
barrel,Barrel,7,7
basin,Basin,7,7
bat,Bat,7,7
battle,Battle,7,7
beg,Beg,7,7
being,Being,7,7
belly,Belly,7,7
benefit,Benefit,7,7
berth,Berth,7,7
betray,Betray,7,7
between,Between,7,7
bicker,Bicker,7,7
bilge,Bilge,7,7
blessed,Blessed,7,7
blush,Blush,7,7
borrow,Borrow,7,7
bouge,Bouge,7,7
bracket,Bracket,7,7
brag,Brag,7,7
brass,Brass,7,7
brew,Brew,7,7
bristle,Bristle,7,7
bullhead,Bullhead,7,7
business,Business,7,7
caisson,Caisson,7,7
cake,Cake,7,7
calk,Calk,7,7
can,Can,7,7
canary,Canary,7,7
candy,Candy,7,7
canton,Canton,7,7
canvass,Canvass,7,7
capsule,Capsule,7,7
car,Car,7,7
cart,Cart,7,7
cat,Cat,7,7
censure,Censure,7,7
chaff,Chaff,7,7
chair,Chair,7,7
charter,Charter,7,7
cheek,Cheek,7,7
cherry,Cherry,7,7
chestnut,Chestnut,7,7
child,Child,7,7
chock,Chock,7,7
chord,Chord,7,7
christian,Christian,7,7
circular,Circular,7,7
clack,Clack,7,7
clamor,Clamor,7,7
cleft,Cleft,7,7
clock,Clock,7,7
coach,Coach,7,7
cognizance,Cognizance,7,7
coil,Coil,7,7
coin,Coin,7,7
collateral,Collateral,7,7
commit,Commit,7,7
communication,Communication,7,7
compact,Compact,7,7
companion,Companion,7,7
comparative,Comparative,7,7
comparison,Comparison,7,7
compose,Compose,7,7
conception,Conception,7,7
concern,Concern,7,7
concerning,Concerning,7,7
concord,Concord,7,7
concurrent,Concurrent,7,7
congress,Congress,7,7
consideration,Consideration,7,7
consign,Consign,7,7
continue,Continue,7,7
convict,Convict,7,7
cook,Cook,7,7
cord,Cord,7,7
cotton,Cotton,7,7
cove,Cove,7,7
coy,Coy,7,7
cracker,Cracker,7,7
crossing,Crossing,7,7
crow,Crow,7,7
current,Current,7,7
cusp,Cusp,7,7
dainty,Dainty,7,7
damp,Damp,7,7
deadly,Deadly,7,7
debate,Debate,7,7
declination,Declination,7,7
decree,Decree,7,7
defeat,Defeat,7,7
defence,Defence,7,7
demean,Demean,7,7
demur,Demur,7,7
depress,Depress,7,7
derivative,Derivative,7,7
desert,Desert,7,7
desolate,Desolate,7,7
develop,Develop,7,7
device,Device,7,7
diamond,Diamond,7,7
diaper,Diaper,7,7
diet,Diet,7,7
differential,Differential,7,7
dike,Dike,7,7
disgrace,Disgrace,7,7
disguise,Disguise,7,7
disorder,Disorder,7,7
dispute,Dispute,7,7
distaste,Distaste,7,7
distill,Distill,7,7
distinguish,Distinguish,7,7
distraction,Distraction,7,7
distribute,Distribute,7,7
diurnal,Diurnal,7,7
domestic,Domestic,7,7
domino,Domino,7,7
drawer,Drawer,7,7
drone,Drone,7,7
duty,Duty,7,7
earnest,Earnest,7,7
ebb,Ebb,7,7
echo,Echo,7,7
effuse,Effuse,7,7
elder,Elder,7,7
election,Election,7,7
elevation,Elevation,7,7
engine,Engine,7,7
english,English,7,7
ensign,Ensign,7,7
entail,Entail,7,7
entreat,Entreat,7,7
entry,Entry,7,7
equivalent,Equivalent,7,7
escheat,Escheat,7,7
essence,Essence,7,7
eternal,Eternal,7,7
evil,Evil,7,7
exempt,Exempt,7,7
expansion,Expansion,7,7
explode,Explode,7,7
extend,Extend,7,7
external,External,7,7
fabric,Fabric,7,7
facing,Facing,7,7
falter,Falter,7,7
family,Family,7,7
fawn,Fawn,7,7
feast,Feast,7,7
fellowship,Fellowship,7,7
felt,Felt,7,7
fig,Fig,7,7
firm,Firm,7,7
flame,Flame,7,7
flatter,Flatter,7,7
flight,Flight,7,7
fluxion,Fluxion,7,7
flyer,Flyer,7,7
forbear,Forbear,7,7
forbid,Forbid,7,7
fore,Fore,7,7
former,Former,7,7
fray,Fray,7,7
freedom,Freedom,7,7
frost,Frost,7,7
froth,Froth,7,7
fruit,Fruit,7,7
fry,Fry,7,7
fusee,Fusee,7,7
gad,Gad,7,7
gage,Gage,7,7
gammon,Gammon,7,7
gape,Gape,7,7
garland,Garland,7,7
gathering,Gathering,7,7
generation,Generation,7,7
gest,Gest,7,7
glean,Glean,7,7
glory,Glory,7,7
goggle,Goggle,7,7
gore,Gore,7,7
gorget,Gorget,7,7
gospel,Gospel,7,7
government,Government,7,7
groin,Groin,7,7
grub,Grub,7,7
guess,Guess,7,7
gum,Gum,7,7
habit,Habit,7,7
hackney,Hackney,7,7
hanger,Hanger,7,7
hanging,Hanging,7,7
harbor,Harbor,7,7
haw,Haw,7,7
heading,Heading,7,7
heal,Heal,7,7
height,Height,7,7
hell,Hell,7,7
helmet,Helmet,7,7
here,Here,7,7
hobble,Hobble,7,7
hot,Hot,7,7
hound,Hound,7,7
hub,Hub,7,7
humor,Humor,7,7
ice,Ice,7,7
idea,Idea,7,7
idle,Idle,7,7
ill,Ill,7,7
illuminate,Illuminate,7,7
import,Import,7,7
incense,Incense,7,7
inch,Inch,7,7
incident,Incident,7,7
incline,Incline,7,7
inclinnation,Inclinnation,7,7
index,Index,7,7
indicator,Indicator,7,7
inflection,Inflection,7,7
initiate,Initiate,7,7
inn,Inn,7,7
inspire,Inspire,7,7
instance,Instance,7,7
interpose,Interpose,7,7
intrigue,Intrigue,7,7
invert,Invert,7,7
involution,Involution,7,7
ionic,Ionic,7,7
jam,Jam,7,7
join,Join,7,7
joy,Joy,7,7
jug,Jug,7,7
justify,Justify,7,7
kick,Kick,7,7
knight,Knight,7,7
knowledge,Knowledge,7,7
labyrinth,Labyrinth,7,7
lack,Lack,7,7
lade,Lade,7,7
lard,Lard,7,7
latch,Latch,7,7
latin,Latin,7,7
lecture,Lecture,7,7
length,Length,7,7
lick,Lick,7,7
limitation,Limitation,7,7
lisp,Lisp,7,7
lively,Lively,7,7
loop,Loop,7,7
lop,Lop,7,7
lust,Lust,7,7
lute,Lute,7,7
mace,Mace,7,7
machine,Machine,7,7
manage,Manage,7,7
manner,Manner,7,7
margin,Margin,7,7
marry,Marry,7,7
masquerade,Masquerade,7,7
matrix,Matrix,7,7
mature,Mature,7,7
mediate,Mediate,7,7
medium,Medium,7,7
mellow,Mellow,7,7
melt,Melt,7,7
memorial,Memorial,7,7
mercurial,Mercurial,7,7
mercury,Mercury,7,7
mingle,Mingle,7,7
mock,Mock,7,7
mode,Mode,7,7
monkey,Monkey,7,7
moor,Moor,7,7
mortification,Mortification,7,7
mortify,Mortify,7,7
muck,Muck,7,7
muddle,Muddle,7,7
muddy,Muddy,7,7
muff,Muff,7,7
mummy,Mummy,7,7
mump,Mump,7,7
musk,Musk,7,7
naked,Naked,7,7
nasal,Nasal,7,7
neat,Neat,7,7
need,Need,7,7
neighbor,Neighbor,7,7
nice,Nice,7,7
noble,Noble,7,7
nog,Nog,7,7
noise,Noise,7,7
nursery,Nursery,7,7
o,O,7,7
observation,Observation,7,7
operate,Operate,7,7
operculum,Operculum,7,7
oppose,Oppose,7,7
opposite,Opposite,7,7
orderly,Orderly,7,7
outside,Outside,7,7
overcharge,Overcharge,7,7
overflow,Overflow,7,7
overhang,Overhang,7,7
overreach,Overreach,7,7
overset,Overset,7,7
pain,Pain,7,7
parget,Parget,7,7
parietal,Parietal,7,7
park,Park,7,7
partition,Partition,7,7
paste,Paste,7,7
pavilion,Pavilion,7,7
pectoral,Pectoral,7,7
peel,Peel,7,7
peer,Peer,7,7
pencil,Pencil,7,7
personal,Personal,7,7
perspective,Perspective,7,7
phrase,Phrase,7,7
pickle,Pickle,7,7
pig,Pig,7,7
pill,Pill,7,7
pilot,Pilot,7,7
placard,Placard,7,7
plank,Plank,7,7
plash,Plash,7,7
platform,Platform,7,7
plead,Plead,7,7
plumb,Plumb,7,7
pointing,Pointing,7,7
police,Police,7,7
portal,Portal,7,7
portion,Portion,7,7
pose,Pose,7,7
potter,Potter,7,7
pour,Pour,7,7
powder,Powder,7,7
premise,Premise,7,7
preparation,Preparation,7,7
preserve,Preserve,7,7
pretend,Pretend,7,7
pricking,Pricking,7,7
principle,Principle,7,7
procession,Procession,7,7
procure,Procure,7,7
profound,Profound,7,7
pronounce,Pronounce,7,7
propose,Propose,7,7
proposition,Proposition,7,7
protocol,Protocol,7,7
proverb,Proverb,7,7
provision,Provision,7,7
puddle,Puddle,7,7
pulp,Pulp,7,7
puzzle,Puzzle,7,7
quack,Quack,7,7
qualify,Qualify,7,7
quantity,Quantity,7,7
quarry,Quarry,7,7
rase,Rase,7,7
rather,Rather,7,7
raven,Raven,7,7
reader,Reader,7,7
reciprocal,Reciprocal,7,7
recognize,Recognize,7,7
recoil,Recoil,7,7
recruit,Recruit,7,7
red,Red,7,7
redeem,Redeem,7,7
redress,Redress,7,7
refer,Refer,7,7
reflex,Reflex,7,7
relation,Relation,7,7
relative,Relative,7,7
relieve,Relieve,7,7
remain,Remain,7,7
rendering,Rendering,7,7
resent,Resent,7,7
resort,Resort,7,7
retainer,Retainer,7,7
reverberate,Reverberate,7,7
revoke,Revoke,7,7
revolt,Revolt,7,7
revolution,Revolution,7,7
rhachis,Rhachis,7,7
rid,Rid,7,7
riddle,Riddle,7,7
rising,Rising,7,7
roach,Roach,7,7
rocker,Rocker,7,7
rod,Rod,7,7
romance,Romance,7,7
room,Room,7,7
rot,Rot,7,7
ruin,Ruin,7,7
rumble,Rumble,7,7
rupture,Rupture,7,7
rusty,Rusty,7,7
safe,Safe,7,7
salute,Salute,7,7
salve,Salve,7,7
savage,Savage,7,7
saxon,Saxon,7,7
scald,Scald,7,7
scant,Scant,7,7
scent,Scent,7,7
scotch,Scotch,7,7
searcher,Searcher,7,7
seesaw,Seesaw,7,7
segment,Segment,7,7
seize,Seize,7,7
seminary,Seminary,7,7
send,Send,7,7
separate,Separate,7,7
serpent,Serpent,7,7
setter,Setter,7,7
several,Several,7,7
sew,Sew,7,7
shallow,Shallow,7,7
sham,Sham,7,7
shelter,Shelter,7,7
shoal,Shoal,7,7
shore,Shore,7,7
shy,Shy,7,7
sicken,Sicken,7,7
sill,Sill,7,7
sin,Sin,7,7
siren,Siren,7,7
skid,Skid,7,7
skipper,Skipper,7,7
slash,Slash,7,7
slave,Slave,7,7
slink,Slink,7,7
slippery,Slippery,7,7
slope,Slope,7,7
sluice,Sluice,7,7
slush,Slush,7,7
smother,Smother,7,7
snarl,Snarl,7,7
snatch,Snatch,7,7
sneer,Sneer,7,7
snick,Snick,7,7
sober,Sober,7,7
soldier,Soldier,7,7
solemn,Solemn,7,7
solitary,Solitary,7,7
some,Some,7,7
spark,Spark,7,7
special,Special,7,7
speech,Speech,7,7
spleen,Spleen,7,7
spoke,Spoke,7,7
spruce,Spruce,7,7
spurn,Spurn,7,7
squab,Squab,7,7
squire,Squire,7,7
stab,Stab,7,7
stable,Stable,7,7
stark,Stark,7,7
stound,Stound,7,7
stranger,Stranger,7,7
stray,Stray,7,7
streak,Streak,7,7
stress,Stress,7,7
strut,Strut,7,7
submit,Submit,7,7
suffer,Suffer,7,7
suffrage,Suffrage,7,7
surety,Surety,7,7
surfeit,Surfeit,7,7
surge,Surge,7,7
swap,Swap,7,7
swear,Swear,7,7
swig,Swig,7,7
symbol,Symbol,7,7
sympathy,Sympathy,7,7
tabby,Tabby,7,7
tackle,Tackle,7,7
tarry,Tarry,7,7
telltale,Telltale,7,7
tend,Tend,7,7
tension,Tension,7,7
termination,Termination,7,7
tertiary,Tertiary,7,7
testimony,Testimony,7,7
thought,Thought,7,7
throng,Throng,7,7
throttle,Throttle,7,7
tickle,Tickle,7,7
tidy,Tidy,7,7
tierce,Tierce,7,7
ton,Ton,7,7
tool,Tool,7,7
topping,Topping,7,7
torment,Torment,7,7
torture,Torture,7,7
transit,Transit,7,7
transport,Transport,7,7
trial,Trial,7,7
trill,Trill,7,7
troop,Troop,7,7
trouble,Trouble,7,7
tumbler,Tumbler,7,7
tunnel,Tunnel,7,7
turning,Turning,7,7
umbilicus,Umbilicus,7,7
under,Under,7,7
understand,Understand,7,7
underwork,Underwork,7,7
universal,Universal,7,7
upcast,Upcast,7,7
vail,Vail,7,7
valve,Valve,7,7
veil,Veil,7,7
vital,Vital,7,7
vocal,Vocal,7,7
waive,Waive,7,7
wale,Wale,7,7
ware,Ware,7,7
weary,Weary,7,7
wed,Wed,7,7
while,While,7,7
whistler,Whistler,7,7
wish,Wish,7,7
wit,Wit,7,7
witch,Witch,7,7
worth,Worth,7,7
wound,Wound,7,7
wrest,Wrest,7,7
wrinkle,Wrinkle,7,7
writing,Writing,7,7
wry,Wry,7,7
yawn,Yawn,7,7
yet,Yet,7,7
abandon,Abandon,6,6
aberration,Aberration,6,6
able,Able,6,6
abrupt,Abrupt,6,6
absolution,Absolution,6,6
access,Access,6,6
accession,Accession,6,6
accommodate,Accommodate,6,6
accretion,Accretion,6,6
acephalous,Acephalous,6,6
acetabulum,Acetabulum,6,6
acquit,Acquit,6,6
acute,Acute,6,6
addition,Addition,6,6
addle,Addle,6,6
adhesion,Adhesion,6,6
adjective,Adjective,6,6
adjunct,Adjunct,6,6
admission,Admission,6,6
affected,Affected,6,6
affinity,Affinity,6,6
affray,Affray,6,6
affront,Affront,6,6
aid,Aid,6,6
alive,Alive,6,6
allay,Allay,6,6
alley,Alley,6,6
ally,Ally,6,6
altitude,Altitude,6,6
ambuscade,Ambuscade,6,6
ambush,Ambush,6,6
amount,Amount,6,6
angry,Angry,6,6
annual,Annual,6,6
antiquity,Antiquity,6,6
appall,Appall,6,6
appear,Appear,6,6
appellant,Appellant,6,6
apprehension,Apprehension,6,6
appropriate,Appropriate,6,6
approve,Approve,6,6
argentine,Argentine,6,6
argue,Argue,6,6
arrangement,Arrangement,6,6
assimilate,Assimilate,6,6
assoil,Assoil,6,6
assume,Assume,6,6
assumption,Assumption,6,6
atmosphere,Atmosphere,6,6
atom,Atom,6,6
atonic,Atonic,6,6
attempt,Attempt,6,6
audit,Audit,6,6
augmentation,Augmentation,6,6
authentic,Authentic,6,6
author,Author,6,6
away,Away,6,6
azure,Azure,6,6
bacchanal,Bacchanal,6,6
bachelor,Bachelor,6,6
baffle,Baffle,6,6
bake,Bake,6,6
banker,Banker,6,6
bard,Bard,6,6
bargain,Bargain,6,6
baritone,Baritone,6,6
barren,Barren,6,6
batten,Batten,6,6
beacon,Beacon,6,6
bearer,Bearer,6,6
beast,Beast,6,6
beaten,Beaten,6,6
beetle,Beetle,6,6
beggar,Beggar,6,6
belch,Belch,6,6
belong,Belong,6,6
bergamot,Bergamot,6,6
berry,Berry,6,6
bespeak,Bespeak,6,6
bestow,Bestow,6,6
bevel,Bevel,6,6
birch,Birch,6,6
bird,Bird,6,6
birth,Birth,6,6
black book,Black book,6,6
blackguard,Blackguard,6,6
bladder,Bladder,6,6
blanket,Blanket,6,6
blench,Blench,6,6
blessing,Blessing,6,6
blister,Blister,6,6
bloat,Bloat,6,6
bloody,Bloody,6,6
blower,Blower,6,6
blown,Blown,6,6
blubber,Blubber,6,6
blunder,Blunder,6,6
blur,Blur,6,6
boat,Boat,6,6
bodkin,Bodkin,6,6
boon,Boon,6,6
botch,Botch,6,6
boxing,Boxing,6,6
brain,Brain,6,6
brash,Brash,6,6
bray,Bray,6,6
breeding,Breeding,6,6
breeze,Breeze,6,6
brick,Brick,6,6
brim,Brim,6,6
bronze,Bronze,6,6
brow,Brow,6,6
brown,Brown,6,6
bud,Bud,6,6
buffalo,Buffalo,6,6
bugle,Bugle,6,6
build,Build,6,6
bulk,Bulk,6,6
bully,Bully,6,6
burlesque,Burlesque,6,6
burrow,Burrow,6,6
busy,Busy,6,6
cabbage,Cabbage,6,6
cable,Cable,6,6
calf,Calf,6,6
candied,Candied,6,6
canter,Canter,6,6
canvas,Canvas,6,6
capitular,Capitular,6,6
captive,Captive,6,6
carp,Carp,6,6
cash,Cash,6,6
casting,Casting,6,6
castor,Castor,6,6
chaffer,Chaffer,6,6
charity,Charity,6,6
chat,Chat,6,6
chatter,Chatter,6,6
checker,Checker,6,6
chief,Chief,6,6
chine,Chine,6,6
chit,Chit,6,6
cite,Cite,6,6
citizen,Citizen,6,6
civil,Civil,6,6
clatter,Clatter,6,6
cleanly,Cleanly,6,6
cleave,Cleave,6,6
cloudy,Cloudy,6,6
clove,Clove,6,6
clue,Clue,6,6
coal,Coal,6,6
cobble,Cobble,6,6
coffin,Coffin,6,6
collect,Collect,6,6
collective,Collective,6,6
colored,Colored,6,6
colt,Colt,6,6
comfortable,Comfortable,6,6
commend,Commend,6,6
commerce,Commerce,6,6
commode,Commode,6,6
commoner,Commoner,6,6
commune,Commune,6,6
compel,Compel,6,6
concert,Concert,6,6
condemn,Condemn,6,6
condense,Condense,6,6
condenser,Condenser,6,6
confederate,Confederate,6,6
conference,Conference,6,6
confluent,Confluent,6,6
conglomerate,Conglomerate,6,6
conjugation,Conjugation,6,6
conservative,Conservative,6,6
consider,Consider,6,6
consistory,Consistory,6,6
constant,Constant,6,6
constituent,Constituent,6,6
constitution,Constitution,6,6
constitutional,Constitutional,6,6
constrain,Constrain,6,6
contest,Contest,6,6
continent,Continent,6,6
contraband,Contraband,6,6
contraction,Contraction,6,6
contrast,Contrast,6,6
convent,Convent,6,6
convoy,Convoy,6,6
corded,Corded,6,6
cordial,Cordial,6,6
corinthian,Corinthian,6,6
coronal,Coronal,6,6
courtesy,Courtesy,6,6
craft,Craft,6,6
crash,Crash,6,6
crawl,Crawl,6,6
crew,Crew,6,6
critic,Critic,6,6
critical,Critical,6,6
crock,Crock,6,6
croon,Croon,6,6
crude,Crude,6,6
crystal,Crystal,6,6
crystalline,Crystalline,6,6
cub,Cub,6,6
cuff,Cuff,6,6
cunning,Cunning,6,6
curia,Curia,6,6
curry,Curry,6,6
curse,Curse,6,6
cutting,Cutting,6,6
dab,Dab,6,6
dam,Dam,6,6
danger,Danger,6,6
darken,Darken,6,6
deaf,Deaf,6,6
decay,Decay,6,6
declare,Declare,6,6
declension,Declension,6,6
degradation,Degradation,6,6
dejection,Dejection,6,6
delegate,Delegate,6,6
deliverance,Deliverance,6,6
delivery,Delivery,6,6
demerit,Demerit,6,6
demise,Demise,6,6
demonstration,Demonstration,6,6
department,Department,6,6
departure,Departure,6,6
depend,Depend,6,6
depose,Depose,6,6
deposition,Deposition,6,6
depth,Depth,6,6
descant,Descant,6,6
dichotomy,Dichotomy,6,6
dignity,Dignity,6,6
ding,Ding,6,6
dipping,Dipping,6,6
direction,Direction,6,6
dirty,Dirty,6,6
discover,Discover,6,6
discuss,Discuss,6,6
disdain,Disdain,6,6
disjoint,Disjoint,6,6
dismount,Dismount,6,6
dispart,Dispart,6,6
disposition,Disposition,6,6
dissent,Dissent,6,6
distinct,Distinct,6,6
distract,Distract,6,6
distribution,Distribution,6,6
ditch,Ditch,6,6
divan,Divan,6,6
dive,Dive,6,6
divinity,Divinity,6,6
dodge,Dodge,6,6
dolly,Dolly,6,6
dose,Dose,6,6
dot,Dot,6,6
dote,Dote,6,6
draft,Draft,6,6
drawing,Drawing,6,6
drib,Drib,6,6
drivel,Drivel,6,6
droll,Droll,6,6
drummer,Drummer,6,6
dun,Dun,6,6
duplicate,Duplicate,6,6
earing,Earing,6,6
earn,Earn,6,6
east,East,6,6
eat,Eat,6,6
economical,Economical,6,6
elbow,Elbow,6,6
elevator,Elevator,6,6
emboss,Emboss,6,6
enlarge,Enlarge,6,6
enough,Enough,6,6
envelop,Envelop,6,6
erratic,Erratic,6,6
essential,Essential,6,6
evacuate,Evacuate,6,6
evaporate,Evaporate,6,6
exalt,Exalt,6,6
example,Example,6,6
expiration,Expiration,6,6
expression,Expression,6,6
extension,Extension,6,6
fable,Fable,6,6
faculty,Faculty,6,6
fag,Fag,6,6
fagot,Fagot,6,6
failure,Failure,6,6
fairy,Fairy,6,6
fake,Fake,6,6
fallow,Fallow,6,6
farce,Farce,6,6
fee,Fee,6,6
fencing,Fencing,6,6
ferment,Ferment,6,6
fiddle,Fiddle,6,6
fifteenth,Fifteenth,6,6
flaw,Flaw,6,6
fleece,Fleece,6,6
flit,Flit,6,6
floating,Floating,6,6
flood,Flood,6,6
fluke,Fluke,6,6
foliated,Foliated,6,6
foliation,Foliation,6,6
folio,Folio,6,6
follower,Follower,6,6
formation,Formation,6,6
forth,Forth,6,6
foster,Foster,6,6
found,Found,6,6
fourchette,Fourchette,6,6
frail,Frail,6,6
freeze,Freeze,6,6
freight,Freight,6,6
frequent,Frequent,6,6
friend,Friend,6,6
frog,Frog,6,6
fulcrum,Fulcrum,6,6
fulminate,Fulminate,6,6
function,Function,6,6
fury,Fury,6,6
gallery,Gallery,6,6
gang,Gang,6,6
garb,Garb,6,6
gem,Gem,6,6
gemmule,Gemmule,6,6
german,German,6,6
ghost,Ghost,6,6
giddy,Giddy,6,6
gift,Gift,6,6
gilt,Gilt,6,6
gland,Gland,6,6
gleam,Gleam,6,6
globe,Globe,6,6
god,God,6,6
gouge,Gouge,6,6
gradation,Gradation,6,6
gradient,Gradient,6,6
grapple,Grapple,6,6
grating,Grating,6,6
gravel,Gravel,6,6
grease,Grease,6,6
greasy,Greasy,6,6
grow,Grow,6,6
grudge,Grudge,6,6
grumble,Grumble,6,6
gudgeon,Gudgeon,6,6
gust,Gust,6,6
gut,Gut,6,6
gutter,Gutter,6,6
gypsy,Gypsy,6,6
hackle,Hackle,6,6
haggard,Haggard,6,6
half,Half,6,6
halloo,Halloo,6,6
hank,Hank,6,6
hardhead,Hardhead,6,6
hardly,Hardly,6,6
hardy,Hardy,6,6
harness,Harness,6,6
harp,Harp,6,6
harrow,Harrow,6,6
harsh,Harsh,6,6
hasty,Hasty,6,6
header,Header,6,6
heap,Heap,6,6
hearse,Hearse,6,6
heathen,Heathen,6,6
heck,Heck,6,6
heft,Heft,6,6
herald,Herald,6,6
hew,Hew,6,6
hight,Hight,6,6
hinge,Hinge,6,6
hire,Hire,6,6
hive,Hive,6,6
hoary,Hoary,6,6
hoist,Hoist,6,6
hole,Hole,6,6
hooded,Hooded,6,6
horizon,Horizon,6,6
host,Host,6,6
hough,Hough,6,6
how,How,6,6
howl,Howl,6,6
hug,Hug,6,6
humanitarian,Humanitarian,6,6
hunter,Hunter,6,6
hurt,Hurt,6,6
ideal,Ideal,6,6
illumination,Illumination,6,6
illustrate,Illustrate,6,6
immovable,Immovable,6,6
imp,Imp,6,6
impose,Impose,6,6
imposition,Imposition,6,6
impregnate,Impregnate,6,6
improvement,Improvement,6,6
impure,Impure,6,6
incapable,Incapable,6,6
indented,Indented,6,6
indifferent,Indifferent,6,6
induce,Induce,6,6
induction,Induction,6,6
inequality,Inequality,6,6
infant,Infant,6,6
infection,Infection,6,6
inflame,Inflame,6,6
inform,Inform,6,6
infuse,Infuse,6,6
ingrain,Ingrain,6,6
inheritance,Inheritance,6,6
injection,Injection,6,6
inoculate,Inoculate,6,6
insect,Insect,6,6
inside,Inside,6,6
insinuate,Insinuate,6,6
instant,Instant,6,6
insult,Insult,6,6
integral,Integral,6,6
intelligence,Intelligence,6,6
interchange,Interchange,6,6
internal,Internal,6,6
intervene,Intervene,6,6
intestine,Intestine,6,6
intimate,Intimate,6,6
into,Into,6,6
introduce,Introduce,6,6
invalid,Invalid,6,6
invention,Invention,6,6
inward,Inward,6,6
irradiate,Irradiate,6,6
irritate,Irritate,6,6
it,It,6,6
itch,Itch,6,6
jacket,Jacket,6,6
jag,Jag,6,6
jangle,Jangle,6,6
jest,Jest,6,6
jingle,Jingle,6,6
jockey,Jockey,6,6
jog,Jog,6,6
jointer,Jointer,6,6
juggle,Juggle,6,6
junior,Junior,6,6
justice,Justice,6,6
keeper,Keeper,6,6
kennel,Kennel,6,6
kill,Kill,6,6
kiss,Kiss,6,6
knee,Knee,6,6
knock,Knock,6,6
knotted,Knotted,6,6
ladle,Ladle,6,6
lasting,Lasting,6,6
latitude,Latitude,6,6
latitudinarian,Latitudinarian,6,6
laver,Laver,6,6
laving,Laving,6,6
lease,Lease,6,6
leech,Leech,6,6
legitimate,Legitimate,6,6
less,Less,6,6
lesson,Lesson,6,6
libertine,Libertine,6,6
lief,Lief,6,6
likely,Likely,6,6
limber,Limber,6,6
liner,Liner,6,6
living,Living,6,6
lobby,Lobby,6,6
location,Location,6,6
lore,Lore,6,6
lowly,Lowly,6,6
lump,Lump,6,6
lunar,Lunar,6,6
lunette,Lunette,6,6
magistral,Magistral,6,6
magma,Magma,6,6
magnify,Magnify,6,6
majority,Majority,6,6
making,Making,6,6
malign,Malign,6,6
manifest,Manifest,6,6
manifold,Manifold,6,6
marble,Marble,6,6
mart,Mart,6,6
mastery,Mastery,6,6
material,Material,6,6
matting,Matting,6,6
may,May,6,6
meal,Meal,6,6
mechanical,Mechanical,6,6
medley,Medley,6,6
memory,Memory,6,6
mere,Mere,6,6
meridian,Meridian,6,6
merit,Merit,6,6
mete,Mete,6,6
mince,Mince,6,6
miniature,Miniature,6,6
minion,Minion,6,6
mister,Mister,6,6
mitre,Mitre,6,6
mixture,Mixture,6,6
moan,Moan,6,6
mobile,Mobile,6,6
moment,Moment,6,6
monstrous,Monstrous,6,6
moon,Moon,6,6
mop,Mop,6,6
morality,Morality,6,6
mordant,Mordant,6,6
morne,Morne,6,6
mort,Mort,6,6
mote,Mote,6,6
motive,Motive,6,6
movement,Movement,6,6
much,Much,6,6
multiply,Multiply,6,6
music,Music,6,6
muzzle,Muzzle,6,6
mystery,Mystery,6,6
nap,Nap,6,6
nation,Nation,6,6
naturalize,Naturalize,6,6
necessary,Necessary,6,6
needle,Needle,6,6
neglect,Neglect,6,6
negotiate,Negotiate,6,6
nigh,Nigh,6,6
night,Night,6,6
nipper,Nipper,6,6
noddy,Noddy,6,6
north,North,6,6
now,Now,6,6
nuzzle,Nuzzle,6,6
obedience,Obedience,6,6
oblique,Oblique,6,6
occasion,Occasion,6,6
octave,Octave,6,6
offertory,Offertory,6,6
official,Official,6,6
ooze,Ooze,6,6
operation,Operation,6,6
opinion,Opinion,6,6
opposition,Opposition,6,6
orchestra,Orchestra,6,6
organ,Organ,6,6
other,Other,6,6
outline,Outline,6,6
outrage,Outrage,6,6
outward,Outward,6,6
overlay,Overlay,6,6
overthwart,Overthwart,6,6
oxeye,Oxeye,6,6
pap,Pap,6,6
paradise,Paradise,6,6
paragraph,Paragraph,6,6
parasite,Parasite,6,6
partisan,Partisan,6,6
past,Past,6,6
patience,Patience,6,6
patrol,Patrol,6,6
patronage,Patronage,6,6
pawn,Pawn,6,6
peace,Peace,6,6
penny,Penny,6,6
people,People,6,6
pepper,Pepper,6,6
personate,Personate,6,6
persuade,Persuade,6,6
pet,Pet,6,6
philosophy,Philosophy,6,6
physic,Physic,6,6
pie,Pie,6,6
pinner,Pinner,6,6
pintle,Pintle,6,6
pity,Pity,6,6
plagiary,Plagiary,6,6
plaster,Plaster,6,6
pleasure,Pleasure,6,6
plug,Plug,6,6
point-blank,Point-blank,6,6
poison,Poison,6,6
poker,Poker,6,6
pollard,Pollard,6,6
pommel,Pommel,6,6
popular,Popular,6,6
position,Position,6,6
postulate,Postulate,6,6
posture,Posture,6,6
potent,Potent,6,6
poundage,Poundage,6,6
pout,Pout,6,6
praise,Praise,6,6
predicate,Predicate,6,6
prejudice,Prejudice,6,6
prescribe,Prescribe,6,6
presence,Presence,6,6
president,President,6,6
pressure,Pressure,6,6
prest,Prest,6,6
pretty,Pretty,6,6
price,Price,6,6
prill,Prill,6,6
primer,Primer,6,6
privative,Privative,6,6
privy,Privy,6,6
proctor,Proctor,6,6
profane,Profane,6,6
profile,Profile,6,6
prog,Prog,6,6
propagate,Propagate,6,6
propine,Propine,6,6
province,Province,6,6
provincial,Provincial,6,6
pump,Pump,6,6
punt,Punt,6,6
purity,Purity,6,6
purpose,Purpose,6,6
quell,Quell,6,6
quest,Quest,6,6
quirk,Quirk,6,6
quoin,Quoin,6,6
quoit,Quoit,6,6
quote,Quote,6,6
raddle,Raddle,6,6
radius,Radius,6,6
raft,Raft,6,6
ragged,Ragged,6,6
rain,Rain,6,6
rare,Rare,6,6
rave,Rave,6,6
ravel,Ravel,6,6
realize,Realize,6,6
reap,Reap,6,6
recite,Recite,6,6
reckon,Reckon,6,6
rector,Rector,6,6
reflect,Reflect,6,6
regent,Regent,6,6
reign,Reign,6,6
relate,Relate,6,6
relay,Relay,6,6
relent,Relent,6,6
remark,Remark,6,6
remember,Remember,6,6
remembrance,Remembrance,6,6
remission,Remission,6,6
rendezvous,Rendezvous,6,6
renew,Renew,6,6
renounce,Renounce,6,6
repeat,Repeat,6,6
repeater,Repeater,6,6
reprobate,Reprobate,6,6
republican,Republican,6,6
residence,Residence,6,6
resist,Resist,6,6
response,Response,6,6
result,Result,6,6
retention,Retention,6,6
retort,Retort,6,6
retract,Retract,6,6
retrieve,Retrieve,6,6
reversion,Reversion,6,6
revolve,Revolve,6,6
ribbon,Ribbon,6,6
rift,Rift,6,6
rime,Rime,6,6
riot,Riot,6,6
rival,Rival,6,6
rocket,Rocket,6,6
roman,Roman,6,6
rook,Rook,6,6
roost,Roost,6,6
rosette,Rosette,6,6
rote,Rote,6,6
roundabout,Roundabout,6,6
rover,Rover,6,6
rubric,Rubric,6,6
ruby,Ruby,6,6
ruck,Ruck,6,6
rude,Rude,6,6
runaway,Runaway,6,6
rung,Rung,6,6
russet,Russet,6,6
rustic,Rustic,6,6
rut,Rut,6,6
sable,Sable,6,6
sacred,Sacred,6,6
sage,Sage,6,6
salient,Salient,6,6
sally,Sally,6,6
satisfy,Satisfy,6,6
scar,Scar,6,6
scheme,Scheme,6,6
science,Science,6,6
scorn,Scorn,6,6
scorpion,Scorpion,6,6
scowl,Scowl,6,6
scramble,Scramble,6,6
screen,Screen,6,6
scribe,Scribe,6,6
scruple,Scruple,6,6
scuffle,Scuffle,6,6
sea,Sea,6,6
sea crow,Sea crow,6,6
search,Search,6,6
seek,Seek,6,6
seel,Seel,6,6
seguestration,Seguestration,6,6
senate,Senate,6,6
senior,Senior,6,6
sensitive,Sensitive,6,6
sermon,Sermon,6,6
seventh,Seventh,6,6
sever,Sever,6,6
shack,Shack,6,6
shag,Shag,6,6
shark,Shark,6,6
shingle,Shingle,6,6
shipping,Shipping,6,6
shook,Shook,6,6
shove,Shove,6,6
shrink,Shrink,6,6
sick,Sick,6,6
sickly,Sickly,6,6
signal,Signal,6,6
silent,Silent,6,6
silly,Silly,6,6
simplicity,Simplicity,6,6
sip,Sip,6,6
sire,Sire,6,6
sizing,Sizing,6,6
skeleton,Skeleton,6,6
sky,Sky,6,6
slab,Slab,6,6
slabber,Slabber,6,6
slake,Slake,6,6
slang,Slang,6,6
slaver,Slaver,6,6
sledge,Sledge,6,6
sleeve,Sleeve,6,6
slender,Slender,6,6
slime,Slime,6,6
slipper,Slipper,6,6
slit,Slit,6,6
smoky,Smoky,6,6
snag,Snag,6,6
snail,Snail,6,6
snip,Snip,6,6
snout,Snout,6,6
snub,Snub,6,6
snug,Snug,6,6
social,Social,6,6
sol,Sol,6,6
solemnity,Solemnity,6,6
solute,Solute,6,6
son,Son,6,6
song,Song,6,6
sough,Sough,6,6
sounding,Sounding,6,6
spade,Spade,6,6
spice,Spice,6,6
spiritual,Spiritual,6,6
splay,Splay,6,6
spoon,Spoon,6,6
sprout,Sprout,6,6
spy,Spy,6,6
squash,Squash,6,6
squeeze,Squeeze,6,6
squib,Squib,6,6
staddle,Staddle,6,6
stank,Stank,6,6
stare,Stare,6,6
stead,Stead,6,6
steerage,Steerage,6,6
steward,Steward,6,6
stickle,Stickle,6,6
stove,Stove,6,6
straddle,Straddle,6,6
strict,Strict,6,6
struggle,Struggle,6,6
substantive,Substantive,6,6
substitution,Substitution,6,6
succession,Succession,6,6
sufferance,Sufferance,6,6
sugar,Sugar,6,6
sun,Sun,6,6
sunfish,Sunfish,6,6
supple,Supple,6,6
suppose,Suppose,6,6
surcharge,Surcharge,6,6
surd,Surd,6,6
sure,Sure,6,6
surface,Surface,6,6
swab,Swab,6,6
swallowtail,Swallowtail,6,6
swamp,Swamp,6,6
swerve,Swerve,6,6
swill,Swill,6,6
swimming,Swimming,6,6
symbolize,Symbolize,6,6
symmetrical,Symmetrical,6,6
system,System,6,6
tablet,Tablet,6,6
tabular,Tabular,6,6
taking,Taking,6,6
tame,Tame,6,6
tangle,Tangle,6,6
tare,Tare,6,6
tartar,Tartar,6,6
taw,Taw,6,6
teem,Teem,6,6
temperament,Temperament,6,6
tenacious,Tenacious,6,6
tenor,Tenor,6,6
terrace,Terrace,6,6
terrestrial,Terrestrial,6,6
testify,Testify,6,6
text,Text,6,6
texture,Texture,6,6
theme,Theme,6,6
thesis,Thesis,6,6
thicken,Thicken,6,6
thimble,Thimble,6,6
third,Third,6,6
threap,Threap,6,6
throne,Throne,6,6
timekeeper,Timekeeper,6,6
toast,Toast,6,6
tonic,Tonic,6,6
topic,Topic,6,6
tradition,Tradition,6,6
traduce,Traduce,6,6
traduction,Traduction,6,6
traffic,Traffic,6,6
trance,Trance,6,6
transformation,Transformation,6,6
translation,Translation,6,6
transpire,Transpire,6,6
trepan,Trepan,6,6
triangle,Triangle,6,6
tribe,Tribe,6,6
tributary,Tributary,6,6
tripping,Tripping,6,6
trot,Trot,6,6
trumpet,Trumpet,6,6
trumpeter,Trumpeter,6,6
tuft,Tuft,6,6
tumble,Tumble,6,6
turnpike,Turnpike,6,6
turnsole,Turnsole,6,6
tympanum,Tympanum,6,6
unbend,Unbend,6,6
underlay,Underlay,6,6
understanding,Understanding,6,6
unicorn,Unicorn,6,6
unity,Unity,6,6
univocal,Univocal,6,6
unload,Unload,6,6
upbraid,Upbraid,6,6
urchin,Urchin,6,6
urn,Urn,6,6
utterance,Utterance,6,6
vacancy,Vacancy,6,6
vague,Vague,6,6
variable,Variable,6,6
variety,Variety,6,6
vat,Vat,6,6
vegetable,Vegetable,6,6
venereal,Venereal,6,6
venter,Venter,6,6
ventilate,Ventilate,6,6
verbal,Verbal,6,6
vesicle,Vesicle,6,6
vessel,Vessel,6,6
vexillum,Vexillum,6,6
vicious,Vicious,6,6
vindicate,Vindicate,6,6
violent,Violent,6,6
vision,Vision,6,6
visit,Visit,6,6
visitation,Visitation,6,6
volunteer,Volunteer,6,6
wad,Wad,6,6
wade,Wade,6,6
wag,Wag,6,6
wagon,Wagon,6,6
wane,Wane,6,6
warranty,Warranty,6,6
wassail,Wassail,6,6
weeping,Weeping,6,6
welcome,Welcome,6,6
weld,Weld,6,6
welk,Welk,6,6
welter,Welter,6,6
were,Were,6,6
wheeler,Wheeler,6,6
whelp,Whelp,6,6
where,Where,6,6
whiff,Whiff,6,6
whisker,Whisker,6,6
whoop,Whoop,6,6
wicket,Wicket,6,6
widow,Widow,6,6
wimble,Wimble,6,6
wimple,Wimple,6,6
win,Win,6,6
winch,Winch,6,6
winder,Winder,6,6
windy,Windy,6,6
winning,Winning,6,6
wise,Wise,6,6
wither,Wither,6,6
without,Without,6,6
woman,Woman,6,6
wonder,Wonder,6,6
wrack,Wrack,6,6
y,Y,6,6
yellowtail,Yellowtail,6,6
zigzag,Zigzag,6,6
abacus,Abacus,5,5
abandonment,Abandonment,5,5
abbreviate,Abbreviate,5,5
abdicate,Abdicate,5,5
absent,Absent,5,5
abstemious,Abstemious,5,5
abstracted,Abstracted,5,5
abusive,Abusive,5,5
abutment,Abutment,5,5
academy,Academy,5,5
accidental,Accidental,5,5
acclaim,Acclaim,5,5
accompany,Accompany,5,5
accost,Accost,5,5
accrete,Accrete,5,5
accuse,Accuse,5,5
acknowledgment,Acknowledgment,5,5
add,Add,5,5
adherent,Adherent,5,5
adjuvant,Adjuvant,5,5
administration,Administration,5,5
admiralty,Admiralty,5,5
admit,Admit,5,5
admittance,Admittance,5,5
adulterate,Adulterate,5,5
advantage,Advantage,5,5
advocate,Advocate,5,5
aerial,Aerial,5,5
affair,Affair,5,5
affiliate,Affiliate,5,5
affirm,Affirm,5,5
affix,Affix,5,5
agate,Agate,5,5
agitate,Agitate,5,5
ague,Ague,5,5
alien,Alien,5,5
alligator,Alligator,5,5
alone,Alone,5,5
along,Along,5,5
amalgamate,Amalgamate,5,5
ambulatory,Ambulatory,5,5
amend,Amend,5,5
analogue,Analogue,5,5
anatomy,Anatomy,5,5
anglo-saxon,Anglo-Saxon,5,5
animal,Animal,5,5
annex,Annex,5,5
answerable,Answerable,5,5
antedate,Antedate,5,5
antique,Antique,5,5
appetite,Appetite,5,5
apple,Apple,5,5
apprehensive,Apprehensive,5,5
approximate,Approximate,5,5
apt,Apt,5,5
arachnoid,Arachnoid,5,5
armory,Armory,5,5
arms,Arms,5,5
around,Around,5,5
asperity,Asperity,5,5
aspirate,Aspirate,5,5
assault,Assault,5,5
assign,Assign,5,5
assure,Assure,5,5
asterism,Asterism,5,5
astound,Astound,5,5
astriction,Astriction,5,5
atone,Atone,5,5
attachment,Attachment,5,5
attribute,Attribute,5,5
augment,Augment,5,5
augur,Augur,5,5
auricular,Auricular,5,5
aurora,Aurora,5,5
authorize,Authorize,5,5
auxiliary,Auxiliary,5,5
avail,Avail,5,5
avaunt,Avaunt,5,5
avoidance,Avoidance,5,5
avouch,Avouch,5,5
avow,Avow,5,5
awful,Awful,5,5
backboard,Backboard,5,5
backing,Backing,5,5
badger,Badger,5,5
bagging,Bagging,5,5
ballot,Ballot,5,5
balm,Balm,5,5
balsam,Balsam,5,5
bane,Bane,5,5
banquet,Banquet,5,5
banter,Banter,5,5
barbarian,Barbarian,5,5
barbecue,Barbecue,5,5
barge,Barge,5,5
barker,Barker,5,5
barrier,Barrier,5,5
barrow,Barrow,5,5
basket,Basket,5,5
battel,Battel,5,5
beating,Beating,5,5
beaver,Beaver,5,5
beck,Beck,5,5
begin,Begin,5,5
beginning,Beginning,5,5
belie,Belie,5,5
bellow,Bellow,5,5
ben,Ben,5,5
beneath,Beneath,5,5
benediction,Benediction,5,5
beset,Beset,5,5
beside,Beside,5,5
bet,Bet,5,5
beyond,Beyond,5,5
bib,Bib,5,5
bilk,Bilk,5,5
billfish,Billfish,5,5
binding,Binding,5,5
bittersweet,Bittersweet,5,5
black-jack,Black-jack,5,5
blackfish,Blackfish,5,5
blame,Blame,5,5
blend,Blend,5,5
blockade,Blockade,5,5
blossom,Blossom,5,5
bluster,Bluster,5,5
bobbin,Bobbin,5,5
bodily,Bodily,5,5
bohemian,Bohemian,5,5
bole,Bole,5,5
bomb,Bomb,5,5
bombard,Bombard,5,5
bombast,Bombast,5,5
borer,Borer,5,5
bosh,Bosh,5,5
bottle,Bottle,5,5
bought,Bought,5,5
bowel,Bowel,5,5
brat,Brat,5,5
breeching,Breeching,5,5
brewing,Brewing,5,5
brighten,Brighten,5,5
brilliant,Brilliant,5,5
brine,Brine,5,5
bring,Bring,5,5
broker,Broker,5,5
browse,Browse,5,5
buckler,Buckler,5,5
buckram,Buckram,5,5
budge,Budge,5,5
buffer,Buffer,5,5
bug,Bug,5,5
bulge,Bulge,5,5
bunch,Bunch,5,5
bundle,Bundle,5,5
buoy,Buoy,5,5
burse,Burse,5,5
bury,Bury,5,5
bushel,Bushel,5,5
butt,Butt,5,5
butter,Butter,5,5
c,C,5,5
cabal,Cabal,5,5
cabin,Cabin,5,5
cackle,Cackle,5,5
caitiff,Caitiff,5,5
calcar,Calcar,5,5
calculate,Calculate,5,5
callot,Callot,5,5
calm,Calm,5,5
cam,Cam,5,5
campaign,Campaign,5,5
cannei,Cannei,5,5
cannon,Cannon,5,5
cannonade,Cannonade,5,5
capacity,Capacity,5,5
caper,Caper,5,5
capuchin,Capuchin,5,5
caravel,Caravel,5,5
care,Care,5,5
career,Career,5,5
casing,Casing,5,5
cask,Cask,5,5
castle,Castle,5,5
cater,Cater,5,5
catholic,Catholic,5,5
cave,Cave,5,5
centre,Centre,5,5
cession,Cession,5,5
chalk,Chalk,5,5
changeling,Changeling,5,5
char,Char,5,5
chare,Chare,5,5
charitable,Charitable,5,5
cheap,Cheap,5,5
chevisance,Chevisance,5,5
chide,Chide,5,5
chivalry,Chivalry,5,5
circulation,Circulation,5,5
circumflex,Circumflex,5,5
circumstance,Circumstance,5,5
clarify,Clarify,5,5
clash,Clash,5,5
clasp,Clasp,5,5
clearing,Clearing,5,5
clerk,Clerk,5,5
clever,Clever,5,5
climb,Climb,5,5
clinic,Clinic,5,5
cloister,Cloister,5,5
closure,Closure,5,5
cloy,Cloy,5,5
clump,Clump,5,5
cluster,Cluster,5,5
clutter,Clutter,5,5
cod,Cod,5,5
collapse,Collapse,5,5
collate,Collate,5,5
collector,Collector,5,5
collet,Collet,5,5
columella,Columella,5,5
comber,Comber,5,5
combine,Combine,5,5
combing,Combing,5,5
coming,Coming,5,5
commitment,Commitment,5,5
commonplace,Commonplace,5,5
commons,Commons,5,5
community,Community,5,5
compensation,Compensation,5,5
complexion,Complexion,5,5
comport,Comport,5,5
composure,Composure,5,5
compounder,Compounder,5,5
comprehension,Comprehension,5,5
compressor,Compressor,5,5
concave,Concave,5,5
conceive,Conceive,5,5
concoct,Concoct,5,5
concoction,Concoction,5,5
concourse,Concourse,5,5
conductor,Conductor,5,5
cone,Cone,5,5
confession,Confession,5,5
confirm,Confirm,5,5
conflict,Conflict,5,5
consecrate,Consecrate,5,5
consequent,Consequent,5,5
conserve,Conserve,5,5
consist,Consist,5,5
consistency,Consistency,5,5
consociate,Consociate,5,5
consolidate,Consolidate,5,5
consonant,Consonant,5,5
contingency,Contingency,5,5
contingent,Contingent,5,5
continuance,Continuance,5,5
control,Control,5,5
convention,Convention,5,5
conversation,Conversation,5,5
conveyance,Conveyance,5,5
cony,Cony,5,5
coop,Coop,5,5
coordinate,Coordinate,5,5
cop,Cop,5,5
copper,Copper,5,5
cordon,Cordon,5,5
cork,Cork,5,5
corporate,Corporate,5,5
correct,Correct,5,5
correction,Correction,5,5
cot,Cot,5,5
cough,Cough,5,5
countermine,Countermine,5,5
counterpoint,Counterpoint,5,5
counterpoise,Counterpoise,5,5
covert,Covert,5,5
cow,Cow,5,5
coward,Coward,5,5
coxcomb,Coxcomb,5,5
cranny,Cranny,5,5
credence,Credence,5,5
cribbing,Cribbing,5,5
cricket,Cricket,5,5
crisscross,Crisscross,5,5
crutch,Crutch,5,5
cuddy,Cuddy,5,5
cultivate,Cultivate,5,5
cuniform,Cuniform,5,5
cupola,Cupola,5,5
curd,Curd,5,5
currency,Currency,5,5
curtain,Curtain,5,5
curve,Curve,5,5
curvet,Curvet,5,5
customer,Customer,5,5
cyst,Cyst,5,5
dance,Dance,5,5
dangerous,Dangerous,5,5
darkness,Darkness,5,5
dative,Dative,5,5
day,Day,5,5
dazzle,Dazzle,5,5
dean,Dean,5,5
decompound,Decompound,5,5
decoy,Decoy,5,5
deem,Deem,5,5
deepen,Deepen,5,5
deeply,Deeply,5,5
defecate,Defecate,5,5
defer,Defer,5,5
define,Define,5,5
definite,Definite,5,5
definition,Definition,5,5
delate,Delate,5,5
delay,Delay,5,5
deliberate,Deliberate,5,5
delight,Delight,5,5
den,Den,5,5
denizen,Denizen,5,5
denominative,Denominative,5,5
deny,Deny,5,5
depressed,Depressed,5,5
derive,Derive,5,5
derogate,Derogate,5,5
despair,Despair,5,5
desperate,Desperate,5,5
destitute,Destitute,5,5
detail,Detail,5,5
determinate,Determinate,5,5
development,Development,5,5
devote,Devote,5,5
devotion,Devotion,5,5
devout,Devout,5,5
dial,Dial,5,5
dialysis,Dialysis,5,5
diapason,Diapason,5,5
diaphragm,Diaphragm,5,5
dictate,Dictate,5,5
digit,Digit,5,5
dilate,Dilate,5,5
dim,Dim,5,5
dimension,Dimension,5,5
dimidiate,Dimidiate,5,5
diminish,Diminish,5,5
diminutive,Diminutive,5,5
din,Din,5,5
dipper,Dipper,5,5
directory,Directory,5,5
discard,Discard,5,5
disclose,Disclose,5,5
discovery,Discovery,5,5
discredit,Discredit,5,5
discriminate,Discriminate,5,5
discrimination,Discrimination,5,5
disfavor,Disfavor,5,5
dishonest,Dishonest,5,5
dishonor,Dishonor,5,5
dismay,Dismay,5,5
disorderly,Disorderly,5,5
distant,Distant,5,5
distinction,Distinction,5,5
distrain,Distrain,5,5
district,District,5,5
divaricate,Divaricate,5,5
document,Document,5,5
dome,Dome,5,5
done,Done,5,5
doubling,Doubling,5,5
doubtful,Doubtful,5,5
downright,Downright,5,5
drainage,Drainage,5,5
drake,Drake,5,5
dram,Dram,5,5
dream,Dream,5,5
dredge,Dredge,5,5
dresser,Dresser,5,5
dribble,Dribble,5,5
drilling,Drilling,5,5
drip,Drip,5,5
driving,Driving,5,5
droop,Droop,5,5
dualism,Dualism,5,5
dubbing,Dubbing,5,5
dudgeon,Dudgeon,5,5
dung,Dung,5,5
dusk,Dusk,5,5
eager,Eager,5,5
easily,Easily,5,5
easiness,Easiness,5,5
echinus,Echinus,5,5
eclipse,Eclipse,5,5
ecstasy,Ecstasy,5,5
elater,Elater,5,5
eld,Eld,5,5
elector,Elector,5,5
eleventh,Eleventh,5,5
eliminate,Eliminate,5,5
employ,Employ,5,5
endure,Endure,5,5
engaged,Engaged,5,5
engagement,Engagement,5,5
engender,Engender,5,5
engineer,Engineer,5,5
engrave,Engrave,5,5
engross,Engross,5,5
enlist,Enlist,5,5
enterprise,Enterprise,5,5
epoch,Epoch,5,5
equivalence,Equivalence,5,5
erection,Erection,5,5
ermine,Ermine,5,5
err,Err,5,5
escutcheon,Escutcheon,5,5
essay,Essay,5,5
establish,Establish,5,5
esteem,Esteem,5,5
etch,Etch,5,5
etiolate,Etiolate,5,5
evacuation,Evacuation,5,5
exact,Exact,5,5
except,Except,5,5
excise,Excise,5,5
exhibit,Exhibit,5,5
expectation,Expectation,5,5
expel,Expel,5,5
expert,Expert,5,5
expose,Expose,5,5
extent,Extent,5,5
extenuate,Extenuate,5,5
exterior,Exterior,5,5
extractive,Extractive,5,5
extravagant,Extravagant,5,5
facet,Facet,5,5
facile,Facile,5,5
facility,Facility,5,5
factor,Factor,5,5
fade,Fade,5,5
faithless,Faithless,5,5
fantastic,Fantastic,5,5
farmer,Farmer,5,5
farther,Farther,5,5
fashionable,Fashionable,5,5
feathered,Feathered,5,5
federal,Federal,5,5
female,Female,5,5
fender,Fender,5,5
fere,Fere,5,5
ferry,Ferry,5,5
fescue,Fescue,5,5
fester,Fester,5,5
fibre,Fibre,5,5
fiction,Fiction,5,5
fiery,Fiery,5,5
figured,Figured,5,5
fingering,Fingering,5,5
firing,Firing,5,5
first,First,5,5
fiscal,Fiscal,5,5
fist,Fist,5,5
fitter,Fitter,5,5
flashing,Flashing,5,5
flatness,Flatness,5,5
flatten,Flatten,5,5
flatting,Flatting,5,5
flavor,Flavor,5,5
fleshly,Fleshly,5,5
flop,Flop,5,5
flue,Flue,5,5
flurry,Flurry,5,5
foin,Foin,5,5
following,Following,5,5
footboard,Footboard,5,5
footman,Footman,5,5
forecast,Forecast,5,5
forlorn,Forlorn,5,5
formative,Formative,5,5
formula,Formula,5,5
forwardness,Forwardness,5,5
fossil,Fossil,5,5
foundation,Foundation,5,5
franchise,Franchise,5,5
fresco,Fresco,5,5
freshen,Freshen,5,5
fretted,Fretted,5,5
friendly,Friendly,5,5
fringe,Fringe,5,5
frippery,Frippery,5,5
frontier,Frontier,5,5
frown,Frown,5,5
frush,Frush,5,5
fuero,Fuero,5,5
funk,Funk,5,5
furring,Furring,5,5
fuse,Fuse,5,5
fusil,Fusil,5,5
galea,Galea,5,5
galilean,Galilean,5,5
gallop,Gallop,5,5
gallows,Gallows,5,5
garter,Garter,5,5
gaud,Gaud,5,5
gavel,Gavel,5,5
geck,Geck,5,5
gender,Gender,5,5
generous,Generous,5,5
genial,Genial,5,5
genius,Genius,5,5
gentleman,Gentleman,5,5
gib,Gib,5,5
given,Given,5,5
glazing,Glazing,5,5
gleek,Gleek,5,5
glib,Glib,5,5
glide,Glide,5,5
glimpse,Glimpse,5,5
gloze,Gloze,5,5
glutton,Glutton,5,5
gobble,Gobble,5,5
going,Going,5,5
gold,Gold,5,5
goose,Goose,5,5
gothic,Gothic,5,5
gown,Gown,5,5
grained,Grained,5,5
graining,Graining,5,5
grammar,Grammar,5,5
grange,Grange,5,5
graphical,Graphical,5,5
graving,Graving,5,5
gravity,Gravity,5,5
gray,Gray,5,5
gree,Gree,5,5
grin,Grin,5,5
group,Group,5,5
grout,Grout,5,5
gullet,Gullet,5,5
gully,Gully,5,5
gun,Gun,5,5
gusset,Gusset,5,5
guy,Guy,5,5
halo,Halo,5,5
halter,Halter,5,5
hamper,Hamper,5,5
handfast,Handfast,5,5
handsome,Handsome,5,5
harlot,Harlot,5,5
harmonize,Harmonize,5,5
harmony,Harmony,5,5
hay,Hay,5,5
headlong,Headlong,5,5
hearing,Hearing,5,5
heaven,Heaven,5,5
heed,Heed,5,5
hence,Hence,5,5
hind,Hind,5,5
hoar,Hoar,5,5
hob,Hob,5,5
hobnob,Hobnob,5,5
hocus,Hocus,5,5
holding,Holding,5,5
holiday,Holiday,5,5
homage,Homage,5,5
homologous,Homologous,5,5
honest,Honest,5,5
honey,Honey,5,5
honorary,Honorary,5,5
hoot,Hoot,5,5
hopper,Hopper,5,5
hote,Hote,5,5
hour,Hour,5,5
housekeeper,Housekeeper,5,5
hull,Hull,5,5
humanity,Humanity,5,5
humble,Humble,5,5
hunch,Hunch,5,5
hunger,Hunger,5,5
hurry,Hurry,5,5
hurter,Hurter,5,5
hurtle,Hurtle,5,5
hush,Hush,5,5
iambic,Iambic,5,5
ignorant,Ignorant,5,5
illegitimate,Illegitimate,5,5
imagine,Imagine,5,5
immortal,Immortal,5,5
impart,Impart,5,5
impeach,Impeach,5,5
imperfect,Imperfect,5,5
imposing,Imposing,5,5
impregnation,Impregnation,5,5
impulse,Impulse,5,5
inaugurate,Inaugurate,5,5
incarnate,Incarnate,5,5
incarnation,Incarnation,5,5
incorporation,Incorporation,5,5
incumbent,Incumbent,5,5
indentation,Indentation,5,5
indenture,Indenture,5,5
indian,Indian,5,5
indication,Indication,5,5
indigested,Indigested,5,5
indirect,Indirect,5,5
individual,Individual,5,5
inductive,Inductive,5,5
indulge,Indulge,5,5
indurate,Indurate,5,5
inebriate,Inebriate,5,5
infect,Infect,5,5
infer,Infer,5,5
infinity,Infinity,5,5
inflate,Inflate,5,5
inflated,Inflated,5,5
influence,Influence,5,5
infusion,Infusion,5,5
inherit,Inherit,5,5
inland,Inland,5,5
inquisition,Inquisition,5,5
inscribe,Inscribe,5,5
instinct,Instinct,5,5
instruct,Instruct,5,5
instrument,Instrument,5,5
intellectual,Intellectual,5,5
intended,Intended,5,5
intention,Intention,5,5
intercept,Intercept,5,5
interdict,Interdict,5,5
interfere,Interfere,5,5
interpretation,Interpretation,5,5
interval,Interval,5,5
intoxicate,Intoxicate,5,5
introit,Introit,5,5
invade,Invade,5,5
inveterate,Inveterate,5,5
iris,Iris,5,5
irritant,Irritant,5,5
item,Item,5,5
jaunt,Jaunt,5,5
jeer,Jeer,5,5
jetty,Jetty,5,5
jewel,Jewel,5,5
jubilee,Jubilee,5,5
jugular,Jugular,5,5
junk,Junk,5,5
keeping,Keeping,5,5
keeve,Keeve,5,5
ken,Ken,5,5
kernel,Kernel,5,5
kin,kin,5,5
kindle,Kindle,5,5
kindly,Kindly,5,5
knack,Knack,5,5
knap,Knap,5,5
labium,Labium,5,5
lacing,Lacing,5,5
landing,Landing,5,5
lather,Lather,5,5
latinize,Latinize,5,5
laugh,Laugh,5,5
lavatory,Lavatory,5,5
leach,Leach,5,5
league,League,5,5
leak,Leak,5,5
ledge,Ledge,5,5
lee,Lee,5,5
left,Left,5,5
legend,Legend,5,5
leger,Leger,5,5
lene,Lene,5,5
lent,Lent,5,5
lest,Lest,5,5
levant,Levant,5,5
levee,Levee,5,5
lever,Lever,5,5
license,License,5,5
licentiate,Licentiate,5,5
lid,Lid,5,5
liege,Liege,5,5
liking,Liking,5,5
lilt,Lilt,5,5
limitary,Limitary,5,5
limmer,Limmer,5,5
limp,Limp,5,5
lin,Lin,5,5
ling,Ling,5,5
liquidate,Liquidate,5,5
liquor,Liquor,5,5
listing,Listing,5,5
literal,Literal,5,5
liver,Liver,5,5
lobe,Lobe,5,5
loft,Loft,5,5
loggerhead,Loggerhead,5,5
lone,Lone,5,5
loom,Loom,5,5
lope,Lope,5,5
lotus,Lotus,5,5
loud,Loud,5,5
louse,Louse,5,5
lovely,Lovely,5,5
lozenge,Lozenge,5,5
luff,Luff,5,5
lure,Lure,5,5
macaroni,Macaroni,5,5
magazine,Magazine,5,5
magnetical,Magnetical,5,5
magnitude,Magnitude,5,5
maintain,Maintain,5,5
malignant,Malignant,5,5
manoeuvre,Manoeuvre,5,5
mansion,Mansion,5,5
manufacture,Manufacture,5,5
marine,Marine,5,5
marker,Marker,5,5
maroon,Maroon,5,5
martial,Martial,5,5
marvel,Marvel,5,5
mash,Mash,5,5
maslin,Maslin,5,5
materialize,Materialize,5,5
maze,Maze,5,5
meagre,Meagre,5,5
meander,Meander,5,5
measles,Measles,5,5
mechanic,Mechanic,5,5
medicine,Medicine,5,5
meed,Meed,5,5
meeting,Meeting,5,5
merchant,Merchant,5,5
met,Met,5,5
methodist,Methodist,5,5
metropolitan,Metropolitan,5,5
mid,Mid,5,5
mighty,Mighty,5,5
miller,Miller,5,5
mineral,Mineral,5,5
ministry,Ministry,5,5
minor,Minor,5,5
mint,Mint,5,5
miracle,Miracle,5,5
mire,Mire,5,5
miserable,Miserable,5,5
mist,Mist,5,5
mix,Mix,5,5
mob,Mob,5,5
monad,Monad,5,5
monarch,Monarch,5,5
monitor,Monitor,5,5
monk,Monk,5,5
monster,Monster,5,5
monthly,Monthly,5,5
moonshine,Moonshine,5,5
moralize,Moralize,5,5
mortality,Mortality,5,5
mortar,Mortar,5,5
mot,Mot,5,5
moth,Moth,5,5
motley,Motley,5,5
moulding,Moulding,5,5
mountain,Mountain,5,5
mourning,Mourning,5,5
mousing,Mousing,5,5
mumble,Mumble,5,5
murmur,Murmur,5,5
mushroom,Mushroom,5,5
must,Must,5,5
mutilate,Mutilate,5,5
narrowly,Narrowly,5,5
nationality,Nationality,5,5
naught,Naught,5,5
nay,Nay,5,5
necessity,Necessity,5,5
nervous,Nervous,5,5
nestle,Nestle,5,5
netting,Netting,5,5
neutral,Neutral,5,5
neutrality,Neutrality,5,5
next,Next,5,5
nib,Nib,5,5
nineteenth,Nineteenth,5,5
ninth,Ninth,5,5
nominal,Nominal,5,5
nonpareil,Nonpareil,5,5
noon,Noon,5,5
notable,Notable,5,5
notching,Notching,5,5
nothing,Nothing,5,5
notion,Notion,5,5
novel,Novel,5,5
null,Null,5,5
nut,Nut,5,5
objective,Objective,5,5
obligation,Obligation,5,5
observant,Observant,5,5
observe,Observe,5,5
odd,Odd,5,5
offend,Offend,5,5
onset,Onset,5,5
opening,Opening,5,5
opiate,Opiate,5,5
option,Option,5,5
ordinal,Ordinal,5,5
ordinance,Ordinance,5,5
organic,Organic,5,5
osculate,Osculate,5,5
ought,Ought,5,5
outgoing,Outgoing,5,5
outlook,Outlook,5,5
overcome,Overcome,5,5
overdo,Overdo,5,5
overlook,Overlook,5,5
overthrow,Overthrow,5,5
overture,Overture,5,5
overwork,Overwork,5,5
owl,Owl,5,5
packet,Packet,5,5
padding,Padding,5,5
painter,Painter,5,5
painting,Painting,5,5
palate,Palate,5,5
palatine,Palatine,5,5
palliate,Palliate,5,5
pantomime,Pantomime,5,5
parish,Parish,5,5
parole,Parole,5,5
partake,Partake,5,5
particle,Particle,5,5
particularity,Particularity,5,5
passing,Passing,5,5
passionate,Passionate,5,5
pastoral,Pastoral,5,5
pasture,Pasture,5,5
pat,Pat,5,5
patrician,Patrician,5,5
paunch,Paunch,5,5
paw,Paw,5,5
peculiar,Peculiar,5,5
pedicel,Pedicel,5,5
pendant,Pendant,5,5
penitent,Penitent,5,5
pension,Pension,5,5
peptic,Peptic,5,5
perfect,Perfect,5,5
periodical,Periodical,5,5
permit,Permit,5,5
persuasion,Persuasion,5,5
phalanx,Phalanx,5,5
philistine,Philistine,5,5
picked,Picked,5,5
piercer,Piercer,5,5
pillar,Pillar,5,5
pillow,Pillow,5,5
pinna,Pinna,5,5
pirate,Pirate,5,5
pith,Pith,5,5
pivot,Pivot,5,5
plan,Plan,5,5
planetary,Planetary,5,5
player,Player,5,5
please,Please,5,5
plumule,Plumule,5,5
plunder,Plunder,5,5
plunger,Plunger,5,5
pointer,Pointer,5,5
poorly,Poorly,5,5
popularity,Popularity,5,5
porgy,Porgy,5,5
possess,Possess,5,5
possession,Possession,5,5
potential,Potential,5,5
potpourri,Potpourri,5,5
precedent,Precedent,5,5
pregnant,Pregnant,5,5
prepare,Prepare,5,5
presage,Presage,5,5
presbytery,Presbytery,5,5
presentation,Presentation,5,5
priest,Priest,5,5
prig,Prig,5,5
prince,Prince,5,5
privity,Privity,5,5
probate,Probate,5,5
probation,Probation,5,5
process,Process,5,5
product,Product,5,5
profess,Profess,5,5
profession,Profession,5,5
profit,Profit,5,5
projection,Projection,5,5
prone,Prone,5,5
proportional,Proportional,5,5
prosecute,Prosecute,5,5
prospective,Prospective,5,5
prostitute,Prostitute,5,5
protonotary,Protonotary,5,5
protract,Protract,5,5
protractor,Protractor,5,5
proud,Proud,5,5
provocation,Provocation,5,5
proxy,Proxy,5,5
prune,Prune,5,5
public,Public,5,5
puffer,Puffer,5,5
pulse,Pulse,5,5
pure,Pure,5,5
purify,Purify,5,5
quaker,Quaker,5,5
quality,Quality,5,5
quarterly,Quarterly,5,5
quartter,Quartter,5,5
quaternion,Quaternion,5,5
quaver,Quaver,5,5
quicken,Quicken,5,5
quilting,Quilting,5,5
quotation,Quotation,5,5
rafter,Rafter,5,5
ramble,Ramble,5,5
random,Random,5,5
ranger,Ranger,5,5
ransack,Ransack,5,5
ransom,Ransom,5,5
rat,Rat,5,5
rational,Rational,5,5
rationalize,Rationalize,5,5
reaction,Reaction,5,5
realty,Realty,5,5
ream,Ream,5,5
rebound,Rebound,5,5
recall,Recall,5,5
receptacle,Receptacle,5,5
reception,Reception,5,5
recital,Recital,5,5
recompense,Recompense,5,5
reconcile,Reconcile,5,5
recourse,Recourse,5,5
recovery,Recovery,5,5
recure,Recure,5,5
reenforce,Reenforce,5,5
refine,Refine,5,5
refractory,Refractory,5,5
regenerate,Regenerate,5,5
regeneration,Regeneration,5,5
regimen,Regimen,5,5
region,Region,5,5
rehearse,Rehearse,5,5
rein,Rein,5,5
rejoin,Rejoin,5,5
relapse,Relapse,5,5
religious,Religious,5,5
removed,Removed,5,5
rencounter,Rencounter,5,5
repeal,Repeal,5,5
repetition,Repetition,5,5
replace,Replace,5,5
reply,Reply,5,5
reprise,Reprise,5,5
reproach,Reproach,5,5
reproduce,Reproduce,5,5
reptile,Reptile,5,5
request,Request,5,5
rescue,Rescue,5,5
reset,Reset,5,5
resolute,Resolute,5,5
respective,Respective,5,5
restless,Restless,5,5
restrain,Restrain,5,5
retail,Retail,5,5
retain,Retain,5,5
retiary,Retiary,5,5
retractor,Retractor,5,5
retrench,Retrench,5,5
retrograde,Retrograde,5,5
revelation,Revelation,5,5
revenge,Revenge,5,5
reverence,Reverence,5,5
revise,Revise,5,5
reward,Reward,5,5
ridicule,Ridicule,5,5
riser,Riser,5,5
roadster,Roadster,5,5
roan,Roan,5,5
rob,Rob,5,5
roof,Roof,5,5
roofing,Roofing,5,5
rookery,Rookery,5,5
rotate,Rotate,5,5
rouge,Rouge,5,5
roughcast,Roughcast,5,5
roundel,Roundel,5,5
roundly,Roundly,5,5
ruling,Ruling,5,5
ruminate,Ruminate,5,5
rummage,Rummage,5,5
sadden,Sadden,5,5
saffron,Saffron,5,5
sag,Sag,5,5
sagitta,Sagitta,5,5
saint,Saint,5,5
salamander,Salamander,5,5
saline,Saline,5,5
sanctuary,Sanctuary,5,5
sandal,Sandal,5,5
sappy,Sappy,5,5
sash,Sash,5,5
saucer,Saucer,5,5
scalene,Scalene,5,5
scallop,Scallop,5,5
scandal,Scandal,5,5
schooling,Schooling,5,5
sclerotic,Sclerotic,5,5
scope,Scope,5,5
scorch,Scorch,5,5
scourge,Scourge,5,5
screed,Screed,5,5
scribble,Scribble,5,5
scrutiny,Scrutiny,5,5
scum,Scum,5,5
scutch,Scutch,5,5
secretary,Secretary,5,5
sedentary,Sedentary,5,5
sentinel,Sentinel,5,5
septum,Septum,5,5
serene,Serene,5,5
sergeant,Sergeant,5,5
servile,Servile,5,5
setting,Setting,5,5
seventeenth,Seventeenth,5,5
severe,Severe,5,5
severity,Severity,5,5
shadowy,Shadowy,5,5
shard,Shard,5,5
shatter,Shatter,5,5
shaver,Shaver,5,5
sheaf,Sheaf,5,5
shelving,Shelving,5,5
shiff,Shiff,5,5
shin,Shin,5,5
shiner,Shiner,5,5
shining,Shining,5,5
shipwreck,Shipwreck,5,5
shirk,Shirk,5,5
shooting,Shooting,5,5
shorten,Shorten,5,5
shred,Shred,5,5
shrimp,Shrimp,5,5
siderite,Siderite,5,5
siding,Siding,5,5
sike,Sike,5,5
sile,Sile,5,5
since,Since,5,5
singly,Singly,5,5
sixteenth,Sixteenth,5,5
sixth,Sixth,5,5
skull,Skull,5,5
slander,Slander,5,5
slant,Slant,5,5
slaughter,Slaughter,5,5
sleek,Sleek,5,5
slot,Slot,5,5
slouch,Slouch,5,5
slumber,Slumber,5,5
slump,Slump,5,5
sly,Sly,5,5
smatter,Smatter,5,5
smelt,Smelt,5,5
smudge,Smudge,5,5
snakewood,Snakewood,5,5
snapper,Snapper,5,5
snare,Snare,5,5
sneak,Sneak,5,5
snift,Snift,5,5
snort,Snort,5,5
snow,Snow,5,5
society,Society,5,5
sod,Sod,5,5
sodden,Sodden,5,5
solace,Solace,5,5
solar,Solar,5,5
solicit,Solicit,5,5
solitaire,Solitaire,5,5
sonorous,Sonorous,5,5
soon,Soon,5,5
sooth,Sooth,5,5
soss,Soss,5,5
sot,Sot,5,5
southing,Southing,5,5
spall,Spall,5,5
spaniel,Spaniel,5,5
spanker,Spanker,5,5
specific,Specific,5,5
speck,Speck,5,5
speculum,Speculum,5,5
spelt,Spelt,5,5
spew,Spew,5,5
sphinx,Sphinx,5,5
spider,Spider,5,5
spine,Spine,5,5
spiral,Spiral,5,5
spite,Spite,5,5
splash,Splash,5,5
spoliation,Spoliation,5,5
sprag,Sprag,5,5
sprig,Sprig,5,5
sprunt,Sprunt,5,5
sputter,Sputter,5,5
squander,Squander,5,5
squirt,Squirt,5,5
ssociable,SSociable,5,5
stang,Stang,5,5
steady,Steady,5,5
steamer,Steamer,5,5
steeve,Steeve,5,5
stifle,Stifle,5,5
stole,Stole,5,5
story,Story,5,5
stout,Stout,5,5
stowage,Stowage,5,5
straggle,Straggle,5,5
strake,Strake,5,5
strand,Strand,5,5
strickle,Strickle,5,5
stride,Stride,5,5
striker,Striker,5,5
stringer,Stringer,5,5
strive,Strive,5,5
structure,Structure,5,5
studied,Studied,5,5
studious,Studious,5,5
sturdy,Sturdy,5,5
sty,Sty,5,5
subordinate,Subordinate,5,5
substance,Substance,5,5
substantial,Substantial,5,5
subtile,Subtile,5,5
sudden,Sudden,5,5
sufficiency,Sufficiency,5,5
suggest,Suggest,5,5
suggestion,Suggestion,5,5
summer,Summer,5,5
superstition,Superstition,5,5
supporter,Supporter,5,5
surround,Surround,5,5
surveyor,Surveyor,5,5
suspense,Suspense,5,5
suspensory,Suspensory,5,5
sweater,Sweater,5,5
swinge,Swinge,5,5
swinger,Swinger,5,5
swingle,Swingle,5,5
swipe,Swipe,5,5
swish,Swish,5,5
swoop,Swoop,5,5
sword,Sword,5,5
sycophant,Sycophant,5,5
symbolism,Symbolism,5,5
sympathize,Sympathize,5,5
synagogue,Synagogue,5,5
tab,Tab,5,5
tabling,Tabling,5,5
tailor,Tailor,5,5
tale,Tale,5,5
tambour,Tambour,5,5
tamper,Tamper,5,5
taper,Taper,5,5
tardy,Tardy,5,5
target,Target,5,5
task,Task,5,5
tea,Tea,5,5
tease,Tease,5,5
temperate,Temperate,5,5
tempest,Tempest,5,5
tenter,Tenter,5,5
terminate,Terminate,5,5
terrene,Terrene,5,5
tew,Tew,5,5
thaw,Thaw,5,5
theatre,Theatre,5,5
then,Then,5,5
thirst,Thirst,5,5
thirteenth,Thirteenth,5,5
thorn,Thorn,5,5
thorough,Thorough,5,5
thousand,Thousand,5,5
thrall,Thrall,5,5
thrifty,Thrifty,5,5
thumb,Thumb,5,5
thurl,Thurl,5,5
tiger,Tiger,5,5
timbered,Timbered,5,5
tine,Tine,5,5
tinkle,Tinkle,5,5
tint,Tint,5,5
tissue,Tissue,5,5
tit,Tit,5,5
tithe,Tithe,5,5
toil,Toil,5,5
toot,Toot,5,5
tope,Tope,5,5
tore,Tore,5,5
tough,Tough,5,5
tour,Tour,5,5
tout,Tout,5,5
tow,Tow,5,5
towards,Towards,5,5
tram,Tram,5,5
trample,Trample,5,5
transcend,Transcend,5,5
transform,Transform,5,5
transom,Transom,5,5
transpose,Transpose,5,5
transverse,Transverse,5,5
travail,Travail,5,5
traveler,Traveler,5,5
treasury,Treasury,5,5
trend,Trend,5,5
trident,Trident,5,5
trifle,Trifle,5,5
trigon,Trigon,5,5
trimming,Trimming,5,5
trinket,Trinket,5,5
trist,Trist,5,5
trivial,Trivial,5,5
tropic,Tropic,5,5
true,TRUE,5,5
truly,Truly,5,5
tryst,Tryst,5,5
turn-out,Turn-out,5,5
twang,Twang,5,5
twelfth,Twelfth,5,5
twig,Twig,5,5
twinge,Twinge,5,5
twinkle,Twinkle,5,5
ugly,Ugly,5,5
ultimate,Ultimate,5,5
umber,Umber,5,5
umpire,Umpire,5,5
unbending,Unbending,5,5
uncertain,Uncertain,5,5
uncover,Uncover,5,5
undergo,Undergo,5,5
undertaking,Undertaking,5,5
undress,Undress,5,5
undulation,Undulation,5,5
unequal,Unequal,5,5
uniform,Uniform,5,5
uniformity,Uniformity,5,5
unison,Unison,5,5
unit,Unit,5,5
unite,Unite,5,5
unlaw,Unlaw,5,5
upright,Upright,5,5
usage,Usage,5,5
ustulation,Ustulation,5,5
vacant,Vacant,5,5
vacation,Vacation,5,5
vagabond,Vagabond,5,5
vagina,Vagina,5,5
vain,Vain,5,5
variation,Variation,5,5
varnish,Varnish,5,5
vassalage,Vassalage,5,5
vast,Vast,5,5
vaunt,Vaunt,5,5
velum,Velum,5,5
velvet,Velvet,5,5
ventilation,Ventilation,5,5
version,Version,5,5
veto,Veto,5,5
vie,Vie,5,5
vigil,Vigil,5,5
villain,Villain,5,5
violation,Violation,5,5
violet,Violet,5,5
virtuous,Virtuous,5,5
visionary,Visionary,5,5
vocation,Vocation,5,5
volume,Volume,5,5
vomit,Vomit,5,5
vow,Vow,5,5
voyage,Voyage,5,5
vulgar,Vulgar,5,5
wager,Wager,5,5
walker,Walker,5,5
wallow,Wallow,5,5
wan,Wan,5,5
wastrel,Wastrel,5,5
weal,Weal,5,5
weave,Weave,5,5
weird,Weird,5,5
wend,Wend,5,5
wheeling,Wheeling,5,5
whiffle,Whiffle,5,5
whig,Whig,5,5
whist,Whist,5,5
whiteness,Whiteness,5,5
whiting,Whiting,5,5
whittle,Whittle,5,5
whole,Whole,5,5
wight,Wight,5,5
winding,Winding,5,5
windlass,Windlass,5,5
window,Window,5,5
wisp,Wisp,5,5
withe,Withe,5,5
within,Within,5,5
womb,Womb,5,5
wont,Wont,5,5
worry,Worry,5,5
worse,Worse,5,5
worthy,Worthy,5,5
wrap,Wrap,5,5
wreathe,Wreathe,5,5
writ,Writ,5,5
yellow,Yellow,5,5
yerk,Yerk,5,5
yew,Yew,5,5
youth,Youth,5,5
zest,Zest,5,5
aback,Aback,4,4
abatement,Abatement,4,4
abbreviation,Abbreviation,4,4
abduction,Abduction,4,4
abet,Abet,4,4
abhor,Abhor,4,4
abject,Abject,4,4
aboard,Aboard,4,4
aboriginal,Aboriginal,4,4
abort,Abort,4,4
abortion,Abortion,4,4
abreast,Abreast,4,4
abroad,Abroad,4,4
absolve,Absolve,4,4
absorb,Absorb,4,4
absorbent,Absorbent,4,4
absorption,Absorption,4,4
accessory,Accessory,4,4
accomplish,Accomplish,4,4
accountant,Accountant,4,4
accredit,Accredit,4,4
accustom,Accustom,4,4
acephali,Acephali,4,4
acid,Acid,4,4
acknowledge,Acknowledge,4,4
acquaint,Acquaint,4,4
actor,Actor,4,4
actual,Actual,4,4
acuteness,Acuteness,4,4
adder,Adder,4,4
adjudge,Adjudge,4,4
adjudication,Adjudication,4,4
adjust,Adjust,4,4
admeasure,Admeasure,4,4
advanced,Advanced,4,4
advancement,Advancement,4,4
adventitious,Adventitious,4,4
adverse,Adverse,4,4
advice,Advice,4,4
advise,Advise,4,4
affectionate,Affectionate,4,4
affiance,Affiance,4,4
affirmation,Affirmation,4,4
afflict,Afflict,4,4
afford,Afford,4,4
affright,Affright,4,4
affy,Affy,4,4
afore,Afore,4,4
against,Against,4,4
aged,Aged,4,4
agent,Agent,4,4
agglomerate,Agglomerate,4,4
aggrandize,Aggrandize,4,4
aggravate,Aggravate,4,4
aggravation,Aggravation,4,4
agistment,Agistment,4,4
agitation,Agitation,4,4
agony,Agony,4,4
agrarian,Agrarian,4,4
agreeable,Agreeable,4,4
agreement,Agreement,4,4
aigrette,Aigrette,4,4
alcohol,Alcohol,4,4
alias,Alias,4,4
alienate,Alienate,4,4
alienation,Alienation,4,4
alight,Alight,4,4
aliment,Aliment,4,4
allege,Allege,4,4
alliance,Alliance,4,4
alluvion,Alluvion,4,4
alman,Alman,4,4
almond,Almond,4,4
alter,Alter,4,4
amain,Amain,4,4
amalgam,Amalgam,4,4
amaze,Amaze,4,4
ambidexter,Ambidexter,4,4
ambidexterity,Ambidexterity,4,4
amble,Amble,4,4
ambrosia,Ambrosia,4,4
ambulator,Ambulator,4,4
amenable,Amenable,4,4
amiable,Amiable,4,4
ammunition,Ammunition,4,4
amplify,Amplify,4,4
ampulla,Ampulla,4,4
amuse,Amuse,4,4
analogy,Analogy,4,4
and,And,4,4
anger,Anger,4,4
anglican,Anglican,4,4
angular,Angular,4,4
animadversion,Animadversion,4,4
animate,Animate,4,4
annals,Annals,4,4
annihilate,Annihilate,4,4
anniversary,Anniversary,4,4
annulet,Annulet,4,4
annulus,Annulus,4,4
anomaly,Anomaly,4,4
antagonist,Antagonist,4,4
anthology,Anthology,4,4
anthrax,Anthrax,4,4
anticipate,Anticipate,4,4
anticipation,Anticipation,4,4
antidote,Antidote,4,4
anvil,Anvil,4,4
apart,Apart,4,4
ape,Ape,4,4
apology,Apology,4,4
apostate,Apostate,4,4
apparatus,Apparatus,4,4
apparent,Apparent,4,4
apparition,Apparition,4,4
appellative,Appellative,4,4
appendant,Appendant,4,4
appreciate,Appreciate,4,4
apprentice,Apprentice,4,4
appropriation,Appropriation,4,4
approver,Approver,4,4
approximation,Approximation,4,4
aptness,Aptness,4,4
arbitrate,Arbitrate,4,4
arbor,Arbor,4,4
arc,Arc,4,4
areed,Areed,4,4
argent,Argent,4,4
arise,Arise,4,4
aristocracy,Aristocracy,4,4
ark,Ark,4,4
armed,Armed,4,4
arming,Arming,4,4
arraign,Arraign,4,4
arrival,Arrival,4,4
artful,Artful,4,4
artifice,Artifice,4,4
artificer,Artificer,4,4
artificial,Artificial,4,4
artillery,Artillery,4,4
artist,Artist,4,4
ascendant,Ascendant,4,4
ascent,Ascent,4,4
ash,Ash,4,4
aside,Aside,4,4
aspic,Aspic,4,4
aspire,Aspire,4,4
assassinate,Assassinate,4,4
assess,Assess,4,4
assessment,Assessment,4,4
assignment,Assignment,4,4
assistant,Assistant,4,4
astonishment,Astonishment,4,4
astrict,Astrict,4,4
athenaeum,Athenaeum,4,4
athwart,Athwart,4,4
atmospherical,Atmospherical,4,4
atrium,Atrium,4,4
attemper,Attemper,4,4
attendance,Attendance,4,4
attenuate,Attenuate,4,4
attest,Attest,4,4
attic,Attic,4,4
attire,Attire,4,4
attorney,Attorney,4,4
attraction,Attraction,4,4
auricle,Auricle,4,4
auricula,Auricula,4,4
autocracy,Autocracy,4,4
avenge,Avenge,4,4
aver,Aver,4,4
awake,Awake,4,4
award,Award,4,4
awk,Awk,4,4
ay,Ay,4,4
baby,Baby,4,4
babylonish,Babylonish,4,4
background,Background,4,4
badge,Badge,4,4
bale,Bale,4,4
ballet,Ballet,4,4
banneret,Banneret,4,4
barbarity,Barbarity,4,4
barbarous,Barbarous,4,4
barely,Barely,4,4
barnacle,Barnacle,4,4
barrack,Barrack,4,4
barter,Barter,4,4
basic,Basic,4,4
basil,Basil,4,4
basilica,Basilica,4,4
basis,Basis,4,4
basque,Basque,4,4
basset,Basset,4,4
baste,Baste,4,4
bawl,Bawl,4,4
bayonet,Bayonet,4,4
be,Be,4,4
be-,Be-,4,4
beauty,Beauty,4,4
become,Become,4,4
bedlam,Bedlam,4,4
bee,Bee,4,4
beef,Beef,4,4
belfry,Belfry,4,4
belief,Belief,4,4
belonging,Belonging,4,4
belted,Belted,4,4
bencher,Bencher,4,4
bender,Bender,4,4
benefice,Benefice,4,4
beneficiary,Beneficiary,4,4
beseeming,Beseeming,4,4
bestead,Bestead,4,4
bible,Bible,4,4
bide,Bide,4,4
biennial,Biennial,4,4
big,Big,4,4
binocular,Binocular,4,4
biscuit,Biscuit,4,4
bivouac,Bivouac,4,4
blackball,Blackball,4,4
blackcap,Blackcap,4,4
blacken,Blacken,4,4
blackmail,Blackmail,4,4
blasted,Blasted,4,4
bleak,Bleak,4,4
blooming,Blooming,4,4
blowhole,Blowhole,4,4
boarding,Boarding,4,4
boggle,Boggle,4,4
boiling,Boiling,4,4
boisterous,Boisterous,4,4
bolter,Bolter,4,4
bolting,Bolting,4,4
boned,Boned,4,4
boning,Boning,4,4
bonito,Bonito,4,4
booby,Booby,4,4
boomer,Boomer,4,4
booming,Booming,4,4
booting,Booting,4,4
boring,Boring,4,4
borough,Borough,4,4
bouncer,Bouncer,4,4
bounden,Bounden,4,4
bounty,Bounty,4,4
bracing,Bracing,4,4
brail,Brail,4,4
braize,Braize,4,4
brant,Brant,4,4
bravery,Bravery,4,4
brawl,Brawl,4,4
brawn,Brawn,4,4
brazen,Brazen,4,4
bread,Bread,4,4
breaker,Breaker,4,4
breakfast,Breakfast,4,4
bream,Bream,4,4
breastplate,Breastplate,4,4
breve,Breve,4,4
brevet,Brevet,4,4
broadcast,Broadcast,4,4
broadside,Broadside,4,4
broil,Broil,4,4
broiler,Broiler,4,4
broke,Broke,4,4
brook,Brook,4,4
brother,Brother,4,4
brotherhood,Brotherhood,4,4
bruise,Bruise,4,4
bucket,Bucket,4,4
bucking,Bucking,4,4
buckskin,Buckskin,4,4
budding,Budding,4,4
buffoon,Buffoon,4,4
building,Building,4,4
bulb,Bulb,4,4
bulla,Bulla,4,4
bullet,Bullet,4,4
bullion,Bullion,4,4
bulwark,Bulwark,4,4
bumper,Bumper,4,4
bung,Bung,4,4
bunk,Bunk,4,4
bunt,Bunt,4,4
bureau,Bureau,4,4
burgess,Burgess,4,4
burning,Burning,4,4
butcher,Butcher,4,4
buttery,Buttery,4,4
bye,Bye,4,4
byssus,Byssus,4,4
cade,Cade,4,4
cadge,Cadge,4,4
calash,Calash,4,4
calculating,Calculating,4,4
calendar,Calendar,4,4
calender,Calender,4,4
calliope,Calliope,4,4
camber,Camber,4,4
cambrian,Cambrian,4,4
cancer,Cancer,4,4
canoe,Canoe,4,4
canopy,Canopy,4,4
canticle,Canticle,4,4
capable,Capable,4,4
caparison,Caparison,4,4
cape,Cape,4,4
capillary,Capillary,4,4
capitulary,Capitulary,4,4
caption,Caption,4,4
capture,Capture,4,4
carcass,Carcass,4,4
cardinal,Cardinal,4,4
careless,Careless,4,4
carina,Carina,4,4
carouse,Carouse,4,4
carter,Carter,4,4
carving,Carving,4,4
caster,Caster,4,4
catamaran,Catamaran,4,4
catching,Catching,4,4
cathedral,Cathedral,4,4
catholicism,Catholicism,4,4
catholicity,Catholicity,4,4
caucasian,Caucasian,4,4
caution,Caution,4,4
cease,Cease,4,4
ceiling,Ceiling,4,4
celestial,Celestial,4,4
cense,Cense,4,4
censor,Censor,4,4
centenary,Centenary,4,4
centennial,Centennial,4,4
centrifugal,Centrifugal,4,4
centripetal,Centripetal,4,4
century,Century,4,4
ceremonial,Ceremonial,4,4
ceremony,Ceremony,4,4
certificate,Certificate,4,4
cess,Cess,4,4
chaffy,Chaffy,4,4
chagrin,Chagrin,4,4
chaldean,Chaldean,4,4
chamberlain,Chamberlain,4,4
champ,Champ,4,4
chanter,Chanter,4,4
chaperon,Chaperon,4,4
characterize,Characterize,4,4
charger,Charger,4,4
chart,Chart,4,4
chaste,Chaste,4,4
chastity,Chastity,4,4
chaw,Chaw,4,4
checkmate,Checkmate,4,4
cheese,Cheese,4,4
cherub,Cherub,4,4
chew,Chew,4,4
chimney,Chimney,4,4
chipping,Chipping,4,4
chirk,Chirk,4,4
choose,Choose,4,4
chopping,Chopping,4,4
chouse,Chouse,4,4
christen,Christen,4,4
christendom,Christendom,4,4
chronicle,Chronicle,4,4
chuckle,Chuckle,4,4
churl,Churl,4,4
churn,Churn,4,4
cilia,Cilia,4,4
cinder,Cinder,4,4
circulatory,Circulatory,4,4
circumference,Circumference,4,4
circumstantial,Circumstantial,4,4
cirrus,Cirrus,4,4
citation,Citation,4,4
city,City,4,4
clang,Clang,4,4
clay,Clay,4,4
clearance,Clearance,4,4
climber,Climber,4,4
cling,Cling,4,4
clink,Clink,4,4
clinker,Clinker,4,4
clipping,Clipping,4,4
closet,Closet,4,4
clothe,Clothe,4,4
clothing,Clothing,4,4
clown,Clown,4,4
cluck,Cluck,4,4
coak,Coak,4,4
coasting,Coasting,4,4
cobweb,Cobweb,4,4
cockatrice,Cockatrice,4,4
cocker,Cocker,4,4
cocket,Cocket,4,4
cockhorse,Cockhorse,4,4
cockpit,Cockpit,4,4
cocktail,Cocktail,4,4
cocoon,Cocoon,4,4
codex,Codex,4,4
coefficient,Coefficient,4,4
cognate,Cognate,4,4
coherent,Coherent,4,4
coif,Coif,4,4
coinage,Coinage,4,4
collared,Collared,4,4
college,College,4,4
colony,Colony,4,4
combat,Combat,4,4
combination,Combination,4,4
comforter,Comforter,4,4
commander,Commander,4,4
commandery,Commandery,4,4
commanding,Commanding,4,4
commandment,Commandment,4,4
commence,Commence,4,4
commensurate,Commensurate,4,4
comment,Comment,4,4
commissary,Commissary,4,4
commissure,Commissure,4,4
commodore,Commodore,4,4
communion,Communion,4,4
commutation,Commutation,4,4
competency,Competency,4,4
compile,Compile,4,4
complaint,Complaint,4,4
complete,Complete,4,4
comply,Comply,4,4
composite,Composite,4,4
compost,Compost,4,4
con,Con,4,4
concealment,Concealment,4,4
concede,Concede,4,4
conch,Conch,4,4
concordance,Concordance,4,4
concur,Concur,4,4
concurrence,Concurrence,4,4
condemnation,Condemnation,4,4
conditional,Conditional,4,4
confection,Confection,4,4
confer,Confer,4,4
confine,Confine,4,4
confirmation,Confirmation,4,4
conform,Conform,4,4
confound,Confound,4,4
confusion,Confusion,4,4
conge,Conge,4,4
conjure,Conjure,4,4
connection,Connection,4,4
connective,Connective,4,4
conoid,Conoid,4,4
conquer,Conquer,4,4
conquest,Conquest,4,4
conscience,Conscience,4,4
consequence,Consequence,4,4
consequentially,Consequentially,4,4
conservatory,Conservatory,4,4
consignment,Consignment,4,4
constitute,Constitute,4,4
construction,Construction,4,4
consul,Consul,4,4
contagion,Contagion,4,4
contain,Contain,4,4
contempt,Contempt,4,4
contend,Contend,4,4
contention,Contention,4,4
continental,Continental,4,4
contracted,Contracted,4,4
contradictory,Contradictory,4,4
contribution,Contribution,4,4
contrite,Contrite,4,4
convene,Convene,4,4
conveniency,Conveniency,4,4
convenient,Convenient,4,4
conventional,Conventional,4,4
conversant,Conversant,4,4
conviction,Conviction,4,4
convince,Convince,4,4
convocation,Convocation,4,4
corny,Corny,4,4
coronary,Coronary,4,4
coronated,Coronated,4,4
corporal,Corporal,4,4
corps,Corps,4,4
corrective,Corrective,4,4
correspondent,Correspondent,4,4
corrigible,Corrigible,4,4
corrosive,Corrosive,4,4
corruption,Corruption,4,4
cosmical,Cosmical,4,4
costa,Costa,4,4
cote,Cote,4,4
cotillion,Cotillion,4,4
cotter,Cotter,4,4
coucher,Coucher,4,4
counterbalance,Counterbalance,4,4
countermand,Countermand,4,4
countermarch,Countermarch,4,4
counterpart,Counterpart,4,4
countersink,Countersink,4,4
countersunk,Countersunk,4,4
counttenance,Counttenance,4,4
courtly,Courtly,4,4
courtship,Courtship,4,4
covey,Covey,4,4
cowhide,Cowhide,4,4
cowl,Cowl,4,4
crabbed,Crabbed,4,4
crackle,Crackle,4,4
cradling,Cradling,4,4
crag,Crag,4,4
crake,Crake,4,4
crayon,Crayon,4,4
crease,Crease,4,4
create,Create,4,4
creature,Creature,4,4
crested,Crested,4,4
cribble,Cribble,4,4
crime,Crime,4,4
criminal,Criminal,4,4
crimper,Crimper,4,4
crimson,Crimson,4,4
cripple,Cripple,4,4
criticise,Criticise,4,4
critique,Critique,4,4
croak,Croak,4,4
croaker,Croaker,4,4
crooked,Crooked,4,4
cropper,Cropper,4,4
crouch,Crouch,4,4
crowfoot,Crowfoot,4,4
cruel,Cruel,4,4
crumb,Crumb,4,4
crunch,Crunch,4,4
crusade,Crusade,4,4
cuckold,Cuckold,4,4
cucullated,Cucullated,4,4
culture,Culture,4,4
cumulative,Cumulative,4,4
curdle,Curdle,4,4
curious,Curious,4,4
cynical,Cynical,4,4
cyprian,Cyprian,4,4
daff,Daff,4,4
dagger,Dagger,4,4
daguerreotype,Daguerreotype,4,4
damage,Damage,4,4
dame,Dame,4,4
damn,Damn,4,4
dandy,Dandy,4,4
dauber,Dauber,4,4
daubing,Daubing,4,4
daughter,Daughter,4,4
daw,Daw,4,4
dawn,Dawn,4,4
deaconess,Deaconess,4,4
deaden,Deaden,4,4
decent,Decent,4,4
decision,Decision,4,4
declaim,Declaim,4,4
declaration,Declaration,4,4
decrease,Decrease,4,4
decrement,Decrement,4,4
decussated,Decussated,4,4
dedicate,Dedicate,4,4
deduction,Deduction,4,4
defame,Defame,4,4
defect,Defect,4,4
defend,Defend,4,4
defendant,Defendant,4,4
defensive,Defensive,4,4
definitive,Definitive,4,4
deflection,Deflection,4,4
degeneration,Degeneration,4,4
degrade,Degrade,4,4
degraded,Degraded,4,4
deluge,Deluge,4,4
delve,Delve,4,4
democracy,Democracy,4,4
demonstrative,Demonstrative,4,4
denial,Denial,4,4
dent,Dent,4,4
dental,Dental,4,4
dependency,Dependency,4,4
dependent,Dependent,4,4
deplore,Deplore,4,4
depone,Depone,4,4
depot,Depot,4,4
depravation,Depravation,4,4
derelict,Derelict,4,4
dereliction,Dereliction,4,4
describe,Describe,4,4
designate,Designate,4,4
designation,Designation,4,4
despite,Despite,4,4
detain,Detain,4,4
determinant,Determinant,4,4
devilfish,Devilfish,4,4
dew,Dew,4,4
diadem,Diadem,4,4
diagonal,Diagonal,4,4
dialogue,Dialogue,4,4
diameter,Diameter,4,4
dibble,Dibble,4,4
dice,Dice,4,4
dictum,Dictum,4,4
differ,Differ,4,4
differentiate,Differentiate,4,4
differentiation,Differentiation,4,4
difficulty,Difficulty,4,4
digestive,Digestive,4,4
digging,Digging,4,4
dilated,Dilated,4,4
diligence,Diligence,4,4
dilute,Dilute,4,4
diminution,Diminution,4,4
dimple,Dimple,4,4
dint,Dint,4,4
diptych,Diptych,4,4
director,Director,4,4
dirk,Dirk,4,4
dirt,Dirt,4,4
disable,Disable,4,4
disagreement,Disagreement,4,4
disarray,Disarray,4,4
disaster,Disaster,4,4
discern,Discern,4,4
disciple,Disciple,4,4
disclaim,Disclaim,4,4
discomfit,Discomfit,4,4
discomfort,Discomfort,4,4
discontent,Discontent,4,4
discontinuance,Discontinuance,4,4
discoursive,Discoursive,4,4
discrete,Discrete,4,4
discretion,Discretion,4,4
disease,Disease,4,4
dishonesty,Dishonesty,4,4
disinterest,Disinterest,4,4
disjunctive,Disjunctive,4,4
dislike,Dislike,4,4
dislodge,Dislodge,4,4
dismiss,Dismiss,4,4
dispensation,Dispensation,4,4
disperse,Disperse,4,4
displace,Displace,4,4
displayed,Displayed,4,4
displeasure,Displeasure,4,4
disport,Disport,4,4
disposal,Disposal,4,4
disrelish,Disrelish,4,4
dissecting,Dissecting,4,4
dissipate,Dissipate,4,4
distemperature,Distemperature,4,4
distillation,Distillation,4,4
distort,Distort,4,4
distortion,Distortion,4,4
distributive,Distributive,4,4
distrust,Distrust,4,4
disturb,Disturb,4,4
disturbance,Disturbance,4,4
diverse,Diverse,4,4
divider,Divider,4,4
divulge,Divulge,4,4
dizzy,Dizzy,4,4
dollar,Dollar,4,4
domain,Domain,4,4
dominion,Dominion,4,4
door,Door,4,4
doric,Doric,4,4
dorsal,Dorsal,4,4
douse,Douse,4,4
dovetail,Dovetail,4,4
dower,Dower,4,4
dowse,Dowse,4,4
doze,Doze,4,4
dragoon,Dragoon,4,4
drape,Drape,4,4
draughtsman,Draughtsman,4,4
drench,Drench,4,4
drinking,Drinking,4,4
drollery,Drollery,4,4
dropper,Dropper,4,4
drown,Drown,4,4
drunk,Drunk,4,4
drunken,Drunken,4,4
duct,Duct,4,4
duke,Duke,4,4
dumb,Dumb,4,4
duplicity,Duplicity,4,4
durance,Durance,4,4
dusky,Dusky,4,4
duster,Duster,4,4
dwell,Dwell,4,4
dwindle,Dwindle,4,4
dying,Dying,4,4
eagle,Eagle,4,4
earthly,Earthly,4,4
earthy,Earthy,4,4
earwig,Earwig,4,4
easterling,Easterling,4,4
eccentricity,Eccentricity,4,4
echelon,Echelon,4,4
ecliptic,Ecliptic,4,4
economy,Economy,4,4
eddy,Eddy,4,4
edify,Edify,4,4
effective,Effective,4,4
effeminate,Effeminate,4,4
efflorescence,Efflorescence,4,4
effusion,Effusion,4,4
egg,Egg,4,4
egret,Egret,4,4
eight,Eight,4,4
eighteenth,Eighteenth,4,4
eighth,Eighth,4,4
elate,Elate,4,4
elective,Elective,4,4
electrify,Electrify,4,4
eleemosynary,Eleemosynary,4,4
eleven,Eleven,4,4
elf,Elf,4,4
elimination,Elimination,4,4
elixir,Elixir,4,4
elongate,Elongate,4,4
elongation,Elongation,4,4
embark,Embark,4,4
embarrass,Embarrass,4,4
embattled,Embattled,4,4
emblem,Emblem,4,4
embossed,Embossed,4,4
embryo,Embryo,4,4
empale,Empale,4,4
enact,Enact,4,4
encounter,Encounter,4,4
endless,Endless,4,4
energy,Energy,4,4
enerlasting,Enerlasting,4,4
engraving,Engraving,4,4
enjoy,Enjoy,4,4
enlargement,Enlargement,4,4
enrich,Enrich,4,4
entertainment,Entertainment,4,4
enthusiasm,Enthusiasm,4,4
entireness,Entireness,4,4
envious,Envious,4,4
ephemeris,Ephemeris,4,4
epicurean,Epicurean,4,4
episcopate,Episcopate,4,4
epitaph,Epitaph,4,4
epizootic,Epizootic,4,4
equality,Equality,4,4
equestrian,Equestrian,4,4
equinoctial,Equinoctial,4,4
equivocal,Equivocal,4,4
errant,Errant,4,4
eruption,Eruption,4,4
eruptive,Eruptive,4,4
escalop,Escalop,4,4
esplanade,Esplanade,4,4
espy,Espy,4,4
estimable,Estimable,4,4
estimation,Estimation,4,4
etching,Etching,4,4
ether,Ether,4,4
evangelical,Evangelical,4,4
evaporation,Evaporation,4,4
event,Event,4,4
evidence,Evidence,4,4
excavation,Excavation,4,4
exception,Exception,4,4
excommunicate,Excommunicate,4,4
excursion,Excursion,4,4
exemplary,Exemplary,4,4
exhibition,Exhibition,4,4
exile,Exile,4,4
exit,Exit,4,4
expand,Expand,4,4
expect,Expect,4,4
expedient,Expedient,4,4
expedite,Expedite,4,4
experiment,Experiment,4,4
explanation,Explanation,4,4
exploit,Exploit,4,4
export,Export,4,4
exposition,Exposition,4,4
exposure,Exposure,4,4
exquisite,Exquisite,4,4
extort,Extort,4,4
extraordinary,Extraordinary,4,4
extremity,Extremity,4,4
eyeglass,Eyeglass,4,4
fact,Fact,4,4
factorial,Factorial,4,4
factum,Factum,4,4
fading,Fading,4,4
fain,Fain,4,4
faintness,Faintness,4,4
fairly,Fairly,4,4
faithful,Faithful,4,4
falsehood,Falsehood,4,4
fame,Fame,4,4
farewell,Farewell,4,4
fascia,Fascia,4,4
fasciated,Fasciated,4,4
fasten,Fasten,4,4
fastness,Fastness,4,4
fate,Fate,4,4
fathom,Fathom,4,4
fatigue,Fatigue,4,4
fauces,Fauces,4,4
favorite,Favorite,4,4
fay,Fay,4,4
fearful,Fearful,4,4
feat,Feat,4,4
feature,Feature,4,4
feeding,Feeding,4,4
feint,Feint,4,4
felon,Felon,4,4
feminine,Feminine,4,4
ferret,Ferret,4,4
fertile,Fertile,4,4
fet,Fet,4,4
fete,Fete,4,4
fetter,Fetter,4,4
fettle,Fettle,4,4
feverish,Feverish,4,4
fid,Fid,4,4
fidelity,Fidelity,4,4
fifth,Fifth,4,4
figurative,Figurative,4,4
filling,Filling,4,4
fillip,Fillip,4,4
filter,Filter,4,4
finale,Finale,4,4
finding,Finding,4,4
fineness,Fineness,4,4
finesse,Finesse,4,4
fingered,Fingered,4,4
fining,Fining,4,4
fishing,Fishing,4,4
fitting,Fitting,4,4
fixation,Fixation,4,4
fixing,Fixing,4,4
flagellum,Flagellum,4,4
flaming,Flaming,4,4
flange,Flange,4,4
flasher,Flasher,4,4
flashy,Flashy,4,4
flask,Flask,4,4
flatulent,Flatulent,4,4
fleer,Fleer,4,4
flexion,Flexion,4,4
flexure,Flexure,4,4
flicker,Flicker,4,4
florentine,Florentine,4,4
florid,Florid,4,4
floss,Floss,4,4
flounce,Flounce,4,4
flounder,Flounder,4,4
flowering,Flowering,4,4
fluent,Fluent,4,4
flunk,Flunk,4,4
flutist,Flutist,4,4
flutter,Flutter,4,4
foam,Foam,4,4
focus,Focus,4,4
foe,Foe,4,4
foist,Foist,4,4
follicle,Follicle,4,4
folly,Folly,4,4
fondling,Fondling,4,4
footstalk,Footstalk,4,4
forage,Forage,4,4
forebode,Forebode,4,4
forehand,Forehand,4,4
foreign,Foreign,4,4
foresight,Foresight,4,4
forest,Forest,4,4
forestall,Forestall,4,4
forester,Forester,4,4
forging,Forging,4,4
fornication,Fornication,4,4
fossilize,Fossilize,4,4
fountain,Fountain,4,4
four,Four,4,4
fourteenth,Fourteenth,4,4
fourth,Fourth,4,4
foxy,Foxy,4,4
fraction,Fraction,4,4
fracture,Fracture,4,4
fraise,Fraise,4,4
fraught,Fraught,4,4
freckle,Freckle,4,4
freighter,Freighter,4,4
frieze,Frieze,4,4
frit,Frit,4,4
frith,Frith,4,4
fritter,Fritter,4,4
friz,Friz,4,4
frock,Frock,4,4
frolic,Frolic,4,4
frosty,Frosty,4,4
frounce,Frounce,4,4
frow,Frow,4,4
frozen,Frozen,4,4
fuel,Fuel,4,4
fugitive,Fugitive,4,4
fumble,Fumble,4,4
funeral,Funeral,4,4
furrow,Furrow,4,4
further,Further,4,4
fusion,Fusion,4,4
fustian,Fustian,4,4
future,Future,4,4
gab,Gab,4,4
gabble,Gabble,4,4
gable,Gable,4,4
gallantry,Gallantry,4,4
gallopade,Gallopade,4,4
galvanize,Galvanize,4,4
gangway,Gangway,4,4
gaper,Gaper,4,4
garble,Garble,4,4
garden,Garden,4,4
gargle,Gargle,4,4
garnishment,Garnishment,4,4
garrison,Garrison,4,4
gas,Gas,4,4
gasp,Gasp,4,4
gaudy,Gaudy,4,4
gay,Gay,4,4
gaze,Gaze,4,4
gazetteer,Gazetteer,4,4
geld,Geld,4,4
generalize,Generalize,4,4
generant,Generant,4,4
generate,Generate,4,4
gentility,Gentility,4,4
gesture,Gesture,4,4
giant,Giant,4,4
gibbet,Gibbet,4,4
gild,Gild,4,4
girandole,Girandole,4,4
girl,Girl,4,4
girt,Girt,4,4
girth,Girth,4,4
giving,Giving,4,4
glad,Glad,4,4
glair,Glair,4,4
glamour,Glamour,4,4
glans,Glans,4,4
glaze,Glaze,4,4
gnaw,Gnaw,4,4
gnome,Gnome,4,4
gnomon,Gnomon,4,4
gonfalonier,Gonfalonier,4,4
goodly,Goodly,4,4
gopher,Gopher,4,4
gorged,Gorged,4,4
gorgon,Gorgon,4,4
gourd,Gourd,4,4
gout,Gout,4,4
gouty,Gouty,4,4
govern,Govern,4,4
governor,Governor,4,4
grab,Grab,4,4
gradual,Gradual,4,4
grafting,Grafting,4,4
grail,Grail,4,4
grand,Grand,4,4
granulation,Granulation,4,4
grape,Grape,4,4
gravelling,Gravelling,4,4
grayback,Grayback,4,4
grecian,Grecian,4,4
greek,Greek,4,4
grieve,Grieve,4,4
griffon,Griffon,4,4
grig,Grig,4,4
grill,Grill,4,4
groan,Groan,4,4
groom,Groom,4,4
groove,Groove,4,4
grope,Grope,4,4
groundnut,Groundnut,4,4
guarantee,Guarantee,4,4
guilty,Guilty,4,4
gulch,Gulch,4,4
gulf,Gulf,4,4
gull,Gull,4,4
gunner,Gunner,4,4
gush,Gush,4,4
habited,Habited,4,4
half-moon,Half-moon,4,4
handicap,Handicap,4,4
handsel,Handsel,4,4
handy,Handy,4,4
hap,Hap,4,4
happily,Happily,4,4
harden,Harden,4,4
harlotry,Harlotry,4,4
harpy,Harpy,4,4
harvest,Harvest,4,4
harvest-home,Harvest-home,4,4
hasp,Hasp,4,4
hate,Hate,4,4
hawse,Hawse,4,4
haze,Haze,4,4
hazel,Hazel,4,4
headpiece,Headpiece,4,4
healthful,Healthful,4,4
hearken,Hearken,4,4
hearty,Hearty,4,4
heavenly,Heavenly,4,4
hectic,Hectic,4,4
hedgehog,Hedgehog,4,4
helix,Helix,4,4
helpless,Helpless,4,4
helve,Helve,4,4
hesperian,Hesperian,4,4
heteromerous,Heteromerous,4,4
hidebound,Hidebound,4,4
hierarchy,Hierarchy,4,4
hill,Hill,4,4
hinder,Hinder,4,4
hirsute,Hirsute,4,4
hither,Hither,4,4
hocuspocus,Hocuspocus,4,4
hoe,Hoe,4,4
hogfish,Hogfish,4,4
hoiden,Hoiden,4,4
holder,Holder,4,4
homeliness,Homeliness,4,4
homely,Homely,4,4
homespun,Homespun,4,4
hone,Hone,4,4
honesty,Honesty,4,4
hoof,Hoof,4,4
hooker,Hooker,4,4
horner,Horner,4,4
horoscope,Horoscope,4,4
horror,Horror,4,4
horseman,Horseman,4,4
hose,Hose,4,4
hothouse,Hothouse,4,4
housekeeping,Housekeeping,4,4
housewife,Housewife,4,4
hove,Hove,4,4
hovel,Hovel,4,4
hoven,Hoven,4,4
huddle,Huddle,4,4
hulk,Hulk,4,4
humanize,Humanize,4,4
humbug,Humbug,4,4
humdrum,Humdrum,4,4
humpback,Humpback,4,4
hurdle,Hurdle,4,4
hurrah,Hurrah,4,4
hussy,Hussy,4,4
huswife,Huswife,4,4
huzza,Huzza,4,4
hyacinth,Hyacinth,4,4
hyaline,Hyaline,4,4
hydra,Hydra,4,4
hyperborean,Hyperborean,4,4
hypnotic,Hypnotic,4,4
hypostasis,Hypostasis,4,4
i,I,4,4
idiot,Idiot,4,4
idol,Idol,4,4
ignoble,Ignoble,4,4
illusion,Illusion,4,4
imagery,Imagery,4,4
imagination,Imagination,4,4
imitation,Imitation,4,4
imitative,Imitative,4,4
immerse,Immerse,4,4
immersed,Immersed,4,4
immersion,Immersion,4,4
impair,Impair,4,4
impalement,Impalement,4,4
impatient,Impatient,4,4
impeachment,Impeachment,4,4
imperative,Imperative,4,4
impertinent,Impertinent,4,4
implement,Implement,4,4
importance,Importance,4,4
important,Important,4,4
impotent,Impotent,4,4
imprint,Imprint,4,4
improper,Improper,4,4
impropriate,Impropriate,4,4
improvise,Improvise,4,4
impulsive,Impulsive,4,4
imputation,Imputation,4,4
inarticulate,Inarticulate,4,4
incendiary,Incendiary,4,4
inclined,Inclined,4,4
inclose,Inclose,4,4
income,Income,4,4
incoming,Incoming,4,4
incontinent,Incontinent,4,4
incorruptible,Incorruptible,4,4
incrassated,Incrassated,4,4
increment,Increment,4,4
incrustation,Incrustation,4,4
incumbency,Incumbency,4,4
indefinite,Indefinite,4,4
indifference,Indifference,4,4
indite,Indite,4,4
indivisible,Indivisible,4,4
indorse,Indorse,4,4
indulgence,Indulgence,4,4
infamous,Infamous,4,4
infectious,Infectious,4,4
infirm,Infirm,4,4
infringe,Infringe,4,4
ingenious,Ingenious,4,4
ingenuous,Ingenuous,4,4
ingress,Ingress,4,4
initial,Initial,4,4
inject,Inject,4,4
ink,Ink,4,4
innate,Innate,4,4
inning,Inning,4,4
innocence,Innocence,4,4
inosculate,Inosculate,4,4
inquest,Inquest,4,4
inquire,Inquire,4,4
insane,Insane,4,4
inscription,Inscription,4,4
insensible,Insensible,4,4
insertion,Insertion,4,4
insinuation,Insinuation,4,4
insolence,Insolence,4,4
insolvent,Insolvent,4,4
inspired,Inspired,4,4
instruction,Instruction,4,4
insulated,Insulated,4,4
insurance,Insurance,4,4
intemperate,Intemperate,4,4
intensity,Intensity,4,4
intensive,Intensive,4,4
intercurrent,Intercurrent,4,4
interior,Interior,4,4
intermission,Intermission,4,4
international,International,4,4
interpellation,Interpellation,4,4
interpolated,Interpolated,4,4
interruption,Interruption,4,4
intonate,Intonate,4,4
intonation,Intonation,4,4
intrenchment,Intrenchment,4,4
introduction,Introduction,4,4
intrude,Intrude,4,4
intrusion,Intrusion,4,4
intussusception,Intussusception,4,4
inverse,Inverse,4,4
investment,Investment,4,4
invisible,Invisible,4,4
invite,Invite,4,4
inwardly,Inwardly,4,4
irish,Irish,4,4
irony,Irony,4,4
irradiation,Irradiation,4,4
irritable,Irritable,4,4
island,Island,4,4
ivory,Ivory,4,4
jabber,Jabber,4,4
jangling,Jangling,4,4
japan,Japan,4,4
jarring,Jarring,4,4
jealous,Jealous,4,4
jewfish,Jewfish,4,4
jobber,Jobber,4,4
joggle,Joggle,4,4
joinder,Joinder,4,4
joke,Joke,4,4
journey,Journey,4,4
judicial,Judicial,4,4
jumble,Jumble,4,4
junket,Junket,4,4
justification,Justification,4,4
jut,Jut,4,4
kell,Kell,4,4
kilted,Kilted,4,4
kingfish,Kingfish,4,4
kink,Kink,4,4
kipper,Kipper,4,4
knacker,Knacker,4,4
knag,Knag,4,4
knave,Knave,4,4
knife,Knife,4,4
knob,Knob,4,4
knoll,Knoll,4,4
knowing,Knowing,4,4
l,L,4,4
la,La,4,4
labiate,Labiate,4,4
lady's finger,Lady's finger,4,4
lake,Lake,4,4
lamb,Lamb,4,4
lame,Lame,4,4
lament,Lament,4,4
laminate,Laminate,4,4
lamp,Lamp,4,4
lapidary,Lapidary,4,4
lark,Lark,4,4
lastage,Lastage,4,4
lathe,Lathe,4,4
latter,Latter,4,4
lattice,Lattice,4,4
laud,Laud,4,4
launder,Launder,4,4
lave,Lave,4,4
lawyer,Lawyer,4,4
lax,Lax,4,4
layer,Layer,4,4
laying,Laying,4,4
leading,Leading,4,4
leaf,Leaf,4,4
leash,Leash,4,4
leaven,Leaven,4,4
leet,Leet,4,4
legal,Legal,4,4
legate,Legate,4,4
legation,Legation,4,4
legion,Legion,4,4
lend,Lend,4,4
lenitive,Lenitive,4,4
lere,Lere,4,4
lettered,Lettered,4,4
lettic,Lettic,4,4
leve,Leve,4,4
lewd,Lewd,4,4
ley,Ley,4,4
lieutenant,Lieutenant,4,4
likeness,Likeness,4,4
lilliputian,Lilliputian,4,4
limpet,Limpet,4,4
lineal,Lineal,4,4
linen,Linen,4,4
literature,Literature,4,4
lithe,Lithe,4,4
lithic,Lithic,4,4
loan,Loan,4,4
lob,Lob,4,4
locality,Locality,4,4
lodging,Lodging,4,4
lodgment,Lodgment,4,4
loll,Loll,4,4
lombard,Lombard,4,4
loneliness,Loneliness,4,4
lonely,Lonely,4,4
loof,Loof,4,4
looking,Looking,4,4
lookout,Lookout,4,4
loosen,Loosen,4,4
lucern,Lucern,4,4
lucid,Lucid,4,4
lucifer,Lucifer,4,4
lull,Lull,4,4
lunge,Lunge,4,4
lunule,Lunule,4,4
lusty,Lusty,4,4
luxury,Luxury,4,4
lyceum,Lyceum,4,4
lymphatic,Lymphatic,4,4
lyric,Lyric,4,4
m,M,4,4
macaronic,Macaronic,4,4
machinery,Machinery,4,4
maid,Maid,4,4
maim,Maim,4,4
malignancy,Malignancy,4,4
malkin,Malkin,4,4
malt,Malt,4,4
management,Management,4,4
mangle,Mangle,4,4
mankind,Mankind,4,4
manual,Manual,4,4
many,Many,4,4
mar,Mar,4,4
marbled,Marbled,4,4
marbling,Marbling,4,4
marc,Marc,4,4
marriage,Marriage,4,4
marrow,Marrow,4,4
martyr,Martyr,4,4
masculine,Masculine,4,4
masked,Masked,4,4
masonry,Masonry,4,4
mast,Mast,4,4
mastership,Mastership,4,4
matin,Matin,4,4
matriculate,Matriculate,4,4
matted,Matted,4,4
maunder,Maunder,4,4
maw,Maw,4,4
meaning,Meaning,4,4
meat,Meat,4,4
megrim,Megrim,4,4
men,Men,4,4
menace,Menace,4,4
mend,Mend,4,4
menial,Menial,4,4
merchandise,Merchandise,4,4
mercy,Mercy,4,4
merino,Merino,4,4
merry,Merry,4,4
mesh,Mesh,4,4
message,Message,4,4
messenger,Messenger,4,4
met-,Met-,4,4
metalloid,Metalloid,4,4
middle,Middle,4,4
midshipman,Midshipman,4,4
midst,Midst,4,4
milesian,Milesian,4,4
miliary,Miliary,4,4
milky,Milky,4,4
milt,Milt,4,4
miscreant,Miscreant,4,4
miser,Miser,4,4
miserere,Miserere,4,4
misgive,Misgive,4,4
missive,Missive,4,4
misuse,Misuse,4,4
mite,Mite,4,4
moderation,Moderation,4,4
moderator,Moderator,4,4
money,Money,4,4
monition,Monition,4,4
monument,Monument,4,4
mooring,Mooring,4,4
morally,Morally,4,4
mormon,Mormon,4,4
morris,Morris,4,4
mortgage,Mortgage,4,4
mortifying,Mortifying,4,4
mortuary,Mortuary,4,4
mosaic,Mosaic,4,4
most,Most,4,4
moulder,Moulder,4,4
moult,Moult,4,4
mountebank,Mountebank,4,4
mourn,Mourn,4,4
movable,Movable,4,4
mover,Mover,4,4
moving,Moving,4,4
mudfish,Mudfish,4,4
muffler,Muffler,4,4
mulct,Mulct,4,4
mule,Mule,4,4
mullet,Mullet,4,4
multiplication,Multiplication,4,4
mum,Mum,4,4
murder,Murder,4,4
muss,Muss,4,4
mutiny,Mutiny,4,4
mutter,Mutter,4,4
nab,Nab,4,4
naiad,Naiad,4,4
nameless,Nameless,4,4
nappy,Nappy,4,4
naughty,Naughty,4,4
navigation,Navigation,4,4
neighborhood,Neighborhood,4,4
nestling,Nestling,4,4
nettling,Nettling,4,4
neurotic,Neurotic,4,4
ney,Ney,4,4
niello,Niello,4,4
niggle,Niggle,4,4
nill,Nill,4,4
ninetieth,Ninetieth,4,4
nipple,Nipple,4,4
no,No,4,4
nominate,Nominate,4,4
northwest,Northwest,4,4
notch,Notch,4,4
novice,Novice,4,4
novitiate,Novitiate,4,4
nowel,Nowel,4,4
nubecula,Nubecula,4,4
numeral,Numeral,4,4
nun,Nun,4,4
nurture,Nurture,4,4
nutation,Nutation,4,4
nymph,Nymph,4,4
oar,Oar,4,4
oared,Oared,4,4
oath,Oath,4,4
obey,Obey,4,4
oblate,Oblate,4,4
observatory,Observatory,4,4
observer,Observer,4,4
obtain,Obtain,4,4
occur,Occur,4,4
ocean,Ocean,4,4
octant,Octant,4,4
offensive,Offensive,4,4
offering,Offering,4,4
officer,Officer,4,4
opera,Opera,4,4
operative,Operative,4,4
operator,Operator,4,4
opetide,Opetide,4,4
oppress,Oppress,4,4
oppression,Oppression,4,4
orange,Orange,4,4
orator,Orator,4,4
orbit,Orbit,4,4
ordain,Ordain,4,4
ore,Ore,4,4
organization,Organization,4,4
orientation,Orientation,4,4
ortho-,Ortho-,4,4
ounce,Ounce,4,4
outer,Outer,4,4
outfield,Outfield,4,4
outlay,Outlay,4,4
outrigger,Outrigger,4,4
oval,Oval,4,4
overgo,Overgo,4,4
overhand,Overhand,4,4
overpass,Overpass,4,4
override,Override,4,4
overrule,Overrule,4,4
overshoot,Overshoot,4,4
overturn,Overturn,4,4
overwhelm,Overwhelm,4,4
owe,Owe,4,4
oxidize,Oxidize,4,4
package,Package,4,4
pageant,Pageant,4,4
pallium,Pallium,4,4
palmated,Palmated,4,4
palmer,Palmer,4,4
palter,Palter,4,4
pander,Pander,4,4
panic,Panic,4,4
pannier,Pannier,4,4
paralytic,Paralytic,4,4
parathesis,Parathesis,4,4
parliament,Parliament,4,4
parlor,Parlor,4,4
parrot,Parrot,4,4
parry,Parry,4,4
parted,Parted,4,4
partial,Partial,4,4
participate,Participate,4,4
partner,Partner,4,4
partnership,Partnership,4,4
pash,Pash,4,4
passant,Passant,4,4
passive,Passive,4,4
passport,Passport,4,4
pate,Pate,4,4
patella,Patella,4,4
path,Path,4,4
peccant,Peccant,4,4
pecten,Pecten,4,4
pedagogue,Pedagogue,4,4
pedal,Pedal,4,4
pedestal,Pedestal,4,4
penal,Penal,4,4
penance,Penance,4,4
penciled,Penciled,4,4
pend,Pend,4,4
penetrate,Penetrate,4,4
pensionary,Pensionary,4,4
perception,Perception,4,4
perennial,Perennial,4,4
perform,Perform,4,4
peripatetic,Peripatetic,4,4
perk,Perk,4,4
permutation,Permutation,4,4
perpendicular,Perpendicular,4,4
perplex,Perplex,4,4
persian,Persian,4,4
persistency,Persistency,4,4
pert,Pert,4,4
pervert,Pervert,4,4
pervious,Pervious,4,4
pestle,Pestle,4,4
petition,Petition,4,4
petrifaction,Petrifaction,4,4
petrify,Petrify,4,4
petrosal,Petrosal,4,4
phase,Phase,4,4
philander,Philander,4,4
phlegm,Phlegm,4,4
phlegmatic,Phlegmatic,4,4
physical,Physical,4,4
physiognomy,Physiognomy,4,4
pica,Pica,4,4
picker,Picker,4,4
picture,Picture,4,4
piecemeal,Piecemeal,4,4
pierce,Pierce,4,4
pikeman,Pikeman,4,4
piled,Piled,4,4
pilgrim,Pilgrim,4,4
piling,Piling,4,4
pillage,Pillage,4,4
pip,Pip,4,4
pitcher,Pitcher,4,4
pitching,Pitching,4,4
piteous,Piteous,4,4
plague,Plague,4,4
plait,Plait,4,4
planting,Planting,4,4
plasma,Plasma,4,4
plastic,plastic,4,4
plastron,Plastron,4,4
plating,Plating,4,4
plea,Plea,4,4
plebeian,Plebeian,4,4
pleura,Pleura,4,4
plummet,Plummet,4,4
plumper,Plumper,4,4
pluralize,Pluralize,4,4
pneumatical,Pneumatical,4,4
pod,Pod,4,4
podium,Podium,4,4
polar,Polar,4,4
polemic,Polemic,4,4
poling,Poling,4,4
polite,Polite,4,4
politic,Politic,4,4
political,Political,4,4
polling,Polling,4,4
pollute,Pollute,4,4
polonaise,Polonaise,4,4
polyglot,Polyglot,4,4
pontiff,Pontiff,4,4
pontifical,Pontifical,4,4
pony,Pony,4,4
poop,Poop,4,4
pope,Pope,4,4
popinjay,Popinjay,4,4
populous,Populous,4,4
porter,Porter,4,4
portraiture,Portraiture,4,4
postdate,Postdate,4,4
poster,Poster,4,4
posterior,Posterior,4,4
postil,Postil,4,4
potting,Potting,4,4
pouched,Pouched,4,4
powdered,Powdered,4,4
practical,Practical,4,4
practically,Practically,4,4
prank,Prank,4,4
pray,Pray,4,4
prayer,Prayer,4,4
precaution,Precaution,4,4
precipitation,Precipitation,4,4
precontract,Precontract,4,4
preface,Preface,4,4
prefer,Prefer,4,4
prejudicate,Prejudicate,4,4
prelude,Prelude,4,4
premium,Premium,4,4
preponderate,Preponderate,4,4
presbyter,Presbyter,4,4
presentment,Presentment,4,4
presidency,Presidency,4,4
presume,Presume,4,4
presumption,Presumption,4,4
pretence,Pretence,4,4
prevaricate,Prevaricate,4,4
prevarication,Prevarication,4,4
prevent,Prevent,4,4
prevention,Prevention,4,4
prey,Prey,4,4
pricker,Pricker,4,4
prickle,Prickle,4,4
prim,Prim,4,4
priming,Priming,4,4
primitive,Primitive,4,4
primordial,Primordial,4,4
prison,Prison,4,4
privacy,Privacy,4,4
procuration,Procuration,4,4
prod,Prod,4,4
proffer,Proffer,4,4
profligate,Profligate,4,4
prognostic,Prognostic,4,4
programma,Programma,4,4
progression,Progression,4,4
projectile,Projectile,4,4
prolepsis,Prolepsis,4,4
proliferous,Proliferous,4,4
promethean,Promethean,4,4
promoter,Promoter,4,4
prompt,Prompt,4,4
proneness,Proneness,4,4
prong,Prong,4,4
prophesy,Prophesy,4,4
prophet,Prophet,4,4
proprietary,Proprietary,4,4
prosecution,Prosecution,4,4
prostration,Prostration,4,4
protection,Protection,4,4
providence,Providence,4,4
provisor,Provisor,4,4
prow,Prow,4,4
prowl,Prowl,4,4
pry,Pry,4,4
publication,Publication,4,4
publish,Publish,4,4
pudding,Pudding,4,4
puddling,Puddling,4,4
pugging,Pugging,4,4
puisne,Puisne,4,4
puke,Puke,4,4
pulpit,Pulpit,4,4
pulsation,Pulsation,4,4
pun,Pun,4,4
puncheon,Puncheon,4,4
punk,Punk,4,4
pupil,Pupil,4,4
puppet,Puppet,4,4
pursuit,Pursuit,4,4
purvey,Purvey,4,4
pussy,Pussy,4,4
putrefy,Putrefy,4,4
puttock,Puttock,4,4
pyrrhic,Pyrrhic,4,4
pyx,Pyx,4,4
quadrant,Quadrant,4,4
quadrature,Quadrature,4,4
quadruple,Quadruple,4,4
quake,Quake,4,4
qualm,Qualm,4,4
quarantine,Quarantine,4,4
quart,Quart,4,4
quash,Quash,4,4
quaternary,Quaternary,4,4
quibble,Quibble,4,4
quickness,Quickness,4,4
quiescent,Quiescent,4,4
quietly,Quietly,4,4
quilt,Quilt,4,4
quiver,Quiver,4,4
rabid,Rabid,4,4
radiated,Radiated,4,4
radicated,Radicated,4,4
radix,Radix,4,4
raff,Raff,4,4
raffle,Raffle,4,4
railing,Railing,4,4
raising,Raising,4,4
raker,Raker,4,4
ramification,Ramification,4,4
rammer,Rammer,4,4
ran,Ran,4,4
rand,Rand,4,4
rapid,Rapid,4,4
rapture,Rapture,4,4
rasp,Rasp,4,4
rat-tail,Rat-tail,4,4
re-demption,Re-demption,4,4
reasonable,Reasonable,4,4
rebel,Rebel,4,4
rebut,Rebut,4,4
recline,Recline,4,4
recluse,Recluse,4,4
recognizance,Recognizance,4,4
recollection,Recollection,4,4
reconnaissance,Reconnaissance,4,4
recusant,Recusant,4,4
redbreast,Redbreast,4,4
rede,Rede,4,4
redfish,Redfish,4,4
redhead,Redhead,4,4
redound,Redound,4,4
reduplicate,Reduplicate,4,4
reef,Reef,4,4
reflected,Reflected,4,4
reflective,Reflective,4,4
reflector,Reflector,4,4
refraction,Refraction,4,4
refrain,Refrain,4,4
refrigeratory,Refrigeratory,4,4
refuge,Refuge,4,4
refund,Refund,4,4
regale,Regale,4,4
regalia,Regalia,4,4
regiment,Regiment,4,4
regulator,Regulator,4,4
rejoice,Rejoice,4,4
rejoicing,Rejoicing,4,4
related,Related,4,4
religion,Religion,4,4
remainder,Remainder,4,4
remedy,Remedy,4,4
remitter,Remitter,4,4
remnant,Remnant,4,4
remonstrance,Remonstrance,4,4
renegade,Renegade,4,4
repellent,Repellent,4,4
repercussion,Repercussion,4,4
repercussive,Repercussive,4,4
replication,Replication,4,4
repress,Repress,4,4
reprieve,Reprieve,4,4
reprisal,Reprisal,4,4
reprove,Reprove,4,4
repulse,Repulse,4,4
reputation,Reputation,4,4
resemblance,Resemblance,4,4
resemble,Resemble,4,4
resentment,Resentment,4,4
resident,Resident,4,4
residue,Residue,4,4
resistance,Resistance,4,4
resolvent,Resolvent,4,4
respectively,Respectively,4,4
respiration,Respiration,4,4
respire,Respire,4,4
respondent,Respondent,4,4
responsory,Responsory,4,4
restitution,Restitution,4,4
restive,Restive,4,4
resultant,Resultant,4,4
resume,Resume,4,4
resurrection,Resurrection,4,4
retard,Retard,4,4
retardation,Retardation,4,4
retinaculum,Retinaculum,4,4
retraction,Retraction,4,4
reveal,Reveal,4,4
revel,Revel,4,4
revie,Revie,4,4
rhetoric,Rhetoric,4,4
rhetorician,Rhetorician,4,4
rhythm,Rhythm,4,4
righteousness,Righteousness,4,4
rightful,Rightful,4,4
rightly,Rightly,4,4
ripen,Ripen,4,4
ripper,Ripper,4,4
risk,Risk,4,4
ritual,Ritual,4,4
river,River,4,4
rivet,Rivet,4,4
road,Road,4,4
roarer,Roarer,4,4
robin,Robin,4,4
rockfish,Rockfish,4,4
rodent,Rodent,4,4
roe,Roe,4,4
roil,Roil,4,4
rolling,Rolling,4,4
romanize,Romanize,4,4
romantic,Romantic,4,4
rosary,Rosary,4,4
rotatory,Rotatory,4,4
rotund,Rotund,4,4
roulette,Roulette,4,4
roundhouse,Roundhouse,4,4
rounding,Rounding,4,4
roving,Roving,4,4
rowel,Rowel,4,4
rubble,Rubble,4,4
rud,Rud,4,4
ruddle,Ruddle,4,4
rudiment,Rudiment,4,4
ruffian,Ruffian,4,4
rug,Rug,4,4
ruinate,Ruinate,4,4
rumor,Rumor,4,4
rundle,Rundle,4,4
runt,Runt,4,4
rustle,Rustle,4,4
ruthful,Ruthful,4,4
sacrament,Sacrament,4,4
sacramentarian,Sacramentarian,4,4
saddleback,Saddleback,4,4
safe-conduct,Safe-conduct,4,4
safeguard,Safeguard,4,4
sallow,Sallow,4,4
salmon,Salmon,4,4
salvage,Salvage,4,4
sample,Sample,4,4
sanctify,Sanctify,4,4
sanded,Sanded,4,4
sanguinary,Sanguinary,4,4
sapphire,Sapphire,4,4
satiate,Satiate,4,4
saturnian,Saturnian,4,4
scad,Scad,4,4
scaffold,Scaffold,4,4
scaled,Scaled,4,4
scalloped,Scalloped,4,4
scalper,Scalper,4,4
scaly,Scaly,4,4
scapulary,Scapulary,4,4
scarlet,Scarlet,4,4
scarp,Scarp,4,4
scatter,Scatter,4,4
scholar,Scholar,4,4
scholastic,Scholastic,4,4
scoff,Scoff,4,4
scold,Scold,4,4
scorse,Scorse,4,4
scrabble,Scrabble,4,4
scraping,Scraping,4,4
scribbling,Scribbling,4,4
scrip,Scrip,4,4
script,Script,4,4
scrupulous,Scrupulous,4,4
scumbling,Scumbling,4,4
scurf,Scurf,4,4
scutum,Scutum,4,4
sea perch,Sea perch,4,4
sea trout,Sea trout,4,4
sea wolf,Sea wolf,4,4
seasoning,Seasoning,4,4
secrecy,Secrecy,4,4
seeming,Seeming,4,4
segregate,Segregate,4,4
seizing,Seizing,4,4
self,Self,4,4
semblant,Semblant,4,4
semicircle,Semicircle,4,4
sensibility,Sensibility,4,4
sensual,Sensual,4,4
sentiment,Sentiment,4,4
separation,Separation,4,4
separator,Separator,4,4
sepia,Sepia,4,4
septic,Septic,4,4
sequela,Sequela,4,4
sequent,Sequent,4,4
serenade,Serenade,4,4
serious,Serious,4,4
serpentine,Serpentine,4,4
servant,Servant,4,4
settler,Settler,4,4
seventieth,Seventieth,4,4
sewer,Sewer,4,4
sex,Sex,4,4
shaken,Shaken,4,4
shamble,Shamble,4,4
shaper,Shaper,4,4
sheal,Sheal,4,4
sheath,Sheath,4,4
sheathe,Sheathe,4,4
sheathing,Sheathing,4,4
sheeting,Sheeting,4,4
shelf,Shelf,4,4
shifter,Shifter,4,4
shooter,Shooter,4,4
shop,Shop,4,4
shout,Shout,4,4
shovelnose,Shovelnose,4,4
shrew,Shrew,4,4
shrill,Shrill,4,4
shrine,Shrine,4,4
shuck,Shuck,4,4
shuffling,Shuffling,4,4
shuttle,Shuttle,4,4
silken,Silken,4,4
similar,Similar,4,4
sincere,Sincere,4,4
sinew,Sinew,4,4
singe,Singe,4,4
singer,Singer,4,4
singsong,Singsong,4,4
singularity,Singularity,4,4
sinister,Sinister,4,4
sir,Sir,4,4
sister,Sister,4,4
sithe,Sithe,4,4
situation,Situation,4,4
sixtieth,Sixtieth,4,4
skelp,Skelp,4,4
sketch,Sketch,4,4
skimp,Skimp,4,4
skink,Skink,4,4
skipjack,Skipjack,4,4
slat,Slat,4,4
sleepy,Sleepy,4,4
slick,Slick,4,4
slicker,Slicker,4,4
sliver,Sliver,4,4
sloth,Sloth,4,4
slue,Slue,4,4
sluggish,Sluggish,4,4
smash,Smash,4,4
smear,Smear,4,4
smee,Smee,4,4
smock,Smock,4,4
smoulder,Smoulder,4,4
snake,Snake,4,4
sniff,Sniff,4,4
snob,Snob,4,4
snook,Snook,4,4
snowball,Snowball,4,4
snuffle,Snuffle,4,4
sob,Sob,4,4
sock,Sock,4,4
solder,Solder,4,4
solemnize,Solemnize,4,4
solvent,Solvent,4,4
sombre,Sombre,4,4
something,Something,4,4
sometime,Sometime,4,4
sop,Sop,4,4
soup,Soup,4,4
sozzle,Sozzle,4,4
spalt,Spalt,4,4
spang,Spang,4,4
spangle,Spangle,4,4
spanner,Spanner,4,4
spatter,Spatter,4,4
speaker,Speaker,4,4
specialty,Specialty,4,4
spectacle,Spectacle,4,4
specular,Specular,4,4
speculate,Speculate,4,4
speculative,Speculative,4,4
sphenoid,Sphenoid,4,4
spile,Spile,4,4
spinner,Spinner,4,4
spinster,Spinster,4,4
spiny,Spiny,4,4
spiracle,Spiracle,4,4
spiritualist,Spiritualist,4,4
spitted,Spitted,4,4
spittle,Spittle,4,4
splice,Splice,4,4
splinter,Splinter,4,4
spoonbill,Spoonbill,4,4
spore,Spore,4,4
spright,Spright,4,4
sprinkling,Sprinkling,4,4
sprit,Sprit,4,4
spurt,Spurt,4,4
squabble,Squabble,4,4
squarrose,Squarrose,4,4
squealer,Squealer,4,4
squill,Squill,4,4
stammel,Stammel,4,4
starch,Starch,4,4
starry,Starry,4,4
startle,Startle,4,4
stationary,Stationary,4,4
stench,Stench,4,4
stent,Stent,4,4
stere,Stere,4,4
stereotype,Stereotype,4,4
sterile,Sterile,4,4
sterling,Sterling,4,4
stiffen,Stiffen,4,4
stile,Stile,4,4
stiletto,Stiletto,4,4
stilt,Stilt,4,4
stimulant,Stimulant,4,4
stipe,Stipe,4,4
stipulation,Stipulation,4,4
stoma,Stoma,4,4
stope,Stope,4,4
stopper,Stopper,4,4
stopping,Stopping,4,4
storied,Storied,4,4
straggler,Straggler,4,4
strangle,Strangle,4,4
straw,Straw,4,4
streaming,Streaming,4,4
stricken,Stricken,4,4
stricture,Stricture,4,4
strife,Strife,4,4
strumpet,Strumpet,4,4
stubbed,Stubbed,4,4
stuffing,Stuffing,4,4
stun,Stun,4,4
stylet,Stylet,4,4
stylus,Stylus,4,4
subaltern,Subaltern,4,4
subcontrary,Subcontrary,4,4
subjected,Subjected,4,4
sublimate,Sublimate,4,4
submission,Submission,4,4
subsist,Subsist,4,4
subtilty,Subtilty,4,4
subtle,Subtle,4,4
subvention,Subvention,4,4
success,Success,4,4
such,Such,4,4
sufficient,Sufficient,4,4
suffocate,Suffocate,4,4
suitor,Suitor,4,4
sullage,Sullage,4,4
summons,Summons,4,4
sump,Sump,4,4
sumpter,Sumpter,4,4
sunder,Sunder,4,4
sup,Sup,4,4
superlative,Superlative,4,4
supernumerary,Supernumerary,4,4
supersede,Supersede,4,4
supine,Supine,4,4
supplement,Supplement,4,4
suppress,Suppress,4,4
surrogate,Surrogate,4,4
surrounding,Surrounding,4,4
swabber,Swabber,4,4
swad,Swad,4,4
swag,Swag,4,4
swagger,Swagger,4,4
swart,Swart,4,4
swelling,Swelling,4,4
swelt,Swelt,4,4
swelter,Swelter,4,4
swifter,Swifter,4,4
swink,Swink,4,4
swordfish,Swordfish,4,4
syllable,Syllable,4,4
sylvan,Sylvan,4,4
symmetry,Symmetry,4,4
sympathetic,Sympathetic,4,4
symphony,Symphony,4,4
systematical,Systematical,4,4
syzygy,Syzygy,4,4
tabor,Tabor,4,4
tachometer,Tachometer,4,4
tackling,Tackling,4,4
tagger,Tagger,4,4
tailing,Tailing,4,4
tailpiece,Tailpiece,4,4
talent,Talent,4,4
tallow,Tallow,4,4
talon,Talon,4,4
talus,Talus,4,4
tariff,Tariff,4,4
tarnish,Tarnish,4,4
tath,Tath,4,4
taxation,Taxation,4,4
teach,Teach,4,4
teasel,Teasel,4,4
tegmen,Tegmen,4,4
telescopical,Telescopical,4,4
teller,Teller,4,4
temperature,Temperature,4,4
templar,Templar,4,4
temporal,Temporal,4,4
tempt,Tempt,4,4
tenacity,Tenacity,4,4
tenement,Tenement,4,4
tenuity,Tenuity,4,4
tenure,Tenure,4,4
terminal,Terminal,4,4
terminus,Terminus,4,4
terrier,Terrier,4,4
tester,Tester,4,4
tete-a-tete,Tete-a-tete,4,4
textuary,Textuary,4,4
theca,Theca,4,4
thence,Thence,4,4
theory,Theory,4,4
thickset,Thickset,4,4
thither,Thither,4,4
tho,Tho,4,4
thole,Thole,4,4
thorax,Thorax,4,4
thousandth,Thousandth,4,4
thresh,Thresh,4,4
thrid,Thrid,4,4
thrift,Thrift,4,4
throe,Throe,4,4
thrush,Thrush,4,4
thrusting,Thrusting,4,4
thump,Thump,4,4
thunderbolt,Thunderbolt,4,4
thundering,Thundering,4,4
tickler,Tickler,4,4
tiff,Tiff,4,4
tin,Tin,4,4
tinsel,Tinsel,4,4
tipple,Tipple,4,4
tiptoe,Tiptoe,4,4
titling,Titling,4,4
tod,Tod,4,4
tomb,Tomb,4,4
tonnage,Tonnage,4,4
topgallant,Topgallant,4,4
tortuous,Tortuous,4,4
tossing,Tossing,4,4
touching,Touching,4,4
traction,Traction,4,4
trading,Trading,4,4
traitor,Traitor,4,4
traject,Traject,4,4
transgress,Transgress,4,4
transient,Transient,4,4
transition,Transition,4,4
transposition,Transposition,4,4
trapezoid,Trapezoid,4,4
traumatic,Traumatic,4,4
tray,Tray,4,4
treacle,Treacle,4,4
treasure,Treasure,4,4
treaty,Treaty,4,4
tremble,Tremble,4,4
triad,Triad,4,4
tribute,Tribute,4,4
trier,Trier,4,4
trig,Trig,4,4
trimmer,Trimmer,4,4
trine,Trine,4,4
triple,Triple,4,4
triplet,Triplet,4,4
triumplant,Triumplant,4,4
trochilus,Trochilus,4,4
trochoid,Trochoid,4,4
trolly,Trolly,4,4
trophy,Trophy,4,4
truant,Truant,4,4
trug,Trug,4,4
truncated,Truncated,4,4
truncheon,Truncheon,4,4
trussing,Trussing,4,4
tucker,Tucker,4,4
tumbril,Tumbril,4,4
tumult,Tumult,4,4
tumultuous,Tumultuous,4,4
tunic,Tunic,4,4
turbinated,Turbinated,4,4
turbot,Turbot,4,4
turf,Turf,4,4
turk,Turk,4,4
turnover,Turnover,4,4
turret,Turret,4,4
tusk,Tusk,4,4
tweak,Tweak,4,4
twentieth,Twentieth,4,4
twenty,Twenty,4,4
twiddle,Twiddle,4,4
twilight,Twilight,4,4
twill,Twill,4,4
twinkling,Twinkling,4,4
twire,Twire,4,4
twirl,Twirl,4,4
twister,Twister,4,4
twitch,Twitch,4,4
tyne,Tyne,4,4
tyrant,Tyrant,4,4
umbra,Umbra,4,4
unconverted,Unconverted,4,4
unction,Unction,4,4
underground,Underground,4,4
underhand,Underhand,4,4
underlie,Underlie,4,4
underpinning,Underpinning,4,4
underworld,Underworld,4,4
undivided,Undivided,4,4
undulated,Undulated,4,4
uneasy,Uneasy,4,4
unembarrassed,Unembarrassed,4,4
unfold,Unfold,4,4
unhappy,Unhappy,4,4
unitarian,Unitarian,4,4
unlikely,Unlikely,4,4
unman,Unman,4,4
unravel,Unravel,4,4
unstring,Unstring,4,4
untie,Untie,4,4
untoward,Untoward,4,4
upholder,Upholder,4,4
upland,Upland,4,4
upstart,Upstart,4,4
usance,Usance,4,4
utricle,Utricle,4,4
vamp,Vamp,4,4
vampire,Vampire,4,4
vane,Vane,4,4
vanity,Vanity,4,4
vaporous,Vaporous,4,4
vascular,Vascular,4,4
vase,Vase,4,4
vassal,Vassal,4,4
vaulted,Vaulted,4,4
vehicle,Vehicle,4,4
venus,Venus,4,4
verger,Verger,4,4
verify,Verify,4,4
vermiculation,Vermiculation,4,4
versatile,Versatile,4,4
vertebrated,Vertebrated,4,4
vertex,Vertex,4,4
vertical,Vertical,4,4
vex,Vex,4,4
vicarious,Vicarious,4,4
victim,Victim,4,4
victualer,Victualer,4,4
vigor,Vigor,4,4
vinculum,Vinculum,4,4
violate,Violate,4,4
violence,Violence,4,4
vitriolate,Vitriolate,4,4
voidance,Voidance,4,4
voided,Voided,4,4
voider,Voider,4,4
voiding,Voiding,4,4
volatile,Volatile,4,4
voluble,Voluble,4,4
voluminous,Voluminous,4,4
voucher,Voucher,4,4
wafer,Wafer,4,4
wail,Wail,4,4
wainscot,Wainscot,4,4
waist,Waist,4,4
wall-eye,Wall-eye,4,4
wander,Wander,4,4
warden,Warden,4,4
warn,Warn,4,4
warning,Warning,4,4
warren,Warren,4,4
washer,Washer,4,4
water dog,Water dog,4,4
water rat,Water rat,4,4
waterproof,Waterproof,4,4
watery,Watery,4,4
waved,Waved,4,4
waxen,Waxen,4,4
wearing,Wearing,4,4
weatherboard,Weatherboard,4,4
weedy,Weedy,4,4
weekly,Weekly,4,4
weft,Weft,4,4
wem,Wem,4,4
wench,Wench,4,4
went,Went,4,4
wharf,Wharf,4,4
wheal,Wheal,4,4
when,When,4,4
whet,Whet,4,4
which,Which,4,4
whiffler,Whiffler,4,4
whim,Whim,4,4
whipstitch,Whipstitch,4,4
whirligig,Whirligig,4,4
whitecap,Whitecap,4,4
whitewash,Whitewash,4,4
whore,Whore,4,4
why,Why,4,4
wicked,Wicked,4,4
wig,Wig,4,4
wildfire,Wildfire,4,4
willing,Willing,4,4
wilt,Wilt,4,4
wince,Wince,4,4
windiness,Windiness,4,4
windrow,Windrow,4,4
winter,Winter,4,4
wiper,Wiper,4,4
wiredraw,Wiredraw,4,4
wizard,Wizard,4,4
won,Won,4,4
woodman,Woodman,4,4
woolly,Woolly,4,4
worldly,Worldly,4,4
worst,Worst,4,4
wrangle,Wrangle,4,4
wrath,Wrath,4,4
wreak,Wreak,4,4
wrestle,Wrestle,4,4
writhe,Writhe,4,4
xanthic,Xanthic,4,4
ye,Ye,4,4
yearly,Yearly,4,4
yearn,Yearn,4,4
yeoman,Yeoman,4,4
young,Young,4,4
youthful,Youthful,4,4
zooid,Zooid,4,4
a b c,A B C,3,3
abalienate,Abalienate,3,3
abandoned,Abandoned,3,3
abased,Abased,3,3
abdominal,Abdominal,3,3
abecedarian,Abecedarian,3,3
abhorrent,Abhorrent,3,3
abhorring,Abhorring,3,3
abjection,Abjection,3,3
abjure,Abjure,3,3
ablation,Ablation,3,3
ablative,Ablative,3,3
ablution,Ablution,3,3
abomination,Abomination,3,3
abrasion,Abrasion,3,3
abridge,Abridge,3,3
abridgment,Abridgment,3,3
abroach,Abroach,3,3
abrogate,Abrogate,3,3
abscission,Abscission,3,3
abscond,Abscond,3,3
absence,Absence,3,3
absolutist,Absolutist,3,3
abstinent,Abstinent,3,3
abyss,Abyss,3,3
abyssinian,Abyssinian,3,3
acacia,Acacia,3,3
acantha,Acantha,3,3
accede,Accede,3,3
accelerate,Accelerate,3,3
accentuate,Accentuate,3,3
accepter,Accepter,3,3
accessible,Accessible,3,3
accomplished,Accomplished,3,3
according,According,3,3
accrue,Accrue,3,3
accumbent,Accumbent,3,3
accumulate,Accumulate,3,3
accumulator,Accumulator,3,3
accusative,Accusative,3,3
accustomed,Accustomed,3,3
achate,Achate,3,3
ache,Ache,3,3
achieve,Achieve,3,3
achievement,Achievement,3,3
aciculated,Aciculated,3,3
acinus,Acinus,3,3
acme,Acme,3,3
acorn,Acorn,3,3
acquiescence,Acquiescence,3,3
acquittance,Acquittance,3,3
acrid,Acrid,3,3
across,Across,3,3
acrostic,Acrostic,3,3
acting,Acting,3,3
actuate,Actuate,3,3
aculeate,Aculeate,3,3
acuminate,Acuminate,3,3
acupuncture,Acupuncture,3,3
addict,Addict,3,3
adequate,Adequate,3,3
adhere,Adhere,3,3
adhibit,Adhibit,3,3
adjoin,Adjoin,3,3
adjustment,Adjustment,3,3
adjutant,Adjutant,3,3
admiral,Admiral,3,3
admiration,Admiration,3,3
admire,Admire,3,3
admired,Admired,3,3
admixture,Admixture,3,3
admonish,Admonish,3,3
adnate,Adnate,3,3
adonis,Adonis,3,3
adoption,Adoption,3,3
adoration,Adoration,3,3
adore,Adore,3,3
adorn,Adorn,3,3
adumbration,Adumbration,3,3
adust,Adust,3,3
advent,Advent,3,3
adventive,Adventive,3,3
adversary,Adversary,3,3
advertisement,Advertisement,3,3
advocation,Advocation,3,3
aegilops,Aegilops,3,3
aeon,Aeon,3,3
aerate,Aerate,3,3
aeration,Aeration,3,3
affectation,Affectation,3,3
affecting,Affecting,3,3
affiliation,Affiliation,3,3
affluent,Affluent,3,3
afghan,Afghan,3,3
afloat,Afloat,3,3
agency,Agency,3,3
agglomerated,Agglomerated,3,3
agglutinate,Agglutinate,3,3
aggravating,Aggravating,3,3
aggress,Aggress,3,3
agitator,Agitator,3,3
agnate,Agnate,3,3
agnus dei,Agnus Dei,3,3
agonize,Agonize,3,3
agreeableness,Agreeableness,3,3
agreeably,Agreeably,3,3
agrise,Agrise,3,3
ail,Ail,3,3
airing,Airing,3,3
aisle,Aisle,3,3
al-,Al-,3,3
alabaster,Alabaster,3,3
album,Album,3,3
albumen,Albumen,3,3
alchemy,Alchemy,3,3
alcoholic,Alcoholic,3,3
alcoholization,Alcoholization,3,3
alcove,Alcove,3,3
alert,Alert,3,3
algates,Algates,3,3
alkanet,Alkanet,3,3
allegation,Allegation,3,3
allegorize,Allegorize,3,3
allegory,Allegory,3,3
alleviate,Alleviate,3,3
allocation,Allocation,3,3
allonge,Allonge,3,3
allotment,Allotment,3,3
allure,Allure,3,3
aloe,Aloe,3,3
aloft,Aloft,3,3
aloof,Aloof,3,3
alp,Alp,3,3
alpaca,Alpaca,3,3
alphabet,Alphabet,3,3
also,Also,3,3
alterative,Alterative,3,3
alternation,Alternation,3,3
alveolus,Alveolus,3,3
amaranth,Amaranth,3,3
amaranthine,Amaranthine,3,3
amaryllis,Amaryllis,3,3
amazon,Amazon,3,3
ambition,Ambition,3,3
ambitious,Ambitious,3,3
ambry,Ambry,3,3
amendment,Amendment,3,3
american,American,3,3
americanism,Americanism,3,3
amiss,Amiss,3,3
amnesty,Amnesty,3,3
amongst,Amongst,3,3
amoret,Amoret,3,3
amorous,Amorous,3,3
amorphous,Amorphous,3,3
amortize,Amortize,3,3
amove,Amove,3,3
amphibious,Amphibious,3,3
ample,Ample,3,3
amplification,Amplification,3,3
amused,Amused,3,3
amygdalate,Amygdalate,3,3
amyloid,Amyloid,3,3
anaesthetic,Anaesthetic,3,3
analemma,Analemma,3,3
anathema,Anathema,3,3
anatron,Anatron,3,3
ancestor,Ancestor,3,3
anchored,Anchored,3,3
ancientry,Ancientry,3,3
angelot,Angelot,3,3
anglicanism,Anglicanism,3,3
animadvert,Animadvert,3,3
animalize,Animalize,3,3
annealing,Annealing,3,3
annoy,Annoy,3,3
annunciation,Annunciation,3,3
anoint,Anoint,3,3
anon,Anon,3,3
another,Another,3,3
antaphroditic,Antaphroditic,3,3
antefix,Antefix,3,3
anthem,Anthem,3,3
anthropology,Anthropology,3,3
antinomy,Antinomy,3,3
antiphlogistic,Antiphlogistic,3,3
antipodes,Antipodes,3,3
antiquarian,Antiquarian,3,3
antispastic,Antispastic,3,3
antistrophe,Antistrophe,3,3
antithesis,Antithesis,3,3
anxiety,Anxiety,3,3
anxious,Anxious,3,3
any,Any,3,3
anything,Anything,3,3
apartment,Apartment,3,3
aperture,Aperture,3,3
aphrodite,Aphrodite,3,3
apoda,Apoda,3,3
apodes,Apodes,3,3
apologize,Apologize,3,3
apostle,Apostle,3,3
apostolical,Apostolical,3,3
apostrophe,Apostrophe,3,3
apostrophize,Apostrophize,3,3
appanage,Appanage,3,3
apparency,Apparency,3,3
apparently,Apparently,3,3
appellation,Appellation,3,3
appetency,Appetency,3,3
applaud,Applaud,3,3
appose,Appose,3,3
apposition,Apposition,3,3
appraise,Appraise,3,3
appreciation,Appreciation,3,3
approbation,Approbation,3,3
approvement,Approvement,3,3
apse,Apse,3,3
aptitude,Aptitude,3,3
aquatic,Aquatic,3,3
arabesque,Arabesque,3,3
arbiter,Arbiter,3,3
arbitrary,Arbitrary,3,3
arcade,Arcade,3,3
archetype,Archetype,3,3
arching,Arching,3,3
arctic,Arctic,3,3
ardent,Ardent,3,3
ardor,Ardor,3,3
arena,Arena,3,3
argal,Argal,3,3
argumentative,Argumentative,3,3
argus,Argus,3,3
ariel gazelle,Ariel gazelle,3,3
aries,Aries,3,3
aristocrat,Aristocrat,3,3
armament,Armament,3,3
armature,Armature,3,3
armenian,Armenian,3,3
armlet,Armlet,3,3
armorer,Armorer,3,3
armorican,Armorican,3,3
army,Army,3,3
arret,Arret,3,3
arsenic,Arsenic,3,3
arsis,Arsis,3,3
artery,Artery,3,3
articulata,Articulata,3,3
articulated,Articulated,3,3
articulately,Articulately,3,3
artificially,Artificially,3,3
artistry,Artistry,3,3
artless,Artless,3,3
aryan,Aryan,3,3
ascend,Ascend,3,3
ascendent,Ascendent,3,3
ascension,Ascension,3,3
ascertain,Ascertain,3,3
ashen,Ashen,3,3
ashes,Ashes,3,3
ashlering,Ashlering,3,3
asking,Asking,3,3
asleep,Asleep,3,3
asp,Asp,3,3
asper,Asper,3,3
aspersed,Aspersed,3,3
aspiration,Aspiration,3,3
assail,Assail,3,3
assart,Assart,3,3
assemble,Assemble,3,3
assembly,Assembly,3,3
assert,Assert,3,3
assessor,Assessor,3,3
assets,Assets,3,3
assignation,Assignation,3,3
assist,Assist,3,3
assistance,Assistance,3,3
associable,Associable,3,3
association,Association,3,3
assonance,Assonance,3,3
assort,Assort,3,3
assortment,Assortment,3,3
assumed,Assumed,3,3
assured,Assured,3,3
astringent,Astringent,3,3
astronomy,Astronomy,3,3
asylum,Asylum,3,3
at one,At one,3,3
ataxy,Ataxy,3,3
ate,Ate,3,3
athlete,Athlete,3,3
atlantic,Atlantic,3,3
atrip,Atrip,3,3
atrocious,Atrocious,3,3
atrophy,Atrophy,3,3
attentat,Attentat,3,3
attenuated,Attenuated,3,3
attenuation,Attenuation,3,3
atticize,Atticize,3,3
attitude,Attitude,3,3
attract,Attract,3,3
attractive,Attractive,3,3
attrahent,Attrahent,3,3
attrition,Attrition,3,3
auction,Auction,3,3
audacious,Audacious,3,3
audience,Audience,3,3
auditor,Auditor,3,3
auditory,Auditory,3,3
aught,Aught,3,3
augury,Augury,3,3
augustinian,Augustinian,3,3
aunt,Aunt,3,3
aurated,Aurated,3,3
aureole,Aureole,3,3
auspicate,Auspicate,3,3
auspicious,Auspicious,3,3
austere,Austere,3,3
austerity,Austerity,3,3
authorized,Authorized,3,3
auto-da-fe,Auto-da-fe,3,3
automatical,Automatical,3,3
autumn,Autumn,3,3
avalanche,Avalanche,3,3
avale,Avale,3,3
avenue,Avenue,3,3
averment,Averment,3,3
averse,Averse,3,3
aversion,Aversion,3,3
avise,Avise,3,3
avocation,Avocation,3,3
avoirdupois,Avoirdupois,3,3
avulsion,Avulsion,3,3
awakening,Awakening,3,3
awe,Awe,3,3
awkward,Awkward,3,3
axle,Axle,3,3
azo-,Azo-,3,3
babbler,Babbler,3,3
babylonian,Babylonian,3,3
baccalaureate,Baccalaureate,3,3
bacchant,Bacchant,3,3
backbone,Backbone,3,3
backhand,Backhand,3,3
backhanded,Backhanded,3,3
backset,Backset,3,3
backsliding,Backsliding,3,3
backwater,Backwater,3,3
bad,Bad,3,3
badgering,Badgering,3,3
bailable,Bailable,3,3
bailer,Bailer,3,3
bailey,Bailey,3,3
bailiff,Bailiff,3,3
baking,Baking,3,3
balance wheel,Balance wheel,3,3
baldachin,Baldachin,3,3
balderdash,Balderdash,3,3
baldpate,Baldpate,3,3
ballad,Ballad,3,3
balmy,Balmy,3,3
bandage,Bandage,3,3
banian,Banian,3,3
banish,Banish,3,3
bank note,Bank note,3,3
bankruptcy,Bankruptcy,3,3
banner,Banner,3,3
baptize,Baptize,3,3
barbarism,Barbarism,3,3
barbarize,Barbarize,3,3
barbed,Barbed,3,3
barbel,Barbel,3,3
barbet,Barbet,3,3
barde,Barde,3,3
barilla,Barilla,3,3
barn,Barn,3,3
baronage,Baronage,3,3
barratry,Barratry,3,3
barricade,Barricade,3,3
baseborn,Baseborn,3,3
based,Based,3,3
bashaw,Bashaw,3,3
basilisk,Basilisk,3,3
basso,Basso,3,3
bastinado,Bastinado,3,3
battalion,Battalion,3,3
batting,Batting,3,3
battue,Battue,3,3
bawdry,Bawdry,3,3
bayberry,Bayberry,3,3
bazar,Bazar,3,3
beach,Beach,3,3
beached,Beached,3,3
beading,Beading,3,3
beadle,Beadle,3,3
beady,Beady,3,3
beamy,Beamy,3,3
bearskin,Bearskin,3,3
beastly,Beastly,3,3
beatify,Beatify,3,3
beatitude,Beatitude,3,3
beaux,Beaux,3,3
becoming,Becoming,3,3
bedding,Bedding,3,3
beefeater,Beefeater,3,3
beforehand,Beforehand,3,3
beget,Beget,3,3
beggarly,Beggarly,3,3
beggary,Beggary,3,3
beguile,Beguile,3,3
behave,Behave,3,3
behest,Behest,3,3
behn,Behn,3,3
beholding,Beholding,3,3
behoove,Behoove,3,3
belace,Belace,3,3
belay,Belay,3,3
believe,Believe,3,3
believer,Believer,3,3
belligerent,Belligerent,3,3
bellyband,Bellyband,3,3
beloved,Beloved,3,3
bema,Bema,3,3
bene,Bene,3,3
beneficial,Beneficial,3,3
benempt,Benempt,3,3
benevolence,Benevolence,3,3
bengal,Bengal,3,3
benight,Benight,3,3
benign,Benign,3,3
benignity,Benignity,3,3
benzoin,Benzoin,3,3
bequeath,Bequeath,3,3
bequest,Bequest,3,3
bereave,Bereave,3,3
beseen,Beseen,3,3
bestial,Bestial,3,3
betake,Betake,3,3
bete,Bete,3,3
bethel,Bethel,3,3
bethlemite,Bethlemite,3,3
betroth,Betroth,3,3
betty,Betty,3,3
bevelled,Bevelled,3,3
beverage,Beverage,3,3
beware,Beware,3,3
bezant,Bezant,3,3
bicentennial,Bicentennial,3,3
bicipital,Bicipital,3,3
bickering,Bickering,3,3
bidding,Bidding,3,3
biggin,Biggin,3,3
bight,Bight,3,3
bigot,Bigot,3,3
bile,Bile,3,3
bilious,Bilious,3,3
billow,Billow,3,3
bimonthly,Bimonthly,3,3
bin,Bin,3,3
binomial,Binomial,3,3
biquadratic,Biquadratic,3,3
bird's-eye,Bird's-eye,3,3
bird's-nest,Bird's-nest,3,3
birr,Birr,3,3
birthday,Birthday,3,3
bismer,Bismer,3,3
bisque,Bisque,3,3
bitten,Bitten,3,3
bittern,Bittern,3,3
bitterness,Bitterness,3,3
bivalve,Bivalve,3,3
blab,Blab,3,3
black-letter,Black-letter,3,3
blacking,Blacking,3,3
blacks,Blacks,3,3
bladed,Bladed,3,3
blanketing,Blanketing,3,3
blare,Blare,3,3
blaspheme,Blaspheme,3,3
blasting,Blasting,3,3
blear,Blear,3,3
bleating,Bleating,3,3
bleeding,Bleeding,3,3
blemish,Blemish,3,3
blending,Blending,3,3
blent,Blent,3,3
blinding,Blinding,3,3
blinker,Blinker,3,3
blocking,Blocking,3,3
blonde,Blonde,3,3
bloodless,Bloodless,3,3
bloodsucker,Bloodsucker,3,3
blow-off,Blow-off,3,3
blowtube,Blowtube,3,3
blue-bonnet,Blue-bonnet,3,3
blueback,Blueback,3,3
bluecap,Bluecap,3,3
bluing,Bluing,3,3
blushing,Blushing,3,3
blustering,Blustering,3,3
boating,Boating,3,3
boatswain,Boatswain,3,3
bodge,Bodge,3,3
boding,Boding,3,3
bog,Bog,3,3
boiler,Boiler,3,3
boll,Boll,3,3
bolstered,Bolstered,3,3
bondage,Bondage,3,3
bonder,Bonder,3,3
bonny,Bonny,3,3
bonus,Bonus,3,3
booked,Booked,3,3
boor,Boor,3,3
booted,Booted,3,3
bord,Bord,3,3
born,Born,3,3
borrel,Borrel,3,3
botcher,Botcher,3,3
bote,Bote,3,3
bother,Bother,3,3
bottled,Bottled,3,3
bouncing,Bouncing,3,3
bourdon,Bourdon,3,3
bourgeois,Bourgeois,3,3
bow-compass,Bow-compass,3,3
bowery,Bowery,3,3
bowing,Bowing,3,3
bowse,Bowse,3,3
bowstring,Bowstring,3,3
bowstringed,Bowstringed,3,3
bracer,Bracer,3,3
braiding,Braiding,3,3
branching,Branching,3,3
brand iron,Brand iron,3,3
brandish,Brandish,3,3
brank,Brank,3,3
bravely,Bravely,3,3
brawling,Brawling,3,3
braze,Braze,3,3
breakdown,Breakdown,3,3
breakneck,Breakneck,3,3
breathless,Breathless,3,3
brent,Brent,3,3
breviate,Breviate,3,3
briber,Briber,3,3
bride,Bride,3,3
brigade,Brigade,3,3
brigantine,Brigantine,3,3
brimmed,Brimmed,3,3
brindle,Brindle,3,3
brisk,Brisk,3,3
broiling,Broiling,3,3
bronzing,Bronzing,3,3
brooch,Brooch,3,3
broom,Broom,3,3
browning,Browning,3,3
bruiser,Bruiser,3,3
bruit,Bruit,3,3
brushing,Brushing,3,3
brustle,Brustle,3,3
bub,Bub,3,3
bubbler,Bubbler,3,3
bucker,Bucker,3,3
buffeting,Buffeting,3,3
bugbear,Bugbear,3,3
buggy,Buggy,3,3
built,Built,3,3
bull trout,Bull trout,3,3
bulldog,Bulldog,3,3
bulletin,Bulletin,3,3
bullock,Bullock,3,3
bum,Bum,3,3
bunchy,Bunchy,3,3
bungle,Bungle,3,3
buoyancy,Buoyancy,3,3
buoyant,Buoyant,3,3
burl,Burl,3,3
burned,Burned,3,3
burnish,Burnish,3,3
bushing,Bushing,3,3
busk,Busk,3,3
buss,Buss,3,3
bustle,Bustle,3,3
butchering,Butchering,3,3
butchery,Butchery,3,3
butting,Butting,3,3
buttress,Buttress,3,3
buy,Buy,3,3
buzzard,Buzzard,3,3
byzantine,Byzantine,3,3
cab,Cab,3,3
cabaret,Cabaret,3,3
cabled,Cabled,3,3
cabob,Cabob,3,3
cacophony,Cacophony,3,3
cadet,Cadet,3,3
cadger,Cadger,3,3
calabash,Calabash,3,3
calamus,Calamus,3,3
calcine,Calcine,3,3
calculated,Calculated,3,3
calefactory,Calefactory,3,3
calibre,Calibre,3,3
calico,Calico,3,3
caller,Caller,3,3
callow,Callow,3,3
callus,Callus,3,3
calvary,Calvary,3,3
calver,Calver,3,3
calx,Calx,3,3
camail,Camail,3,3
came,Came,3,3
camphor,Camphor,3,3
camphorate,Camphorate,3,3
camping,Camping,3,3
canaanite,Canaanite,3,3
candelabrum,Candelabrum,3,3
candid,Candid,3,3
canine,Canine,3,3
canister,Canister,3,3
cankered,Cankered,3,3
canonize,Canonize,3,3
canted,Canted,3,3
canting,Canting,3,3
cantle,Cantle,3,3
cantoned,Cantoned,3,3
capitalize,Capitalize,3,3
capitulate,Capitulate,3,3
capitulation,Capitulation,3,3
capper,Capper,3,3
capriole,Capriole,3,3
captivate,Captivate,3,3
caput,Caput,3,3
caracole,Caracole,3,3
caravan,Caravan,3,3
carbuncle,Carbuncle,3,3
carbureted,Carbureted,3,3
cardiac,Cardiac,3,3
carding,Carding,3,3
careful,Careful,3,3
caricature,Caricature,3,3
cariole,Cariole,3,3
cark,Cark,3,3
carl,Carl,3,3
carmelite,Carmelite,3,3
carmine,Carmine,3,3
carnation,Carnation,3,3
carpet,Carpet,3,3
carpeting,Carpeting,3,3
carrier,Carrier,3,3
carrion,Carrion,3,3
carte,Carte,3,3
cartel,Cartel,3,3
caruncula,Caruncula,3,3
carver,Carver,3,3
cascade,Cascade,3,3
cashier,Cashier,3,3
casino,Casino,3,3
castaway,Castaway,3,3
castle-guard,Castle-guard,3,3
castled,Castled,3,3
castling,Castling,3,3
casual,Casual,3,3
casualty,Casualty,3,3
cat's-paw,Cat's-paw,3,3
catalysis,Catalysis,3,3
cataphract,Cataphract,3,3
cataract,Cataract,3,3
catastrophe,Catastrophe,3,3
catchword,Catchword,3,3
catling,Catling,3,3
caudle,Caudle,3,3
caul,Caul,3,3
causative,Causative,3,3
causeless,Causeless,3,3
cautionary,Cautionary,3,3
caveat,Caveat,3,3
cavernous,Cavernous,3,3
cavil,Cavil,3,3
celebrate,Celebrate,3,3
celebrity,Celebrity,3,3
celibate,Celibate,3,3
cent,Cent,3,3
ceroma,Ceroma,3,3
certainty,Certainty,3,3
certify,Certify,3,3
ceruse,Ceruse,3,3
cestus,Cestus,3,3
chafer,Chafer,3,3
chamfer,Chamfer,3,3
changer,Changer,3,3
channeling,Channeling,3,3
chaos,Chaos,3,3
chape,Chape,3,3
chaplain,Chaplain,3,3
characteristic,Characteristic,3,3
chargeable,Chargeable,3,3
chariot,Chariot,3,3
chartered,Chartered,3,3
chaser,Chaser,3,3
chaunter,Chaunter,3,3
checkered,Checkered,3,3
cheep,Cheep,3,3
chemic,Chemic,3,3
chemistry,Chemistry,3,3
cherup,Cherup,3,3
chevron,Chevron,3,3
chica,Chica,3,3
chick,Chick,3,3
childhood,Childhood,3,3
chilian,Chilian,3,3
chilled,Chilled,3,3
chilliness,Chilliness,3,3
chinchilla,Chinchilla,3,3
chined,Chined,3,3
chinese,Chinese,3,3
chinook,Chinook,3,3
chirrup,Chirrup,3,3
chisel,Chisel,3,3
choir,Choir,3,3
choking,Choking,3,3
choleric,Choleric,3,3
cholerine,Cholerine,3,3
chore,Chore,3,3
chorion,Chorion,3,3
chose,Chose,3,3
chosen,Chosen,3,3
chowder,Chowder,3,3
christianity,Christianity,3,3
christianize,Christianize,3,3
chronometer,Chronometer,3,3
chum,Chum,3,3
churchman,Churchman,3,3
churning,Churning,3,3
cincture,Cincture,3,3
cingalese,Cingalese,3,3
cingulum,Cingulum,3,3
circlet,Circlet,3,3
circulate,Circulate,3,3
circumcision,Circumcision,3,3
circumduction,Circumduction,3,3
circumscribe,Circumscribe,3,3
circumscription,Circumscription,3,3
circumvallate,Circumvallate,3,3
circumvolution,Circumvolution,3,3
circus,Circus,3,3
citron,Citron,3,3
civet,Civet,3,3
civilian,Civilian,3,3
civillty,Civillty,3,3
clad,Clad,3,3
clamber,Clamber,3,3
clank,Clank,3,3
clapboard,Clapboard,3,3
clapper,Clapper,3,3
claptrap,Claptrap,3,3
clasper,Clasper,3,3
classical,Classical,3,3
clawback,Clawback,3,3
cleaning,Cleaning,3,3
cleat,Cleat,3,3
cleavage,Cleavage,3,3
clergy,Clergy,3,3
client,Client,3,3
clientele,Clientele,3,3
clift,Clift,3,3
climacteric,Climacteric,3,3
climate,Climate,3,3
climax,Climax,3,3
clipper,Clipper,3,3
cloaca,Cloaca,3,3
cloak,Cloak,3,3
cloaking,Cloaking,3,3
cloistered,Cloistered,3,3
closer,Closer,3,3
clot,Clot,3,3
cloth,Cloth,3,3
clothes,Clothes,3,3
clouding,Clouding,3,3
clough,Clough,3,3
clung,Clung,3,3
coagulate,Coagulate,3,3
coalfish,Coalfish,3,3
coarctate,Coarctate,3,3
coarctation,Coarctation,3,3
coating,Coating,3,3
cobbler,Cobbler,3,3
coccus,Coccus,3,3
cockled,Cockled,3,3
cockney,Cockney,3,3
coction,Coction,3,3
codling,Codling,3,3
coerce,Coerce,3,3
coffee,Coffee,3,3
cognation,Cognation,3,3
cohere,Cohere,3,3
cohesion,Cohesion,3,3
cohort,Cohort,3,3
coincide,Coincide,3,3
coincidence,Coincidence,3,3
cold-blooded,Cold-blooded,3,3
colic,Colic,3,3
collaterally,Collaterally,3,3
collator,Collator,3,3
collected,Collected,3,3
colligate,Colligate,3,3
colloid,Colloid,3,3
colly,Colly,3,3
coloring,Coloring,3,3
columbine,Columbine,3,3
coma,Coma,3,3
combustible,Combustible,3,3
combustion,Combustion,3,3
comely,Comely,3,3
comic,Comic,3,3
commendation,Commendation,3,3
commendatory,Commendatory,3,3
commensal,Commensal,3,3
comminution,Comminution,3,3
commodity,Commodity,3,3
commonwealth,Commonwealth,3,3
commorant,Commorant,3,3
commotion,Commotion,3,3
communicant,Communicant,3,3
commute,Commute,3,3
compassionate,Compassionate,3,3
compensate,Compensate,3,3
complacency,Complacency,3,3
complain,Complain,3,3
complainant,Complainant,3,3
complex,Complex,3,3
complicate,Complicate,3,3
compliment,Compliment,3,3
composing,Composing,3,3
comprehend,Comprehend,3,3
comprehensive,Comprehensive,3,3
compress,Compress,3,3
compressed,Compressed,3,3
comprint,Comprint,3,3
compt,Compt,3,3
conacre,Conacre,3,3
conceited,Conceited,3,3
concentrate,Concentrate,3,3
concentration,Concentration,3,3
conceptacle,Conceptacle,3,3
conclave,Conclave,3,3
concretion,Concretion,3,3
concussion,Concussion,3,3
condemned,Condemned,3,3
condensation,Condensation,3,3
conditionate,Conditionate,3,3
conditioned,Conditioned,3,3
conduction,Conduction,3,3
conduit,Conduit,3,3
confect,Confect,3,3
confederacy,Confederacy,3,3
conformable,Conformable,3,3
confounded,Confounded,3,3
confront,Confront,3,3
confuse,Confuse,3,3
congeal,Congeal,3,3
congelation,Congelation,3,3
conglutinate,Conglutinate,3,3
congregate,Congregate,3,3
congruity,Congruity,3,3
conjecture,Conjecture,3,3
conjunction,Conjunction,3,3
conjuration,Conjuration,3,3
conjurer,Conjurer,3,3
connascency,Connascency,3,3
connate,Connate,3,3
connect,Connect,3,3
connector,Connector,3,3
connive,Connive,3,3
conscious,Conscious,3,3
consciousness,Consciousness,3,3
conscript,Conscript,3,3
conscription,Conscription,3,3
consecutive,Consecutive,3,3
conservator,Conservator,3,3
considerable,Considerable,3,3
consignation,Consignation,3,3
consistent,Consistent,3,3
console,Console,3,3
consolidated,Consolidated,3,3
consolidation,Consolidation,3,3
consonancy,Consonancy,3,3
conspiracy,Conspiracy,3,3
conspire,Conspire,3,3
constellate,Constellate,3,3
constellation,Constellation,3,3
constipate,Constipate,3,3
constricted,Constricted,3,3
constrictor,Constrictor,3,3
construct,Construct,3,3
consubstantiate,Consubstantiate,3,3
consulate,Consulate,3,3
consumption,Consumption,3,3
consumptive,Consumptive,3,3
contact,Contact,3,3
contagious,Contagious,3,3
contemplate,Contemplate,3,3
contemplation,Contemplation,3,3
contemplative,Contemplative,3,3
contemporary,Contemporary,3,3
contemptible,Contemptible,3,3
contentious,Contentious,3,3
contentment,Contentment,3,3
context,Context,3,3
continency,Continency,3,3
contorted,Contorted,3,3
contradict,Contradict,3,3
contralto,Contralto,3,3
contribute,Contribute,3,3
controller,Controller,3,3
controversy,Controversy,3,3
convalescent,Convalescent,3,3
conventionalizw,Conventionalizw,3,3
convolution,Convolution,3,3
cooper,Cooper,3,3
cooperage,Cooperage,3,3
coot,Coot,3,3
coppering,Coppering,3,3
copse,Copse,3,3
copulate,Copulate,3,3
copulative,Copulative,3,3
copyholder,Copyholder,3,3
coracoid,Coracoid,3,3
coral,Coral,3,3
coralline,Coralline,3,3
cordialize,Cordialize,3,3
corduroy,Corduroy,3,3
corf,Corf,3,3
corium,Corium,3,3
cornered,Cornered,3,3
coronet,Coronet,3,3
correlate,Correlate,3,3
correlative,Correlative,3,3
correspond,Correspond,3,3
correspondence,Correspondence,3,3
corresponding,Corresponding,3,3
corrival,Corrival,3,3
corroborate,Corroborate,3,3
corrode,Corrode,3,3
corruptible,Corruptible,3,3
corset,Corset,3,3
cortex,Cortex,3,3
cosmopolite,Cosmopolite,3,3
costive,Costive,3,3
costume,Costume,3,3
couching,Couching,3,3
council,Council,3,3
counselor,Counselor,3,3
counterbore,Counterbore,3,3
counterchange,Counterchange,3,3
counterchanged,Counterchanged,3,3
countercheck,Countercheck,3,3
countermark,Countermark,3,3
countersign,Countersign,3,3
countryman,Countryman,3,3
county,County,3,3
coupling,Coupling,3,3
courage,Courage,3,3
courant,Courant,3,3
coursed,Coursed,3,3
courser,Courser,3,3
cousin,Cousin,3,3
covered,Covered,3,3
covet,Covet,3,3
cowardly,Cowardly,3,3
cowfish,Cowfish,3,3
cozy,Cozy,3,3
crabbing,Crabbing,3,3
crabeater,Crabeater,3,3
cracked,Cracked,3,3
crackling,Crackling,3,3
crafty,Crafty,3,3
crankle,Crankle,3,3
cranky,Cranky,3,3
crate,Crate,3,3
crater,Crater,3,3
crave,Crave,3,3
craven,Craven,3,3
crazy,Crazy,3,3
creak,Creak,3,3
creamery,Creamery,3,3
creance,Creance,3,3
creaser,Creaser,3,3
creation,Creation,3,3
credential,Credential,3,3
creditable,Creditable,3,3
creed,Creed,3,3
creek,Creek,3,3
creeping,Creeping,3,3
crepitation,Crepitation,3,3
crescendo,Crescendo,3,3
cretonne,Cretonne,3,3
crick,Crick,3,3
cringe,Cringe,3,3
crinkle,Crinkle,3,3
crone,Crone,3,3
croodle,Croodle,3,3
croquet,Croquet,3,3
crosscut,Crosscut,3,3
crosslet,Crosslet,3,3
crow's-foot,Crow's-foot,3,3
crowned,Crowned,3,3
cruciate,Cruciate,3,3
crucible,Crucible,3,3
crucifixion,Crucifixion,3,3
crucify,Crucify,3,3
cruise,Cruise,3,3
crupper,Crupper,3,3
crystalloid,Crystalloid,3,3
ctenoid,Ctenoid,3,3
cube,Cube,3,3
cubital,Cubital,3,3
cud,Cud,3,3
cuddle,Cuddle,3,3
cuirass,Cuirass,3,3
cul-de-sac,Cul-de-sac,3,3
culling,Culling,3,3
culm,Culm,3,3
culminate,Culminate,3,3
cultivation,Cultivation,3,3
cultured,Cultured,3,3
cupboard,Cupboard,3,3
curiosity,Curiosity,3,3
curiousness,Curiousness,3,3
curling,Curling,3,3
currant,Currant,3,3
curried,Curried,3,3
cursedness,Cursedness,3,3
cursive,Cursive,3,3
curst,Curst,3,3
custody,Custody,3,3
customary,Customary,3,3
cut-off,Cut-off,3,3
cuticle,Cuticle,3,3
cutty,Cutty,3,3
cutwater,Cutwater,3,3
cuvette,Cuvette,3,3
cycloid,Cycloid,3,3
cyclops,Cyclops,3,3
cymbal,Cymbal,3,3
cynosure,Cynosure,3,3
cyrenian,Cyrenian,3,3
cystic,Cystic,3,3
d,D,3,3
dabble,Dabble,3,3
dactyl,Dactyl,3,3
dactylic,Dactylic,3,3
dado,Dado,3,3
daily,Daily,3,3
dairy,Dairy,3,3
dais,Dais,3,3
dalliance,Dalliance,3,3
dally,Dally,3,3
damnation,Damnation,3,3
damned,Damned,3,3
dampen,Dampen,3,3
damsel,Damsel,3,3
dander,Dander,3,3
dandle,Dandle,3,3
dang,Dang,3,3
dank,Dank,3,3
dapple,Dapple,3,3
daric,Daric,3,3
daring,Daring,3,3
darkling,Darkling,3,3
darn,Darn,3,3
darter,Darter,3,3
dashboard,Dashboard,3,3
dasher,Dasher,3,3
dastard,Dastard,3,3
dawdle,Dawdle,3,3
dawk,Dawk,3,3
daze,Daze,3,3
deacon,Deacon,3,3
deanery,Deanery,3,3
dearly,Dearly,3,3
deathwatch,Deathwatch,3,3
debauch,Debauch,3,3
debit,Debit,3,3
debt,Debt,3,3
deceitfulness,Deceitfulness,3,3
deceive,Deceive,3,3
deception,Deception,3,3
decide,Decide,3,3
decided,Decided,3,3
decillionth,Decillionth,3,3
decimate,Decimate,3,3
decimation,Decimation,3,3
decipher,Decipher,3,3
declamation,Declamation,3,3
decoct,Decoct,3,3
decomposition,Decomposition,3,3
decoration,Decoration,3,3
decretal,Decretal,3,3
decuple,Decuple,3,3
dedication,Dedication,3,3
deduce,Deduce,3,3
deduct,Deduct,3,3
defalcation,Defalcation,3,3
defeasance,Defeasance,3,3
defensor,Defensor,3,3
deferent,Deferent,3,3
defiance,Defiance,3,3
deflected,Deflected,3,3
deflour,Deflour,3,3
deform,Deform,3,3
defy,Defy,3,3
degenerate,Degenerate,3,3
deify,Deify,3,3
deign,Deign,3,3
deject,Deject,3,3
dele,Dele,3,3
delegation,Delegation,3,3
deliberative,Deliberative,3,3
delineate,Delineate,3,3
deliquium,Deliquium,3,3
delusion,Delusion,3,3
demit,Demit,3,3
demiurge,Demiurge,3,3
democratic,Democratic,3,3
demoiselle,Demoiselle,3,3
demon,Demon,3,3
demonstrate,Demonstrate,3,3
demure,Demure,3,3
demy,Demy,3,3
denary,Denary,3,3
denomination,Denomination,3,3
denominator,Denominator,3,3
denounce,Denounce,3,3
density,Density,3,3
denunciation,Denunciation,3,3
depaint,Depaint,3,3
depict,Depict,3,3
deponent,Deponent,3,3
deport,Deport,3,3
depositary,Depositary,3,3
deprecation,Deprecation,3,3
depreciation,Depreciation,3,3
deprivation,Deprivation,3,3
deprive,Deprive,3,3
depute,Depute,3,3
derange,Derange,3,3
derivate,Derivate,3,3
dermoptera,Dermoptera,3,3
dern,Dern,3,3
description,Description,3,3
descry,Descry,3,3
desertion,Desertion,3,3
deserve,Deserve,3,3
deserving,Deserving,3,3
desiderative,Desiderative,3,3
designer,Designer,3,3
designing,Designing,3,3
desk,Desk,3,3
desolation,Desolation,3,3
despoil,Despoil,3,3
destination,Destination,3,3
destroy,Destroy,3,3
destruction,Destruction,3,3
desultory,Desultory,3,3
detach,Detach,3,3
detachment,Detachment,3,3
detainer,Detainer,3,3
detect,Detect,3,3
detention,Detention,3,3
detract,Detract,3,3
detriment,Detriment,3,3
deuce,Deuce,3,3
devest,Devest,3,3
deviation,Deviation,3,3
devoid,Devoid,3,3
devolve,Devolve,3,3
devour,Devour,3,3
dewy,Dewy,3,3
dexterity,Dexterity,3,3
dexterous,Dexterous,3,3
di-,Di-,3,3
diacaustic,Diacaustic,3,3
diagnosis,Diagnosis,3,3
diagram,Diagram,3,3
dialing,Dialing,3,3
diatessaron,Diatessaron,3,3
dib,Dib,3,3
dichotomize,Dichotomize,3,3
dicing,Dicing,3,3
dicker,Dicker,3,3
dicky,Dicky,3,3
difficult,Difficult,3,3
diffuse,Diffuse,3,3
digester,Digester,3,3
digestion,Digestion,3,3
dight,Dight,3,3
digne,Digne,3,3
digress,Digress,3,3
digression,Digression,3,3
dilapidate,Dilapidate,3,3
dilapidation,Dilapidation,3,3
dilatation,Dilatation,3,3
dilator,Dilator,3,3
diluent,Diluent,3,3
dine,Dine,3,3
diocesan,Diocesan,3,3
dioptric,Dioptric,3,3
diphthong,Diphthong,3,3
diplomacy,Diplomacy,3,3
diplomatical,Diplomatical,3,3
directrix,Directrix,3,3
disadvantage,Disadvantage,3,3
disaffect,Disaffect,3,3
disagree,Disagree,3,3
disappropriate,Disappropriate,3,3
disband,Disband,3,3
disciplinarian,Disciplinarian,3,3
disclaimer,Disclaimer,3,3
discolored,Discolored,3,3
discommon,Discommon,3,3
discompose,Discompose,3,3
disconcert,Disconcert,3,3
disconsolate,Disconsolate,3,3
discontenting,Discontenting,3,3
discontinue,Discontinue,3,3
discord,Discord,3,3
discordant,Discordant,3,3
discountenance,Discountenance,3,3
discourage,Discourage,3,3
discus,Discus,3,3
discussive,Discussive,3,3
disembogue,Disembogue,3,3
disesteem,Disesteem,3,3
disgorge,Disgorge,3,3
dishevel,Dishevel,3,3
disheveled,Disheveled,3,3
disincorporate,Disincorporate,3,3
dislocation,Dislocation,3,3
dismantle,Dismantle,3,3
dismission,Dismission,3,3
disobligation,Disobligation,3,3
disobliging,Disobliging,3,3
disordered,Disordered,3,3
disparage,Disparage,3,3
displacement,Displacement,3,3
displease,Displease,3,3
dispone,Dispone,3,3
disposed,Disposed,3,3
disproportion,Disproportion,3,3
disquiet,Disquiet,3,3
dissected,Dissected,3,3
dissection,Dissection,3,3
dissemble,Dissemble,3,3
dissepiment,Dissepiment,3,3
dissipated,Dissipated,3,3
dissipation,Dissipation,3,3
dissolvent,Dissolvent,3,3
distasteful,Distasteful,3,3
distend,Distend,3,3
distinguished,Distinguished,3,3
distraught,Distraught,3,3
distressing,Distressing,3,3
disunion,Disunion,3,3
disunite,Disunite,3,3
disuse,Disuse,3,3
dit,Dit,3,3
dittany,Dittany,3,3
ditty,Ditty,3,3
divarication,Divarication,3,3
diver,Diver,3,3
divergent,Divergent,3,3
diversion,Diversion,3,3
diversity,Diversity,3,3
divert,Divert,3,3
divided,Divided,3,3
doctrinal,Doctrinal,3,3
dodger,Dodger,3,3
doff,Doff,3,3
dogfish,Dogfish,3,3
dogged,Dogged,3,3
dogma,Dogma,3,3
domesticate,Domesticate,3,3
domicile,Domicile,3,3
domination,Domination,3,3
dominical,Dominical,3,3
don,Don,3,3
donation,Donation,3,3
donative,Donative,3,3
dop,Dop,3,3
dor,Dor,3,3
dormant,Dormant,3,3
dorr,Dorr,3,3
dory,Dory,3,3
dotage,Dotage,3,3
doted,Doted,3,3
dotterel,Dotterel,3,3
double-quick,Double-quick,3,3
doubtfulness,Doubtfulness,3,3
dove,Dove,3,3
dowel,Dowel,3,3
downcast,Downcast,3,3
downhill,Downhill,3,3
downward,Downward,3,3
downwards,Downwards,3,3
downy,Downy,3,3
dowry,Dowry,3,3
dozen,Dozen,3,3
drachma,Drachma,3,3
draco,Draco,3,3
drama,Drama,3,3
drank,Drank,3,3
drapery,Drapery,3,3
drawbore,Drawbore,3,3
drawl,Drawl,3,3
dray,Dray,3,3
dreadful,Dreadful,3,3
dreadless,Dreadless,3,3
dredger,Dredger,3,3
dree,Dree,3,3
drier,Drier,3,3
dripping,Dripping,3,3
drizzle,Drizzle,3,3
droil,Droil,3,3
dropping,Dropping,3,3
dross,Dross,3,3
drought,Drought,3,3
drowse,Drowse,3,3
drowsy,Drowsy,3,3
drudge,Drudge,3,3
drum major,Drum major,3,3
drying,Drying,3,3
dubious,Dubious,3,3
dudder,Dudder,3,3
duenna,Duenna,3,3
dug,Dug,3,3
dugout,Dugout,3,3
duodecimal,Duodecimal,3,3
duress,Duress,3,3
dutch,Dutch,3,3
dwale,Dwale,3,3
dwang,Dwang,3,3
dwarf,Dwarf,3,3
dyad,Dyad,3,3
dye,Dye,3,3
dynamics,Dynamics,3,3
e,E,3,3
eared,Eared,3,3
early,Early,3,3
earmark,Earmark,3,3
earthnut,Earthnut,3,3
earthwork,Earthwork,3,3
easement,Easement,3,3
easter,Easter,3,3
easterly,Easterly,3,3
eating,Eating,3,3
eaves,Eaves,3,3
ebon,Ebon,3,3
ebullition,Ebullition,3,3
eclectic,Eclectic,3,3
ecstatic,Ecstatic,3,3
ectoplasm,Ectoplasm,3,3
ectype,Ectype,3,3
edder,Edder,3,3
edentate,Edentate,3,3
edging,Edging,3,3
efferent,Efferent,3,3
effloresce,Effloresce,3,3
efflux,Efflux,3,3
effort,Effort,3,3
eft,Eft,3,3
egress,Egress,3,3
egyptian,Egyptian,3,3
eighteen,Eighteen,3,3
eightieth,Eightieth,3,3
eighty,Eighty,3,3
either,Either,3,3
ejaculate,Ejaculate,3,3
ejaculation,Ejaculation,3,3
ejaculatory,Ejaculatory,3,3
ejection,Ejection,3,3
eke,Eke,3,3
eking,Eking,3,3
elaborate,Elaborate,3,3
elastic,Elastic,3,3
electrical,Electrical,3,3
electricity,Electricity,3,3
electro-negative,Electro-negative,3,3
electro-positive,Electro-positive,3,3
electrum,Electrum,3,3
elegiac,Elegiac,3,3
elementary,Elementary,3,3
ellipse,Ellipse,3,3
elocution,Elocution,3,3
eloquence,Eloquence,3,3
else,Else,3,3
elvan,Elvan,3,3
emaciate,Emaciate,3,3
emanate,Emanate,3,3
emancipate,Emancipate,3,3
emarginated,Emarginated,3,3
emasculate,Emasculate,3,3
embalm,Embalm,3,3
embassade,Embassade,3,3
embassy,Embassy,3,3
embattle,Embattle,3,3
embolic,Embolic,3,3
embolism,Embolism,3,3
embouchure,Embouchure,3,3
embracement,Embracement,3,3
embrasure,Embrasure,3,3
embroil,Embroil,3,3
emerald,Emerald,3,3
emigrant,Emigrant,3,3
eminence,Eminence,3,3
emissary,Emissary,3,3
empire,Empire,3,3
empiricism,Empiricism,3,3
empress,Empress,3,3
emprise,Emprise,3,3
emptiness,Emptiness,3,3
emptying,Emptying,3,3
emulgent,Emulgent,3,3
emulsive,Emulsive,3,3
enceinte,Enceinte,3,3
enchain,Enchain,3,3
enchantment,Enchantment,3,3
enchase,Enchase,3,3
encore,Encore,3,3
encroachment,Encroachment,3,3
endeavor,Endeavor,3,3
ending,Ending,3,3
endowment,Endowment,3,3
enfilade,Enfilade,3,3
enforcement,Enforcement,3,3
enfranchise,Enfranchise,3,3
engaging,Engaging,3,3
enginery,Enginery,3,3
engorge,Engorge,3,3
engorged,Engorged,3,3
engorgement,Engorgement,3,3
engrail,Engrail,3,3
engrain,Engrain,3,3
engraved,Engraved,3,3
enhance,Enhance,3,3
enharmonical,Enharmonical,3,3
enjoin,Enjoin,3,3
ensilage,Ensilage,3,3
entailment,Entailment,3,3
entitle,Entitle,3,3
entomophaga,Entomophaga,3,3
entozoa,Entozoa,3,3
entrain,Entrain,3,3
enucleate,Enucleate,3,3
enumeration,Enumeration,3,3
enunciate,Enunciate,3,3
enunciation,Enunciation,3,3
ephemera,Ephemera,3,3
ephemeral,Ephemeral,3,3
ephesian,Ephesian,3,3
epigram,Epigram,3,3
epileptic,Epileptic,3,3
episternum,Episternum,3,3
epistle,Epistle,3,3
epithet,Epithet,3,3
equalize,Equalize,3,3
equation,Equation,3,3
equilibrium,Equilibrium,3,3
equipage,Equipage,3,3
equity,Equity,3,3
era,Era,3,3
erased,Erased,3,3
ere,Ere,3,3
erector,Erector,3,3
ergot,Ergot,3,3
eroded,Eroded,3,3
erroneous,Erroneous,3,3
erythrogen,Erythrogen,3,3
escapement,Escapement,3,3
escort,Escort,3,3
escroll,Escroll,3,3
espouse,Espouse,3,3
establishment,Establishment,3,3
estimate,Estimate,3,3
estrange,Estrange,3,3
estreat,Estreat,3,3
estuary,Estuary,3,3
ethereal,Ethereal,3,3
euchre,Euchre,3,3
eurasian,Eurasian,3,3
evade,Evade,3,3
evection,Evection,3,3
evening,Evening,3,3
eventration,Eventration,3,3
eventtual,Eventtual,3,3
ever,Ever,3,3
evergreen,Evergreen,3,3
evolve,Evolve,3,3
exaggeration,Exaggeration,3,3
exaltation,Exaltation,3,3
exanimate,Exanimate,3,3
exasperate,Exasperate,3,3
excavate,Excavate,3,3
exceed,Exceed,3,3
exceeding,Exceeding,3,3
excel,Excel,3,3
excellence,Excellence,3,3
excellent,Excellent,3,3
excess,Excess,3,3
exchequer,Exchequer,3,3
excipient,Excipient,3,3
excision,Excision,3,3
excitement,Excitement,3,3
exclamation,Exclamation,3,3
exclusion,Exclusion,3,3
exclusive,Exclusive,3,3
excurrent,Excurrent,3,3
excuss,Excuss,3,3
executor,Executor,3,3
exedra,Exedra,3,3
exemplar,Exemplar,3,3
exemplification,Exemplification,3,3
exemplify,Exemplify,3,3
exert,Exert,3,3
exfoliate,Exfoliate,3,3
exhalation,Exhalation,3,3
exhale,Exhale,3,3
exhaustion,Exhaustion,3,3
exhort,Exhort,3,3
exigent,Exigent,3,3
exist,Exist,3,3
existence,Existence,3,3
exode,Exode,3,3
exogenous,Exogenous,3,3
exonerate,Exonerate,3,3
expatiate,Expatiate,3,3
expectant,Expectant,3,3
expediency,Expediency,3,3
expedition,Expedition,3,3
expend,Expend,3,3
expense,Expense,3,3
experience,Experience,3,3
expiate,Expiate,3,3
expiation,Expiation,3,3
expiring,Expiring,3,3
explain,Explain,3,3
explicate,Explicate,3,3
explicit,Explicit,3,3
explosion,Explosion,3,3
explosive,Explosive,3,3
exportation,Exportation,3,3
exsufflation,Exsufflation,3,3
extant,Extant,3,3
extempore,Extempore,3,3
exterminate,Exterminate,3,3
extern,Extern,3,3
extinct,Extinct,3,3
extortion,Extortion,3,3
extraction,Extraction,3,3
extractor,Extractor,3,3
exulcerate,Exulcerate,3,3
fabricate,Fabricate,3,3
faburden,Faburden,3,3
facient,Facient,3,3
facies,Facies,3,3
faction,Faction,3,3
factory,Factory,3,3
failing,Failing,3,3
falcon,Falcon,3,3
falconet,Falconet,3,3
falsification,Falsification,3,3
faltering,Faltering,3,3
fanciful,Fanciful,3,3
fantasy,Fantasy,3,3
farinaceous,Farinaceous,3,3
farming,Farming,3,3
farriery,Farriery,3,3
farthing,Farthing,3,3
fascination,Fascination,3,3
fastigiated,Fastigiated,3,3
fatal,Fatal,3,3
fatality,Fatality,3,3
fated,Fated,3,3
fatness,Fatness,3,3
fatten,Fatten,3,3
favel,Favel,3,3
favorable,Favorable,3,3
favored,Favored,3,3
feaze,Feaze,3,3
fecula,Fecula,3,3
fecundity,Fecundity,3,3
feeble,Feeble,3,3
feeler,Feeler,3,3
feeze,Feeze,3,3
feign,Feign,3,3
felicitate,Felicitate,3,3
felicity,Felicity,3,3
felony,Felony,3,3
felting,Felting,3,3
fend,Fend,3,3
fenestral,Fenestral,3,3
feoffment,Feoffment,3,3
ferial,Ferial,3,3
fern,Fern,3,3
festoon,Festoon,3,3
fetish,Fetish,3,3
fetishism,Fetishism,3,3
feud,Feud,3,3
feudary,Feudary,3,3
fever,Fever,3,3
feverous,Feverous,3,3
fey,Fey,3,3
fiat,Fiat,3,3
fib,Fib,3,3
fibrin,Fibrin,3,3
fibula,Fibula,3,3
fiddler,Fiddler,3,3
fidget,Fidget,3,3
fierce,Fierce,3,3
fifteen,Fifteen,3,3
fiftieth,Fiftieth,3,3
fifty,Fifty,3,3
fighting,Fighting,3,3
figurate,Figurate,3,3
filibuster,Filibuster,3,3
filleting,Filleting,3,3
film,Film,3,3
fimbriated,Fimbriated,3,3
final,Final,3,3
financier,Financier,3,3
finery,Finery,3,3
finishing,Finishing,3,3
firedrake,Firedrake,3,3
firk,Firk,3,3
firmament,Firmament,3,3
firstling,Firstling,3,3
fishery,Fishery,3,3
fission,Fission,3,3
fistula,Fistula,3,3
fitch,Fitch,3,3
five,Five,3,3
fixed,Fixed,3,3
fixture,Fixture,3,3
fizgig,Fizgig,3,3
fizzle,Fizzle,3,3
flagellate,Flagellate,3,3
flagging,Flagging,3,3
flaggy,Flaggy,3,3
flagitious,Flagitious,3,3
flagrant,Flagrant,3,3
flanker,Flanker,3,3
flapdragon,Flapdragon,3,3
flaring,Flaring,3,3
flasket,Flasket,3,3
flatus,Flatus,3,3
flaunt,Flaunt,3,3
flear,Flear,3,3
fleck,Fleck,3,3
fledge,Fledge,3,3
fleeced,Fleeced,3,3
fleshed,Fleshed,3,3
fleshy,Fleshy,3,3
flexible,Flexible,3,3
flexuous,Flexuous,3,3
flimsy,Flimsy,3,3
flinch,Flinch,3,3
flint,Flint,3,3
flippant,Flippant,3,3
flitch,Flitch,3,3
flitter,Flitter,3,3
flitting,Flitting,3,3
floccus,Floccus,3,3
flooding,Flooding,3,3
flooring,Flooring,3,3
flour,Flour,3,3
flout,Flout,3,3
flowing,Flowing,3,3
flown,Flown,3,3
fluctuant,Fluctuant,3,3
fluctuate,Fluctuate,3,3
fluctuation,Fluctuation,3,3
flunky,Flunky,3,3
fluor,Fluor,3,3
flushing,Flushing,3,3
fluster,Fluster,3,3
fluted,Fluted,3,3
foal,Foal,3,3
fob,Fob,3,3
fodder,Fodder,3,3
foible,Foible,3,3
foiling,Foiling,3,3
folding,Folding,3,3
foliaceous,Foliaceous,3,3
foliage,Foliage,3,3
foliate,Foliate,3,3
folks,Folks,3,3
foment,Foment,3,3
fomentation,Fomentation,3,3
font,Font,3,3
food,Food,3,3
foolish,Foolish,3,3
footed,Footed,3,3
forcer,Forcer,3,3
forcible,Forcible,3,3
forcing,Forcing,3,3
ford,Ford,3,3
forecastle,Forecastle,3,3
forego,Forego,3,3
foregoer,Foregoer,3,3
forehanded,Forehanded,3,3
forehead,Forehead,3,3
foreland,Foreland,3,3
foreman,Foreman,3,3
forerunner,Forerunner,3,3
foresail,Foresail,3,3
foresee,Foresee,3,3
foretaste,Foretaste,3,3
forethink,Forethink,3,3
foretop,Foretop,3,3
forgery,Forgery,3,3
forgetful,Forgetful,3,3
forgetfulness,Forgetfulness,3,3
forgive,Forgive,3,3
forked,Forked,3,3
formalize,Formalize,3,3
formed,Formed,3,3
formulary,Formulary,3,3
forsooth,Forsooth,3,3
forswear,Forswear,3,3
forte,Forte,3,3
forthright,Forthright,3,3
fortieth,Fortieth,3,3
fortify,Fortify,3,3
forty,Forty,3,3
forwarder,Forwarder,3,3
forwarding,Forwarding,3,3
fourfold,Fourfold,3,3
fourteen,Fourteen,3,3
fowl,Fowl,3,3
foxed,Foxed,3,3
foxiness,Foxiness,3,3
foxtail,Foxtail,3,3
fragility,Fragility,3,3
framing,Framing,3,3
fraternity,Fraternity,3,3
fraud,Fraud,3,3
fraudulent,Fraudulent,3,3
freightage,Freightage,3,3
french,French,3,3
frenzy,Frenzy,3,3
fresh-water,Fresh-water,3,3
friar,Friar,3,3
friary,Friary,3,3
fribble,Fribble,3,3
friended,Friended,3,3
fright,Fright,3,3
frigid,Frigid,3,3
frisk,Frisk,3,3
frontispiece,Frontispiece,3,3
frontlet,Frontlet,3,3
frostfish,Frostfish,3,3
frosting,Frosting,3,3
frothy,Frothy,3,3
fructification,Fructification,3,3
frump,Frump,3,3
frustrate,Frustrate,3,3
ftiction,Ftiction,3,3
fucoid,Fucoid,3,3
fudge,Fudge,3,3
fuller,Fuller,3,3
fulminating,Fulminating,3,3
fulmination,Fulmination,3,3
fulsome,Fulsome,3,3
funded,Funded,3,3
funding,Funding,3,3
funicular,Funicular,3,3
funiculus,Funiculus,3,3
furnace,Furnace,3,3
furnish,Furnish,3,3
furry,Furry,3,3
fuss,Fuss,3,3
futurity,Futurity,3,3
fuzz,Fuzz,3,3
gaff,Gaff,3,3
gaiter,Gaiter,3,3
galactin,Galactin,3,3
galliard,Galliard,3,3
gallic,Gallic,3,3
galoshe,Galoshe,3,3
gambrel,Gambrel,3,3
gamester,Gamester,3,3
gammoning,Gammoning,3,3
ganglion,Ganglion,3,3
gap,Gap,3,3
gar,Gar,3,3
garget,Garget,3,3
garnishee,Garnishee,3,3
garth,Garth,3,3
gasket,Gasket,3,3
gaskins,Gaskins,3,3
gauntlet,Gauntlet,3,3
gawk,Gawk,3,3
gearing,Gearing,3,3
gee,Gee,3,3
gelatinize,Gelatinize,3,3
gelding,Gelding,3,3
gelt,Gelt,3,3
gemel,Gemel,3,3
generality,Generality,3,3
generally,Generally,3,3
generalship,Generalship,3,3
generator,Generator,3,3
generosity,Generosity,3,3
genethliac,Genethliac,3,3
genevan,Genevan,3,3
genteel,Genteel,3,3
gentile,Gentile,3,3
gentilize,Gentilize,3,3
gentry,Gentry,3,3
georgian,Georgian,3,3
germ,Germ,3,3
germanic,Germanic,3,3
gestation,Gestation,3,3
gesticulation,Gesticulation,3,3
getting,Getting,3,3
ghastly,Ghastly,3,3
ghaut,Ghaut,3,3
ghostly,Ghostly,3,3
gibe,Gibe,3,3
gilthead,Gilthead,3,3
gimlet,Gimlet,3,3
gimp,Gimp,3,3
girder,Girder,3,3
girdler,Girdler,3,3
gizzard,Gizzard,3,3
glaciate,Glaciate,3,3
glaciation,Glaciation,3,3
glade,Glade,3,3
glancing,Glancing,3,3
glase,Glase,3,3
glassy,Glassy,3,3
glebe,Glebe,3,3
glee,Glee,3,3
gleet,Gleet,3,3
glimmer,Glimmer,3,3
glimmering,Glimmering,3,3
glint,Glint,3,3
glitter,Glitter,3,3
gloam,Gloam,3,3
globule,Globule,3,3
glome,Glome,3,3
gloria,Gloria,3,3
glorious,Glorious,3,3
glove,Glove,3,3
glucose,Glucose,3,3
glum,Glum,3,3
gnostic,Gnostic,3,3
goal,Goal,3,3
gob,Gob,3,3
godhead,Godhead,3,3
goer,Goer,3,3
golden,Golden,3,3
goldfinch,Goldfinch,3,3
gondola,Gondola,3,3
gong,Gong,3,3
gonochorism,Gonochorism,3,3
goody,Goody,3,3
gordian,Gordian,3,3
gorgonian,Gorgonian,3,3
gospeler,Gospeler,3,3
gossamer,Gossamer,3,3
gothicism,Gothicism,3,3
governing,Governing,3,3
gowk,Gowk,3,3
gracious,Gracious,3,3
gradatory,Gradatory,3,3
graduated,Graduated,3,3
graduation,Graduation,3,3
graduator,Graduator,3,3
grafter,Grafter,3,3
grainer,Grainer,3,3
gram,Gram,3,3
granulate,Granulate,3,3
granulated,Granulated,3,3
grappling,Grappling,3,3
gratification,Gratification,3,3
grazing,Grazing,3,3
greave,Greave,3,3
grecize,Grecize,3,3
greenhead,Greenhead,3,3
greenness,Greenness,3,3
gremial,Gremial,3,3
grenadier,Grenadier,3,3
gridiron,Gridiron,3,3
grief,Grief,3,3
grieving,Grieving,3,3
grievous,Grievous,3,3
grinder,Grinder,3,3
gris,Gris,3,3
grise,Grise,3,3
grist,Grist,3,3
grizzly,Grizzly,3,3
groggy,Groggy,3,3
grouper,Grouper,3,3
grouse,Grouse,3,3
growl,Growl,3,3
growler,Growler,3,3
grunt,Grunt,3,3
grunter,Grunter,3,3
guardant,Guardant,3,3
guardian,Guardian,3,3
guerrilla,Guerrilla,3,3
guest,Guest,3,3
guidon,Guidon,3,3
guild,Guild,3,3
guilding,Guilding,3,3
guillotine,Guillotine,3,3
guise,Guise,3,3
gula,Gula,3,3
gulp,Gulp,3,3
gumption,Gumption,3,3
gunshot,Gunshot,3,3
gushing,Gushing,3,3
gustable,Gustable,3,3
guzzle,Guzzle,3,3
gyroidal,Gyroidal,3,3
habituate,Habituate,3,3
habitude,Habitude,3,3
hade,Hade,3,3
haematozoon,Haematozoon,3,3
haft,Haft,3,3
haggle,Haggle,3,3
hake,Hake,3,3
halcyon,Halcyon,3,3
hale,Hale,3,3
half blood,Half blood,3,3
halse,Halse,3,3
halve,Halve,3,3
ham,Ham,3,3
hammerhead,Hammerhead,3,3
handed,Handed,3,3
handful,Handful,3,3
handling,Handling,3,3
happiness,Happiness,3,3
happy,Happy,3,3
har monically,Har monically,3,3
harangue,Harangue,3,3
harass,Harass,3,3
harbinger,Harbinger,3,3
hardening,Hardening,3,3
hardiness,Hardiness,3,3
hardness,Hardness,3,3
hare,Hare,3,3
harlequin,Harlequin,3,3
harm,Harm,3,3
harmonical,Harmonical,3,3
harmonious,Harmonious,3,3
harmonist,Harmonist,3,3
harrier,Harrier,3,3
harry,Harry,3,3
hash,Hash,3,3
haste,Haste,3,3
hastily,Hastily,3,3
hat,Hat,3,3
hatchel,Hatchel,3,3
haughty,Haughty,3,3
haven,Haven,3,3
haver,Haver,3,3
haversack,Haversack,3,3
havoc,Havoc,3,3
hawker,Hawker,3,3
he,He,3,3
headed,Headed,3,3
headless,Headless,3,3
headstock,Headstock,3,3
heady,Heady,3,3
healthy,Healthy,3,3
heart-whole,Heart-whole,3,3
heartburning,Heartburning,3,3
hearted,Hearted,3,3
hearth,Hearth,3,3
heartless,Heartless,3,3
heath,Heath,3,3
heathenish,Heathenish,3,3
hebetate,Hebetate,3,3
hebrew,Hebrew,3,3
hector,Hector,3,3
heelpiece,Heelpiece,3,3
heelpost,Heelpost,3,3
heeltap,Heeltap,3,3
heir,Heir,3,3
helicoid,Helicoid,3,3
heliograph,Heliograph,3,3
heliotrope,Heliotrope,3,3
hemisphere,Hemisphere,3,3
hemlock,Hemlock,3,3
hemmer,Hemmer,3,3
hemostatic,Hemostatic,3,3
hepatic,Hepatic,3,3
heptachord,Heptachord,3,3
herbal,Herbal,3,3
heresy,Heresy,3,3
hermetical,Hermetical,3,3
hero,Hero,3,3
heroic,Heroic,3,3
herse,Herse,3,3
hesitate,Hesitate,3,3
hessian,Hessian,3,3
heteroclite,Heteroclite,3,3
heterodox,Heterodox,3,3
hewn,Hewn,3,3
hey,Hey,3,3
hiatus,Hiatus,3,3
hibernaculum,Hibernaculum,3,3
hideous,Hideous,3,3
hiding,Hiding,3,3
himself,Himself,3,3
hinny,Hinny,3,3
hint,Hint,3,3
hippocampus,Hippocampus,3,3
hissing,Hissing,3,3
history,History,3,3
hoa,Hoa,3,3
hoard,Hoard,3,3
hoarding,Hoarding,3,3
hobbyhorse,Hobbyhorse,3,3
hobnail,Hobnail,3,3
hogback,Hogback,3,3
holly,Holly,3,3
holm,Holm,3,3
holmos,Holmos,3,3
holt,Holt,3,3
homer,Homer,3,3
homestead,Homestead,3,3
homology,Homology,3,3
homomorphism,Homomorphism,3,3
homophonous,Homophonous,3,3
homophony,Homophony,3,3
honeyed,Honeyed,3,3
hoodwink,Hoodwink,3,3
hooked,Hooked,3,3
hopeless,Hopeless,3,3
hopping,Hopping,3,3
hopple,Hopple,3,3
horizontal,Horizontal,3,3
horny,Horny,3,3
horse power,Horse power,3,3
horseshoe,Horseshoe,3,3
hospital,Hospital,3,3
hostler,Hostler,3,3
hoten,Hoten,3,3
hounding,Hounding,3,3
household,Household,3,3
hover,Hover,3,3
however,However,3,3
huckster,Huckster,3,3
hue,Hue,3,3
hugger-mugger,Hugger-mugger,3,3
humane,Humane,3,3
humanist,Humanist,3,3
humming,Humming,3,3
hummock,Hummock,3,3
humorist,Humorist,3,3
humorous,Humorous,3,3
hundred,Hundred,3,3
hundreder,Hundreder,3,3
hundredth,Hundredth,3,3
hungry,Hungry,3,3
hurling,Hurling,3,3
hurried,Hurried,3,3
husk,Husk,3,3
husked,Husked,3,3
husking,Husking,3,3
hustings,Hustings,3,3
hydrate,Hydrate,3,3
hydrometrical,Hydrometrical,3,3
hydrosalt,Hydrosalt,3,3
hymen,Hymen,3,3
hymn,Hymn,3,3
hymning,Hymning,3,3
hyoid,Hyoid,3,3
hypochondriac,Hypochondriac,3,3
hypostatical,Hypostatical,3,3
iced,Iced,3,3
idealism,Idealism,3,3
ideality,Ideality,3,3
idealize,Idealize,3,3
ideate,Ideate,3,3
identify,Identify,3,3
identity,Identity,3,3
ideogram,Ideogram,3,3
idiom,Idiom,3,3
idler,Idler,3,3
idolize,Idolize,3,3
ignite,Ignite,3,3
ignominious,Ignominious,3,3
ignore,Ignore,3,3
ile,Ile,3,3
iliac,Iliac,3,3
ill-natured,Ill-natured,3,3
illiberal,Illiberal,3,3
illness,Illness,3,3
illustration,Illustration,3,3
illustrious,Illustrious,3,3
imaginative,Imaginative,3,3
imbecile,Imbecile,3,3
imbibe,Imbibe,3,3
imbricated,Imbricated,3,3
imitate,Imitate,3,3
immediate,Immediate,3,3
immediately,Immediately,3,3
imminent,Imminent,3,3
immortalize,Immortalize,3,3
immure,Immure,3,3
impact,Impact,3,3
impale,Impale,3,3
impalpable,Impalpable,3,3
imparity,Imparity,3,3
imparlance,Imparlance,3,3
impassionate,Impassionate,3,3
impenetrability,Impenetrability,3,3
impenetrable,Impenetrable,3,3
imperious,Imperious,3,3
impersonate,Impersonate,3,3
impertinence,Impertinence,3,3
impetus,Impetus,3,3
imping,Imping,3,3
implicit,Implicit,3,3
implore,Implore,3,3
imply,Imply,3,3
importation,Importation,3,3
importune,Importune,3,3
impossibility,Impossibility,3,3
imposthumate,Imposthumate,3,3
impotency,Impotency,3,3
impracticability,Impracticability,3,3
impracticable,Impracticable,3,3
imprimery,Imprimery,3,3
impromptu,Impromptu,3,3
impropriation,Impropriation,3,3
impurity,Impurity,3,3
impute,Impute,3,3
inactive,Inactive,3,3
inanity,Inanity,3,3
incarcerate,Incarcerate,3,3
incarceration,Incarceration,3,3
incensed,Incensed,3,3
incentive,Incentive,3,3
incised,Incised,3,3
incision,Incision,3,3
incivility,Incivility,3,3
inclining,Inclining,3,3
inclosure,Inclosure,3,3
include,Include,3,3
incoercible,Incoercible,3,3
incognito,Incognito,3,3
incoherency,Incoherency,3,3
incompatible,Incompatible,3,3
incompetent,Incompetent,3,3
incongruity,Incongruity,3,3
inconsistency,Inconsistency,3,3
inconvenience,Inconvenience,3,3
incorrect,Incorrect,3,3
incredulous,Incredulous,3,3
incubation,Incubation,3,3
incubus,Incubus,3,3
incur,Incur,3,3
incurable,Incurable,3,3
incurvation,Incurvation,3,3
incus,Incus,3,3
indebted,Indebted,3,3
indicate,Indicate,3,3
indicative,Indicative,3,3
indict,Indict,3,3
indictment,Indictment,3,3
indifferentism,Indifferentism,3,3
indigo,Indigo,3,3
indispensable,Indispensable,3,3
indispose,Indispose,3,3
indolent,Indolent,3,3
indorsement,Indorsement,3,3
inducement,Inducement,3,3
induration,Induration,3,3
indusium,Indusium,3,3
industry,Industry,3,3
inert,Inert,3,3
inertia,Inertia,3,3
inexistence,Inexistence,3,3
infallible,Infallible,3,3
infamy,Infamy,3,3
infancy,Infancy,3,3
infatuate,Infatuate,3,3
infernal,Infernal,3,3
infidelity,Infidelity,3,3
infield,Infield,3,3
infinitive,Infinitive,3,3
infinitude,Infinitude,3,3
infix,Infix,3,3
inflamed,Inflamed,3,3
inflammation,Inflammation,3,3
inflammatory,Inflammatory,3,3
inflation,Inflation,3,3
inflect,Inflect,3,3
inflected,Inflected,3,3
inflexible,Inflexible,3,3
inflorescence,Inflorescence,3,3
influx,Influx,3,3
informant,Informant,3,3
information,Information,3,3
informer,Informer,3,3
infundibulum,Infundibulum,3,3
ingenuity,Ingenuity,3,3
ingle,Ingle,3,3
ingratiate,Ingratiate,3,3
ingurgitate,Ingurgitate,3,3
inhabitation,Inhabitation,3,3
inhaler,Inhaler,3,3
inheritable,Inheritable,3,3
inhibition,Inhibition,3,3
inhumation,Inhumation,3,3
iniquity,Iniquity,3,3
initiative,Initiative,3,3
initiatory,Initiatory,3,3
injunction,Injunction,3,3
inlet,Inlet,3,3
innervation,Innervation,3,3
innovate,Innovate,3,3
innovation,Innovation,3,3
inoculation,Inoculation,3,3
inoffensive,Inoffensive,3,3
inofficious,Inofficious,3,3
inquisitive,Inquisitive,3,3
inquisitor,Inquisitor,3,3
insecta,Insecta,3,3
insectivorous,Insectivorous,3,3
inserting,Inserting,3,3
inset,Inset,3,3
insignificance,Insignificance,3,3
insignificant,Insignificant,3,3
insolation,Insolation,3,3
insolent,Insolent,3,3
insoluble,Insoluble,3,3
insolvable,Insolvable,3,3
inspect,Inspect,3,3
inspiration,Inspiration,3,3
installment,Installment,3,3
institutional,Institutional,3,3
institutor,Institutor,3,3
instrumental,Instrumental,3,3
instrumentation,Instrumentation,3,3
insufflation,Insufflation,3,3
insular,Insular,3,3
insulate,Insulate,3,3
insure,Insure,3,3
intake,Intake,3,3
integrate,Integrate,3,3
integration,Integration,3,3
integrity,Integrity,3,3
intellective,Intellective,3,3
intelligent,Intelligent,3,3
intendment,Intendment,3,3
intension,Intension,3,3
intent,Intent,3,3
intercede,Intercede,3,3
intercross,Intercross,3,3
interested,Interested,3,3
interference,Interference,3,3
interfuse,Interfuse,3,3
interline,Interline,3,3
interlocution,Interlocution,3,3
interlocutory,Interlocutory,3,3
interlude,Interlude,3,3
intermaxillary,Intermaxillary,3,3
intermedium,Intermedium,3,3
interpolate,Interpolate,3,3
interpolation,Interpolation,3,3
interpret,Interpret,3,3
interrogate,Interrogate,3,3
interrogation,Interrogation,3,3
interrupt,Interrupt,3,3
interrupted,Interrupted,3,3
intertwine,Intertwine,3,3
intervention,Intervention,3,3
interview,Interview,3,3
intestate,Intestate,3,3
intimation,Intimation,3,3
intolerant,Intolerant,3,3
intoxication,Intoxication,3,3
intrench,Intrench,3,3
intrinsic,Intrinsic,3,3
intromission,Intromission,3,3
intromit,Intromit,3,3
intuition,Intuition,3,3
intuitive,Intuitive,3,3
invasion,Invasion,3,3
invent,Invent,3,3
inverted,Inverted,3,3
invertible,Invertible,3,3
investiture,Investiture,3,3
invidious,Invidious,3,3
inviolable,Inviolable,3,3
invitation,Invitation,3,3
invoice,Invoice,3,3
involucre,Involucre,3,3
involuntary,Involuntary,3,3
involuted,Involuted,3,3
inwardness,Inwardness,3,3
ironclad,Ironclad,3,3
ironing,Ironing,3,3
irrational,Irrational,3,3
irritability,Irritability,3,3
irritation,Irritation,3,3
is-,Is-,3,3
isis,Isis,3,3
isle,Isle,3,3
isolate,Isolate,3,3
isopathy,Isopathy,3,3
italian,Italian,3,3
italic,Italic,3,3
iterate,Iterate,3,3
jacobin,Jacobin,3,3
jacobite,Jacobite,3,3
japanese,Japanese,3,3
jargon,Jargon,3,3
jeering,Jeering,3,3
jelly,Jelly,3,3
jemmy,Jemmy,3,3
jenny,Jenny,3,3
jerker,Jerker,3,3
jersey,Jersey,3,3
jesse,Jesse,3,3
jesting,Jesting,3,3
jib,Jib,3,3
jibe,Jibe,3,3
jilt,Jilt,3,3
jobbing,Jobbing,3,3
joiner,Joiner,3,3
jointure,Jointure,3,3
jolly,Jolly,3,3
jolt,Jolt,3,3
jostle,Jostle,3,3
jove,Jove,3,3
jovial,Jovial,3,3
jubilate,Jubilate,3,3
judicatory,Judicatory,3,3
judicature,Judicature,3,3
juggling,Juggling,3,3
juke,Juke,3,3
julep,Julep,3,3
juncture,Juncture,3,3
june,June,3,3
jurisdiction,Jurisdiction,3,3
jury,Jury,3,3
justle,Justle,3,3
juvenile,Juvenile,3,3
kail,Kail,3,3
kali,Kali,3,3
kalmuck,Kalmuck,3,3
keeled,Keeled,3,3
kelt,Kelt,3,3
kenning,Kenning,3,3
ketch,Ketch,3,3
kevel,Kevel,3,3
keyhole,Keyhole,3,3
kidney,Kidney,3,3
kilt,Kilt,3,3
kindliness,Kindliness,3,3
kindred,Kindred,3,3
kingdom,Kingdom,3,3
kitcat,Kitcat,3,3
kitchen,Kitchen,3,3
kittle,Kittle,3,3
kneeler,Kneeler,3,3
knell,Knell,3,3
knitting,Knitting,3,3
knobby,Knobby,3,3
knotty,Knotty,3,3
knurl,Knurl,3,3
laboring,Laboring,3,3
labrum,Labrum,3,3
laced,Laced,3,3
lacerated,Lacerated,3,3
lacerta,Lacerta,3,3
lachrymal,Lachrymal,3,3
lacinia,Lacinia,3,3
lackey,Lackey,3,3
laconical,Laconical,3,3
lacteal,Lacteal,3,3
lacunar,Lacunar,3,3
lad,Lad,3,3
lading,Lading,3,3
ladylike,Ladylike,3,3
lagging,Lagging,3,3
lair,Lair,3,3
laity,Laity,3,3
lambdacism,Lambdacism,3,3
lambrequin,Lambrequin,3,3
lamellicorn,Lamellicorn,3,3
lamentable,Lamentable,3,3
lamina,Lamina,3,3
lancer,Lancer,3,3
landed,Landed,3,3
landscape,Landscape,3,3
languid,Languid,3,3
languish,Languish,3,3
languishing,Languishing,3,3
languor,Languor,3,3
laniary,Laniary,3,3
lank,Lank,3,3
lant,Lant,3,3
lapidescence,Lapidescence,3,3
lapsed,Lapsed,3,3
lare,Lare,3,3
lasher,Lasher,3,3
lateral,Lateral,3,3
latticing,Latticing,3,3
laureate,Laureate,3,3
laurel,Laurel,3,3
lavish,Lavish,3,3
lawless,Lawless,3,3
laxative,Laxative,3,3
lazy,Lazy,3,3
lea,Lea,3,3
leaded,Leaded,3,3
leaden,Leaden,3,3
leaflet,Leaflet,3,3
leaguer,Leaguer,3,3
lear,Lear,3,3
learn,Learn,3,3
learning,Learning,3,3
leather,Leather,3,3
leavening,Leavening,3,3
ledger,Ledger,3,3
lees,Lees,3,3
leeward,Leeward,3,3
left-handed,Left-handed,3,3
legendary,Legendary,3,3
leisure,Leisure,3,3
lending,Lending,3,3
lenient,Lenient,3,3
lenten,Lenten,3,3
lenticula,Lenticula,3,3
lesion,Lesion,3,3
lethargy,Lethargy,3,3
lethe,Lethe,3,3
lettering,Lettering,3,3
levantine,Levantine,3,3
leveling,Leveling,3,3
levitical,Levitical,3,3
levity,Levity,3,3
levo-,Levo-,3,3
liability,Liability,3,3
libertinism,Libertinism,3,3
lickerish,Lickerish,3,3
licking,Licking,3,3
lien,Lien,3,3
ligament,Ligament,3,3
lighter,Lighter,3,3
lightness,Lightness,3,3
lightning,Lightning,3,3
lignose,Lignose,3,3
ligule,Ligule,3,3
likelihood,Likelihood,3,3
lily,Lily,3,3
limbus,Limbus,3,3
limner,Limner,3,3
limy,Limy,3,3
linger,Linger,3,3
lingering,Lingering,3,3
lining,Lining,3,3
linkage,Linkage,3,3
linsey-woolsey,Linsey-woolsey,3,3
lion,Lion,3,3
lipped,Lipped,3,3
liquefaction,Liquefaction,3,3
liripoop,Liripoop,3,3
listen,Listen,3,3
literate,Literate,3,3
literator,Literator,3,3
litigious,Litigious,3,3
lituus,Lituus,3,3
liveliness,Liveliness,3,3
liveryman,Liveryman,3,3
lives,Lives,3,3
lixivial,Lixivial,3,3
lizard,Lizard,3,3
loading,Loading,3,3
loaf,Loaf,3,3
loam,Loam,3,3
loathe,Loathe,3,3
loathly,Loathly,3,3
lobated,Lobated,3,3
local,Local,3,3
locate,Locate,3,3
lockage,Lockage,3,3
locomotive,Locomotive,3,3
logical,Logical,3,3
loller,Loller,3,3
longitude,Longitude,3,3
longitudinal,Longitudinal,3,3
loo,Loo,3,3
looped,Looped,3,3
looping,Looping,3,3
loot,Loot,3,3
loquacious,Loquacious,3,3
lording,Lording,3,3
lordly,Lordly,3,3
lordship,Lordship,3,3
lorica,Lorica,3,3
loricate,Loricate,3,3
losing,Losing,3,3
lote,Lote,3,3
lounge,Lounge,3,3
lout,Lout,3,3
lover,Lover,3,3
loving,Loving,3,3
lowbell,Lowbell,3,3
lubricity,Lubricity,3,3
luciferian,Luciferian,3,3
luculent,Luculent,3,3
lum,Lum,3,3
luminous,Luminous,3,3
lumper,Lumper,3,3
lunary,Lunary,3,3
lunatic,Lunatic,3,3
luncheon,Luncheon,3,3
lune,Lune,3,3
lurcher,Lurcher,3,3
lurid,Lurid,3,3
luscious,Luscious,3,3
lusk,Lusk,3,3
lustering,Lustering,3,3
lustful,Lustful,3,3
luxuriate,Luxuriate,3,3
lye,Lye,3,3
lying,Lying,3,3
lymph,Lymph,3,3
ma,Ma,3,3
macedonian,Macedonian,3,3
macerate,Macerate,3,3
machinist,Machinist,3,3
macle,Macle,3,3
macled,Macled,3,3
macule,Macule,3,3
madcap,Madcap,3,3
made,Made,3,3
madrier,Madrier,3,3
magistery,Magistery,3,3
magnetism,Magnetism,3,3
magnetize,Magnetize,3,3
mahogany,Mahogany,3,3
maidenhead,Maidenhead,3,3
mailed,Mailed,3,3
mainprise,Mainprise,3,3
maintenance,Maintenance,3,3
majesty,Majesty,3,3
maker,Maker,3,3
malice,Malice,3,3
malicious,Malicious,3,3
malignity,Malignity,3,3
malleus,Malleus,3,3
manager,Manager,3,3
mandate,Mandate,3,3
manilla,Manilla,3,3
maniple,Maniple,3,3
manipulate,Manipulate,3,3
manipulation,Manipulation,3,3
manna,Manna,3,3
mannish,Mannish,3,3
mantelet,Mantelet,3,3
manufactory,Manufactory,3,3
manufacturing,Manufacturing,3,3
manure,Manure,3,3
manuscript,Manuscript,3,3
map,Map,3,3
mara,Mara,3,3
margined,Margined,3,3
marish,Marish,3,3
marketable,Marketable,3,3
marketing,Marketing,3,3
marl,Marl,3,3
marron,Marron,3,3
marrot,Marrot,3,3
mars,Mars,3,3
marshaling,Marshaling,3,3
marsupial,Marsupial,3,3
marten,Marten,3,3
martingal,Martingal,3,3
mason,Mason,3,3
massacre,Massacre,3,3
masterly,Masterly,3,3
masterwort,Masterwort,3,3
mastic,Mastic,3,3
matchmaking,Matchmaking,3,3
materialism,Materialism,3,3
materially,Materially,3,3
maturate,Maturate,3,3
maturely,Maturely,3,3
maudlin,Maudlin,3,3
maul,Maul,3,3
maxilla,Maxilla,3,3
maxillary,Maxillary,3,3
maybe,Maybe,3,3
maybird,Maybird,3,3
mazard,Mazard,3,3
mead,Mead,3,3
meadow,Meadow,3,3
mechanism,Mechanism,3,3
medalist,Medalist,3,3
meddle,Meddle,3,3
media,Media,3,3
median,Median,3,3
mediocre,Mediocre,3,3
meditate,Meditate,3,3
mediterranean,Mediterranean,3,3
medulla,Medulla,3,3
medullary,Medullary,3,3
meek,Meek,3,3
megameter,Megameter,3,3
melancholic,Melancholic,3,3
mell,Mell,3,3
melody,Melody,3,3
melting,Melting,3,3
memoirs,Memoirs,3,3
meniscus,Meniscus,3,3
menstrual,Menstrual,3,3
mental,Mental,3,3
mercenary,Mercenary,3,3
mercurialize,Mercurialize,3,3
mesdames,Mesdames,3,3
mesocephalic,Mesocephalic,3,3
mesoderm,Mesoderm,3,3
mesogastric,Mesogastric,3,3
metaleptic,Metaleptic,3,3
metalline,Metalline,3,3
metallography,Metallography,3,3
metamorphic,Metamorphic,3,3
metamorphosis,Metamorphosis,3,3
metaphysical,Metaphysical,3,3
metastasis,Metastasis,3,3
metathesis,Metathesis,3,3
meteoric,Meteoric,3,3
meter,Meter,3,3
method,Method,3,3
methodical,Methodical,3,3
metre,Metre,3,3
mezzo-soprano,Mezzo-soprano,3,3
micr-,Micr-,3,3
microscopical,Microscopical,3,3
middleman,Middleman,3,3
midland,Midland,3,3
midway,Midway,3,3
midwife,Midwife,3,3
might,Might,3,3
mildew,Mildew,3,3
military,Military,3,3
million,Million,3,3
mime,Mime,3,3
mimic,Mimic,3,3
mimical,Mimical,3,3
miner,Miner,3,3
mineralization,Mineralization,3,3
mineralize,Mineralize,3,3
minikin,Minikin,3,3
mining,Mining,3,3
ministerial,Ministerial,3,3
minority,Minority,3,3
minstrelsy,Minstrelsy,3,3
minuscule,Minuscule,3,3
minutely,Minutely,3,3
minx,Minx,3,3
miraculous,Miraculous,3,3
mirror,Mirror,3,3
miscarriage,Miscarriage,3,3
mischief,Mischief,3,3
misconduct,Misconduct,3,3
misdo,Misdo,3,3
misdoubt,Misdoubt,3,3
mise,Mise,3,3
misericordia,Misericordia,3,3
misery,Misery,3,3
misled,Misled,3,3
misprision,Misprision,3,3
misrule,Misrule,3,3
missay,Missay,3,3
missy,Missy,3,3
mistaken,Mistaken,3,3
mistrust,Mistrust,3,3
misunderstanding,Misunderstanding,3,3
mizzle,Mizzle,3,3
mocha,Mocha,3,3
mocker,Mocker,3,3
mockery,Mockery,3,3
moder,Moder,3,3
modern,Modern,3,3
modest,Modest,3,3
modulate,Modulate,3,3
modulation,Modulation,3,3
module,Module,3,3
modus,Modus,3,3
moe,Moe,3,3
moil,Moil,3,3
moist,Moist,3,3
molar,Molar,3,3
molecule,Molecule,3,3
molten,Molten,3,3
momental,Momental,3,3
monarchy,Monarchy,3,3
money-making,Money-making,3,3
moneyed,Moneyed,3,3
monger,Monger,3,3
mongrel,Mongrel,3,3
monodical,Monodical,3,3
monoecian,Monoecian,3,3
monogenesis,Monogenesis,3,3
monogram,Monogram,3,3
monopoly,Monopoly,3,3
monsieur,Monsieur,3,3
moo,Moo,3,3
mood,Mood,3,3
moolley,Moolley,3,3
moon-eye,Moon-eye,3,3
moonfish,Moonfish,3,3
moonstruck,Moonstruck,3,3
moony,Moony,3,3
mope,Mope,3,3
mora,Mora,3,3
morbidity,Morbidity,3,3
morel,Morel,3,3
morrow,Morrow,3,3
mortally,Mortally,3,3
mortise,Mortise,3,3
moslem,Moslem,3,3
moss,Moss,3,3
motor,Motor,3,3
moulinet,Moulinet,3,3
mound,Mound,3,3
mountaineer,Mountaineer,3,3
mountainous,Mountainous,3,3
mounted,Mounted,3,3
mounting,Mounting,3,3
mouthed,Mouthed,3,3
mouthpiece,Mouthpiece,3,3
mowing,Mowing,3,3
moxie,Moxie,3,3
mucilaginous,Mucilaginous,3,3
mucus,Mucus,3,3
mud,Mud,3,3
mulier,Mulier,3,3
muller,Muller,3,3
mullion,Mullion,3,3
multiplier,Multiplier,3,3
multitude,Multitude,3,3
mum-chance,Mum-chance,3,3
muniment,Muniment,3,3
muriated,Muriated,3,3
murk,Murk,3,3
muscadine,Muscadine,3,3
muscatel,Muscatel,3,3
muscle,Muscle,3,3
muscular,Muscular,3,3
musical,Musical,3,3
muskrat,Muskrat,3,3
mustache,Mustache,3,3
musty,Musty,3,3
mutton,Mutton,3,3
myotome,Myotome,3,3
myriad,Myriad,3,3
mysticism,Mysticism,3,3
nag,Nag,3,3
nam,Nam,3,3
nankeen,Nankeen,3,3
napping,Napping,3,3
nard,Nard,3,3
narration,Narration,3,3
narrative,Narrative,3,3
narrowing,Narrowing,3,3
nasty,Nasty,3,3
nates,Nates,3,3
nationalism,Nationalism,3,3
nativity,Nativity,3,3
nauseate,Nauseate,3,3
nautilus,Nautilus,3,3
nave,Nave,3,3
navel,Navel,3,3
navicular,Navicular,3,3
navigate,Navigate,3,3
navy,Navy,3,3
neap,Neap,3,3
nebula,Nebula,3,3
nebulosity,Nebulosity,3,3
necked,Necked,3,3
needless,Needless,3,3
negligence,Negligence,3,3
negotiation,Negotiation,3,3
neigh,Neigh,3,3
neologism,Neologism,3,3
nephew,Nephew,3,3
nephritical,Nephritical,3,3
neptunian,Neptunian,3,3
nerved,Nerved,3,3
nestorian,Nestorian,3,3
nettles,Nettles,3,3
neutralize,Neutralize,3,3
news,News,3,3
nibble,Nibble,3,3
nicety,Nicety,3,3
nicking,Nicking,3,3
niere,niere,3,3
niggard,Niggard,3,3
nightmare,Nightmare,3,3
nihilism,Nihilism,3,3
nine,Nine,3,3
nineteen,Nineteen,3,3
ninety,Ninety,3,3
nippers,Nippers,3,3
nitrification,Nitrification,3,3
nobility,Nobility,3,3
nobly,Nobly,3,3
nocent,Nocent,3,3
nock,Nock,3,3
nocturnal,Nocturnal,3,3
noli-me-tangere,Noli-me-tangere,3,3
nome,Nome,3,3
nomenclature,Nomenclature,3,3
nonentity,Nonentity,3,3
nones,Nones,3,3
nonsuit,Nonsuit,3,3
norma,Norma,3,3
norman,Norman,3,3
northeast,Northeast,3,3
norwegian,Norwegian,3,3
not,Not,3,3
notability,Notability,3,3
notation,Notation,3,3
notification,Notification,3,3
notional,Notional,3,3
novelist,Novelist,3,3
nozzle,Nozzle,3,3
nullity,Nullity,3,3
numb,Numb,3,3
nuncupative,Nuncupative,3,3
nutcracker,Nutcracker,3,3
nutrition,Nutrition,3,3
nutshell,Nutshell,3,3
obdurate,Obdurate,3,3
obelisk,Obelisk,3,3
obit,Obit,3,3
objection,Objection,3,3
oblation,Oblation,3,3
oblige,Oblige,3,3
obliterate,Obliterate,3,3
obnoxious,Obnoxious,3,3
obscene,Obscene,3,3
obsequious,Obsequious,3,3
observance,Observance,3,3
obsolete,Obsolete,3,3
obstruction,Obstruction,3,3
obtest,Obtest,3,3
obtrude,Obtrude,3,3
obturator,Obturator,3,3
obtuse,Obtuse,3,3
obverse,Obverse,3,3
obvious,Obvious,3,3
occurrent,Occurrent,3,3
ocular,Ocular,3,3
oddly,Oddly,3,3
offal,Offal,3,3
offence,Offence,3,3
officious,Officious,3,3
offspring,Offspring,3,3
oilseed,Oilseed,3,3
oily,Oily,3,3
olio,Olio,3,3
oliver,Oliver,3,3
once,Once,3,3
onward,Onward,3,3
opaque,Opaque,3,3
ophite,Ophite,3,3
oppidan,Oppidan,3,3
opponent,Opponent,3,3
opportunity,Opportunity,3,3
oppressive,Oppressive,3,3
optative,Optative,3,3
optical,Optical,3,3
or,Or,3,3
ordeal,Ordeal,3,3
ordinate,Ordinate,3,3
ordination,Ordination,3,3
organize,Organize,3,3
orgies,Orgies,3,3
oriel,Oriel,3,3
oriental,Oriental,3,3
orientate,Orientate,3,3
origin,Origin,3,3
ornate,Ornate,3,3
orphan,Orphan,3,3
orris,Orris,3,3
orthodox,Orthodox,3,3
orthodoxy,Orthodoxy,3,3
orthographically,Orthographically,3,3
orthography,Orthography,3,3
ortolan,Ortolan,3,3
os,Os,3,3
osculant,Osculant,3,3
osier,Osier,3,3
ossify,Ossify,3,3
otherwise,Otherwise,3,3
otter,Otter,3,3
ottoman,Ottoman,3,3
oust,Oust,3,3
outbreathe,Outbreathe,3,3
outcast,Outcast,3,3
outcrop,Outcrop,3,3
outgo,Outgo,3,3
outlaw,Outlaw,3,3
outlier,Outlier,3,3
outride,Outride,3,3
outrider,Outrider,3,3
outsider,Outsider,3,3
outspeak,Outspeak,3,3
outstand,Outstand,3,3
ovenbird,Ovenbird,3,3
overact,Overact,3,3
overbalance,Overbalance,3,3
overbear,Overbear,3,3
overblow,Overblow,3,3
overcast,Overcast,3,3
overgrow,Overgrow,3,3
overhaul,Overhaul,3,3
overhung,Overhung,3,3
overlap,Overlap,3,3
overly,Overly,3,3
overmatch,Overmatch,3,3
overmuch,Overmuch,3,3
oversee,Oversee,3,3
oversight,Oversight,3,3
overspread,Overspread,3,3
overtake,Overtake,3,3
overtop,Overtop,3,3
overweight,Overweight,3,3
owing,Owing,3,3
own,Own,3,3
oxalyl,Oxalyl,3,3
oxbird,Oxbird,3,3
oxy-,Oxy-,3,3
oxytone,Oxytone,3,3
padder,Padder,3,3
paddock,Paddock,3,3
paddy,Paddy,3,3
padlock,Padlock,3,3
padrone,Padrone,3,3
paean,Paean,3,3
pagoda,Pagoda,3,3
paid,Paid,3,3
painful,Painful,3,3
painted,Painted,3,3
palace,Palace,3,3
palatal,Palatal,3,3
palatial,Palatial,3,3
palaver,Palaver,3,3
palea,Palea,3,3
paled,Paled,3,3
palette,Palette,3,3
pali,Pali,3,3
paling,Paling,3,3
palisade,Palisade,3,3
palladium,Palladium,3,3
palliation,Palliation,3,3
pamphlet,Pamphlet,3,3
pannel,Pannel,3,3
panorama,Panorama,3,3
pantaloon,Pantaloon,3,3
panter,Panter,3,3
papacy,Papacy,3,3
papilionaceous,Papilionaceous,3,3
papyrus,Papyrus,3,3
par,Par,3,3
parable,Parable,3,3
parabolical,Parabolical,3,3
paradigm,Paradigm,3,3
parage,Parage,3,3
parallelism,Parallelism,3,3
parameter,Parameter,3,3
paramour,Paramour,3,3
paranymph,Paranymph,3,3
paraphrase,Paraphrase,3,3
parbuckle,Parbuckle,3,3
parceling,Parceling,3,3
parch,Parch,3,3
pare,Pare,3,3
parian,Parian,3,3
parietes,Parietes,3,3
paring,Paring,3,3
parliamentarian,Parliamentarian,3,3
parliamentary,Parliamentary,3,3
parody,Parody,3,3
parol,Parol,3,3
parotid,Parotid,3,3
parsonage,Parsonage,3,3
participation,Participation,3,3
particularism,Particularism,3,3
particulate,Particulate,3,3
partridge,Partridge,3,3
passable,Passable,3,3
passe partout,Passe partout,3,3
passivity,Passivity,3,3
pastern,Pastern,3,3
pasticcio,Pasticcio,3,3
pastor,Pastor,3,3
pasturage,Pasturage,3,3
paternity,Paternity,3,3
paternoster,Paternoster,3,3
patriarch,Patriarch,3,3
patriarchal,Patriarchal,3,3
patriarchate,Patriarchate,3,3
patronize,Patronize,3,3
pave,Pave,3,3
paving,Paving,3,3
pavior,Pavior,3,3
payable,Payable,3,3
payment,Payment,3,3
pea,Pea,3,3
peach,Peach,3,3
peaked,Peaked,3,3
peaking,Peaking,3,3
peakish,Peakish,3,3
pease,Pease,3,3
pebble,Pebble,3,3
pectinated,Pectinated,3,3
pectination,Pectination,3,3
peculiarity,Peculiarity,3,3
peddle,Peddle,3,3
peddling,Peddling,3,3
peduncle,Peduncle,3,3
peeler,Peeler,3,3
peen,Peen,3,3
peeper,Peeper,3,3
peevish,Peevish,3,3
pegasus,Pegasus,3,3
pelagian,Pelagian,3,3
pell,Pell,3,3
pellet,Pellet,3,3
pellitory,Pellitory,3,3
penalty,Penalty,3,3
penciling,Penciling,3,3
pending,Pending,3,3
pendulous,Pendulous,3,3
penetrating,Penetrating,3,3
penetrative,Penetrative,3,3
penned,Penned,3,3
pennyworth,Pennyworth,3,3
pensioner,Pensioner,3,3
penumbra,Penumbra,3,3
penurious,Penurious,3,3
peon,Peon,3,3
peppermint,Peppermint,3,3
perambulation,Perambulation,3,3
perambulator,Perambulator,3,3
perceive,Perceive,3,3
percher,Percher,3,3
percussion,Percussion,3,3
peremptory,Peremptory,3,3
perfection,Perfection,3,3
perfume,Perfume,3,3
perigone,Perigone,3,3
peril,Peril,3,3
periphrase,Periphrase,3,3
peristome,Peristome,3,3
perjure,Perjure,3,3
persecution,Persecution,3,3
perseverance,Perseverance,3,3
personable,Personable,3,3
personage,Personage,3,3
personality,Personality,3,3
personally,Personally,3,3
perspicuity,Perspicuity,3,3
perspire,Perspire,3,3
pessimist,Pessimist,3,3
pettifogging,Pettifogging,3,3
pew,Pew,3,3
pewit,Pewit,3,3
phallus,Phallus,3,3
phantasmagoria,Phantasmagoria,3,3
phenix,Phenix,3,3
philadelphian,Philadelphian,3,3
philology,Philology,3,3
philosopher,Philosopher,3,3
philter,Philter,3,3
phonography,Phonography,3,3
phosphorus,Phosphorus,3,3
photograph,Photograph,3,3
phrasing,Phrasing,3,3
phrygian,Phrygian,3,3
phylactery,Phylactery,3,3
piccolo,Piccolo,3,3
pickerel,Pickerel,3,3
piddle,Piddle,3,3
pied,Pied,3,3
pier,Pier,3,3
pigeon,Pigeon,3,3
pigment,Pigment,3,3
pigtail,Pigtail,3,3
pileus,Pileus,3,3
pilfering,Pilfering,3,3
pillory,Pillory,3,3
pilose,Pilose,3,3
pilotage,Pilotage,3,3
pimping,Pimping,3,3
pining,Pining,3,3
pinite,Pinite,3,3
pinking,Pinking,3,3
pinkroot,Pinkroot,3,3
pinnace,Pinnace,3,3
pinnacle,Pinnacle,3,3
pioneer,Pioneer,3,3
piper,Piper,3,3
pirouette,Pirouette,3,3
pisces,Pisces,3,3
pitchy,Pitchy,3,3
pitiful,Pitiful,3,3
pitted,Pitted,3,3
placental,Placental,3,3
placitum,Placitum,3,3
placket,Placket,3,3
placoid,Placoid,3,3
plaid,Plaid,3,3
plaining,Plaining,3,3
plaint,Plaint,3,3
plancher,Plancher,3,3
planking,Planking,3,3
plantain,Plantain,3,3
plantation,Plantation,3,3
planter,Planter,3,3
plantigrade,Plantigrade,3,3
plashing,Plashing,3,3
plastering,Plastering,3,3
platband,Platband,3,3
platen,Platen,3,3
plausibility,Plausibility,3,3
plausible,Plausible,3,3
pleasant,Pleasant,3,3
pleasing,Pleasing,3,3
pledget,Pledget,3,3
plein,Plein,3,3
plenteous,Plenteous,3,3
plentiful,Plentiful,3,3
pleuron,Pleuron,3,3
plexus,Plexus,3,3
plica,Plica,3,3
plod,Plod,3,3
pluff,Pluff,3,3
plugging,Plugging,3,3
plum,Plum,3,3
plumbing,Plumbing,3,3
pluvial,Pluvial,3,3
plyer,Plyer,3,3
pneumonic,Pneumonic,3,3
poesy,Poesy,3,3
pointal,Pointal,3,3
pointed,Pointed,3,3
polarization,Polarization,3,3
politician,Politician,3,3
polity,Polity,3,3
poly-mountain,Poly-mountain,3,3
polychord,Polychord,3,3
polycystid,Polycystid,3,3
polygamous,Polygamous,3,3
polygamy,Polygamy,3,3
polygastric,Polygastric,3,3
polygraph,Polygraph,3,3
polygraphy,Polygraphy,3,3
polynomial,Polynomial,3,3
polyphonic,Polyphonic,3,3
polyphony,Polyphony,3,3
polypite,Polypite,3,3
polytype,Polytype,3,3
pomaceous,Pomaceous,3,3
pome,Pome,3,3
pomp,Pomp,3,3
pond,Pond,3,3
ponder,Ponder,3,3
ponderous,Ponderous,3,3
pontificate,Pontificate,3,3
pooped,Pooped,3,3
popple,Popple,3,3
populate,Populate,3,3
pore,Pore,3,3
portcullis,Portcullis,3,3
portrait,Portrait,3,3
portray,Portray,3,3
possessive,Possessive,3,3
posset,Posset,3,3
postern,Postern,3,3
posthumous,Posthumous,3,3
postillate,Postillate,3,3
posting,Posting,3,3
potation,Potation,3,3
pother,Pother,3,3
pottle,Pottle,3,3
pouncing,Pouncing,3,3
pounder,Pounder,3,3
pounding,Pounding,3,3
powdery,Powdery,3,3
powpow,Powpow,3,3
poy,Poy,3,3
practiced,Practiced,3,3
practicer,Practicer,3,3
practitioner,Practitioner,3,3
praemunire,Praemunire,3,3
pragmatical,Pragmatical,3,3
prance,Prance,3,3
prate,Prate,3,3
prattle,Prattle,3,3
precede,Precede,3,3
preceding,Preceding,3,3
precentor,Precentor,3,3
precinct,Precinct,3,3
precious,Precious,3,3
precipitant,Precipitant,3,3
precipitous,Precipitous,3,3
predatory,Predatory,3,3
predetermine,Predetermine,3,3
predial,Predial,3,3
predicable,Predicable,3,3
preemption,Preemption,3,3
preen,Preen,3,3
prefect,Prefect,3,3
preferment,Preferment,3,3
prefix,Prefix,3,3
prejudication,Prejudication,3,3
premature,Premature,3,3
premeditate,Premeditate,3,3
premier,Premier,3,3
preparative,Preparative,3,3
prepense,Prepense,3,3
prescript,Prescript,3,3
prescription,Prescription,3,3
presentative,Presentative,3,3
presently,Presently,3,3
preservatory,Preservatory,3,3
pressman,Pressman,3,3
prester,Prester,3,3
presumptuous,Presumptuous,3,3
pretender,Pretender,3,3
preterit,Preterit,3,3
preterition,Preterition,3,3
prevail,Prevail,3,3
prevailing,Prevailing,3,3
prevaricator,Prevaricator,3,3
preventer,Preventer,3,3
preventive,Preventive,3,3
prigidity,Prigidity,3,3
primitively,Primitively,3,3
primrose,Primrose,3,3
princely,Princely,3,3
princess,Princess,3,3
principality,Principality,3,3
prism,Prism,3,3
prismatical,Prismatical,3,3
privateer,Privateer,3,3
privation,Privation,3,3
privilege,Privilege,3,3
probability,Probability,3,3
probable,Probable,3,3
probe,Probe,3,3
proboscis,Proboscis,3,3
procedendo,Procedendo,3,3
procedure,Procedure,3,3
proceeding,Proceeding,3,3
proceleusmatic,Proceleusmatic,3,3
processional,Processional,3,3
processioner,Processioner,3,3
prodigy,Prodigy,3,3
producer,Producer,3,3
production,Production,3,3
productive,Productive,3,3
professional,Professional,3,3
profuse,Profuse,3,3
progne,Progne,3,3
progue,Progue,3,3
prolation,Prolation,3,3
proleptical,Proleptical,3,3
prolific,Prolific,3,3
prologue,Prologue,3,3
prolong,Prolong,3,3
promenade,Promenade,3,3
prominent,Prominent,3,3
promote,Promote,3,3
promt,Promt,3,3
pronation,Pronation,3,3
pronunciation,Pronunciation,3,3
prop,Prop,3,3
propaganda,Propaganda,3,3
propeller,Propeller,3,3
prophecy,Prophecy,3,3
propinquity,Propinquity,3,3
proponent,Proponent,3,3
propriety,Propriety,3,3
prorogue,Prorogue,3,3
prosper,Prosper,3,3
protasis,Protasis,3,3
protector,Protector,3,3
protestant,Protestant,3,3
proteus,Proteus,3,3
proto-,Proto-,3,3
protraction,Protraction,3,3
protrude,Protrude,3,3
proven/al,Proven/al,3,3
provoke,Provoke,3,3
proximal,Proximal,3,3
prudential,Prudential,3,3
pruning,Pruning,3,3
psalm,Psalm,3,3
psalter,Psalter,3,3
psyche,Psyche,3,3
pterygoid,Pterygoid,3,3
pubes,Pubes,3,3
pucker,Pucker,3,3
pudder,Pudder,3,3
puffin,Puffin,3,3
puling,Puling,3,3
pulmonate,Pulmonate,3,3
punctual,Punctual,3,3
puncture,Puncture,3,3
punctured,Punctured,3,3
pungent,Pungent,3,3
punish,Punish,3,3
punishment,Punishment,3,3
pup,Pup,3,3
puppy,Puppy,3,3
pur,Pur,3,3
purging,Purging,3,3
purification,Purification,3,3
puritan,Puritan,3,3
purport,Purport,3,3
purser,Purser,3,3
pursuivant,Pursuivant,3,3
purveyance,Purveyance,3,3
purveyor,Purveyor,3,3
purview,Purview,3,3
putter,Putter,3,3
pygargus,Pygargus,3,3
pygmy,Pygmy,3,3
pyramid,Pyramid,3,3
pyxis,Pyxis,3,3
quad,Quad,3,3
quadrantal,Quadrantal,3,3
quadratic,Quadratic,3,3
quadratojugal,Quadratojugal,3,3
quadric,Quadric,3,3
quadrilateral,Quadrilateral,3,3
quadrille,Quadrille,3,3
quadruplicate,Quadruplicate,3,3
quaint,Quaint,3,3
qualification,Qualification,3,3
qualified,Qualified,3,3
quartan,Quartan,3,3
quartette,Quartette,3,3
quartic,Quartic,3,3
quat,Quat,3,3
queer,Queer,3,3
quench,Quench,3,3
querulous,Querulous,3,3
questman,Questman,3,3
queue,Queue,3,3
quickening,Quickening,3,3
quickset,Quickset,3,3
quickwork,Quickwork,3,3
quilling,Quilling,3,3
quincunx,Quincunx,3,3
quintessence,Quintessence,3,3
quip,Quip,3,3
quite,Quite,3,3
quittance,Quittance,3,3
quivered,Quivered,3,3
rabbet,Rabbet,3,3
racer,Racer,3,3
radicate,Radicate,3,3
ragamuffin,Ragamuffin,3,3
raid,Raid,3,3
raised,Raised,3,3
raking,Raking,3,3
ramage,Ramage,3,3
ramify,Ramify,3,3
rampant,Rampant,3,3
rampart,Rampart,3,3
rankle,Rankle,3,3
ranter,Ranter,3,3
rantipole,Rantipole,3,3
rapacious,Rapacious,3,3
rapine,Rapine,3,3
rapped,Rapped,3,3
raptorial,Raptorial,3,3
rascal,Rascal,3,3
ratable,Ratable,3,3
rath,Rath,3,3
ration,Ration,3,3
ratoon,Ratoon,3,3
ratting,Ratting,3,3
rattlebox,Rattlebox,3,3
raught,Raught,3,3
raveling,Raveling,3,3
ravening,Ravening,3,3
ravine,Ravine,3,3
ravish,Ravish,3,3
ravishment,Ravishment,3,3
raze,Raze,3,3
react,React,3,3
realism,Realism,3,3
reality,Reality,3,3
reasoning,Reasoning,3,3
rebuff,Rebuff,3,3
rebuke,Rebuke,3,3
rebus,Rebus,3,3
recapture,Recapture,3,3
recast,Recast,3,3
recede,Recede,3,3
recension,Recension,3,3
recessed,Recessed,3,3
recitation,Recitation,3,3
reck,Reck,3,3
reclination,Reclination,3,3
reclining,Reclining,3,3
recollect,Recollect,3,3
recommence,Recommence,3,3
recommend,Recommend,3,3
recommendation,Recommendation,3,3
recorder,Recorder,3,3
recount,Recount,3,3
recoupe,Recoupe,3,3
recreant,Recreant,3,3
recrement,Recrement,3,3
rectify,Rectify,3,3
rectitude,Rectitude,3,3
recur,Recur,3,3
redbird,Redbird,3,3
redeliver,Redeliver,3,3
redintegration,Redintegration,3,3
redoubt,Redoubt,3,3
redpoll,Redpoll,3,3
redraft,Redraft,3,3
redshank,Redshank,3,3
redundancy,Redundancy,3,3
reduplication,Reduplication,3,3
reecho,Reecho,3,3
reek,Reek,3,3
reenter,Reenter,3,3
reeve,Reeve,3,3
reexchange,Reexchange,3,3
referendary,Referendary,3,3
refit,Refit,3,3
reflecting,Reflecting,3,3
reflexive,Reflexive,3,3
reform,Reform,3,3
reformed,Reformed,3,3
refound,Refound,3,3
refracted,Refracted,3,3
refresh,Refresh,3,3
refrigerator,Refrigerator,3,3
reft,Reft,3,3
regardant,Regardant,3,3
regency,Regency,3,3
registry,Registry,3,3
regrant,Regrant,3,3
regrate,Regrate,3,3
regress,Regress,3,3
regret,Regret,3,3
regulate,Regulate,3,3
regulus,Regulus,3,3
regurgitation,Regurgitation,3,3
reis,Reis,3,3
reject,Reject,3,3
rejoinder,Rejoinder,3,3
relevant,Relevant,3,3
relic,Relic,3,3
remiped,Remiped,3,3
remonstrant,Remonstrant,3,3
remora,Remora,3,3
remorseful,Remorseful,3,3
renaissance,Renaissance,3,3
rend,Rend,3,3
renege,Renege,3,3
renown,Renown,3,3
renter,Renter,3,3
repast,Repast,3,3
repay,Repay,3,3
repel,Repel,3,3
repentant,Repentant,3,3
repertory,Repertory,3,3
repine,Repine,3,3
replaceable,Replaceable,3,3
replenish,Replenish,3,3
replevin,Replevin,3,3
replevy,Replevy,3,3
reporter,Reporter,3,3
repousse,Repousse,3,3
reprimand,Reprimand,3,3
reprint,Reprint,3,3
reproduction,Reproduction,3,3
republicanism,Republicanism,3,3
repudiate,Repudiate,3,3
repulsion,Repulsion,3,3
repute,Repute,3,3
requiem,Requiem,3,3
require,Require,3,3
reredos,Reredos,3,3
rescript,Rescript,3,3
reseize,Reseize,3,3
resend,Resend,3,3
reserved,Reserved,3,3
reside,Reside,3,3
residentiary,Residentiary,3,3
residual,Residual,3,3
resign,Resign,3,3
resolver,Resolver,3,3
responsal,Responsal,3,3
responsibility,Responsibility,3,3
responsible,Responsible,3,3
responsive,Responsive,3,3
restoration,Restoration,3,3
restraint,Restraint,3,3
resuscitate,Resuscitate,3,3
retired,Retired,3,3
retiring,Retiring,3,3
retouch,Retouch,3,3
retrace,Retrace,3,3
retribution,Retribution,3,3
retrocession,Retrocession,3,3
revenue,Revenue,3,3
reversal,Reversal,3,3
reversed,Reversed,3,3
revest,Revest,3,3
reviling,Reviling,3,3
revulsion,Revulsion,3,3
rhapsodist,Rhapsodist,3,3
rhapsody,Rhapsody,3,3
rheumatic,Rheumatic,3,3
rhubarb,Rhubarb,3,3
rial,Rial,3,3
ribbed,Ribbed,3,3
ribibe,Ribibe,3,3
ricochet,Ricochet,3,3
rifling,Rifling,3,3
right-handed,Right-handed,3,3
rigidity,Rigidity,3,3
rigorous,Rigorous,3,3
rill,Rill,3,3
rim,Rim,3,3
ringed,Ringed,3,3
ringer,Ringer,3,3
rinse,Rinse,3,3
risen,Risen,3,3
risible,Risible,3,3
rive,Rive,3,3
riveting,Riveting,3,3
roam,Roam,3,3
roaring,Roaring,3,3
roaster,Roaster,3,3
robe,Robe,3,3
robinet,Robinet,3,3
robust,Robust,3,3
rochet,Rochet,3,3
rocky,Rocky,3,3
rode,Rode,3,3
roguery,Roguery,3,3
roguish,Roguish,3,3
romanesque,Romanesque,3,3
romanic,Romanic,3,3
romp,Romp,3,3
rondel,Rondel,3,3
rood,Rood,3,3
roper,Roper,3,3
rosaceous,Rosaceous,3,3
rosebay,Rosebay,3,3
rosedrop,Rosedrop,3,3
rosmarine,Rosmarine,3,3
rota,Rota,3,3
rotation,Rotation,3,3
rother,Rother,3,3
rotten,Rotten,3,3
roundelay,Roundelay,3,3
rounder,Rounder,3,3
roundness,Roundness,3,3
roup,Roup,3,3
rouser,Rouser,3,3
rousing,Rousing,3,3
rudder,Rudder,3,3
ruddy,Ruddy,3,3
ruinous,Ruinous,3,3
rum,Rum,3,3
rumination,Rumination,3,3
rummy,Rummy,3,3
rumorous,Rumorous,3,3
rump,Rump,3,3
rusk,Rusk,3,3
russ,Russ,3,3
rutty,Rutty,3,3
sabbatarian,Sabbatarian,3,3
sabbath,Sabbath,3,3
sabian,Sabian,3,3
sac,Sac,3,3
sacramental,Sacramental,3,3
sacramentary,Sacramentary,3,3
sacrarium,Sacrarium,3,3
saddle-shaped,Saddle-shaped,3,3
sadly,Sadly,3,3
sadness,Sadness,3,3
safety,Safety,3,3
safflower,Safflower,3,3
safranin,Safranin,3,3
sagittal,Sagittal,3,3
sagittary,Sagittary,3,3
said,Said,3,3
sailfish,Sailfish,3,3
sailing,Sailing,3,3
sainted,Sainted,3,3
saker,Saker,3,3
salary,Salary,3,3
sale,Sale,3,3
saltation,Saltation,3,3
saltatorial,Saltatorial,3,3
salting,Salting,3,3
salutatory,Salutatory,3,3
salvation,Salvation,3,3
salver,Salver,3,3
salvo,Salvo,3,3
same,Same,3,3
samphire,Samphire,3,3
sanctification,Sanctification,3,3
sanction,Sanction,3,3
sanctity,Sanctity,3,3
sandalwood,Sandalwood,3,3
sandworm,Sandworm,3,3
sanguineous,Sanguineous,3,3
sapphic,Sapphic,3,3
sarcophagus,Sarcophagus,3,3
sate,Sate,3,3
satellite,Satellite,3,3
satisfaction,Satisfaction,3,3
saturant,Saturant,3,3
saturate,Saturate,3,3
saturated,Saturated,3,3
saturation,Saturation,3,3
saturn,Saturn,3,3
saturnine,Saturnine,3,3
satyr,Satyr,3,3
savagery,Savagery,3,3
save-all,Save-all,3,3
sawyer,Sawyer,3,3
scabbed,Scabbed,3,3
scaling,Scaling,3,3
scamble,Scamble,3,3
scandalous,Scandalous,3,3
scanty,Scanty,3,3
scarce,Scarce,3,3
scarecrow,Scarecrow,3,3
scarifier,Scarifier,3,3
scary,Scary,3,3
scat,Scat,3,3
scattered,Scattered,3,3
scattering,Scattering,3,3
sceptre,Sceptre,3,3
scholarship,Scholarship,3,3
scientific,Scientific,3,3
scion,Scion,3,3
scleroderm,Scleroderm,3,3
scolder,Scolder,3,3
scorpio,Scorpio,3,3
scot,Scot,3,3
scrag,Scrag,3,3
scrap,Scrap,3,3
scrat,Scrat,3,3
scrawl,Scrawl,3,3
screaming,Screaming,3,3
scrimp,Scrimp,3,3
scripture,Scripture,3,3
scrivener,Scrivener,3,3
scroll,Scroll,3,3
scry,Scry,3,3
sculpin,Sculpin,3,3
sculpture,Sculpture,3,3
scummer,Scummer,3,3
scumming,Scumming,3,3
scunner,Scunner,3,3
scurvy,Scurvy,3,3
scute,Scute,3,3
scutellum,Scutellum,3,3
scyphus,Scyphus,3,3
scythe,Scythe,3,3
scythian,Scythian,3,3
sea cock,Sea cock,3,3
sea cow,Sea cow,3,3
sea devil,Sea devil,3,3
sea dog,Sea dog,3,3
sea grape,Sea grape,3,3
sea horse,Sea horse,3,3
sea pike,Sea pike,3,3
sea swallow,Sea swallow,3,3
sea toad,Sea toad,3,3
seaboard,Seaboard,3,3
seaming,Seaming,3,3
sear,Sear,3,3
seating,Seating,3,3
secant,Secant,3,3
secernent,Secernent,3,3
secretion,Secretion,3,3
sector,Sector,3,3
secularize,Secularize,3,3
sedative,Sedative,3,3
seedy,Seedy,3,3
seen,Seen,3,3
seer,Seer,3,3
seg,Seg,3,3
segmental,Segmental,3,3
seizin,Seizin,3,3
seizure,Seizure,3,3
self-abuse,Self-abuse,3,3
selvedge,Selvedge,3,3
semble,Semble,3,3
semimonthly,Semimonthly,3,3
seminal,Seminal,3,3
semiology,Semiology,3,3
semiweekly,Semiweekly,3,3
sensation,Sensation,3,3
sensational,Sensational,3,3
sensualism,Sensualism,3,3
sent,Sent,3,3
sentimental,Sentimental,3,3
separatory,Separatory,3,3
septenary,Septenary,3,3
septfoil,Septfoil,3,3
sequacious,Sequacious,3,3
sequel,Sequel,3,3
seraglio,Seraglio,3,3
sere,Sere,3,3
serial,Serial,3,3
sericeous,Sericeous,3,3
series,Series,3,3
sermonize,Sermonize,3,3
servitude,Servitude,3,3
sesamoid,Sesamoid,3,3
sessile,Sessile,3,3
session,Session,3,3
set-off,Set-off,3,3
seta,Seta,3,3
setback,Setback,3,3
settling,Settling,3,3
seven,Seven,3,3
seventeen,Seventeen,3,3
seventy,Seventy,3,3
sewerage,Sewerage,3,3
sewing,Sewing,3,3
sexagenary,Sexagenary,3,3
sextant,Sextant,3,3
shab,Shab,3,3
shabby,Shabby,3,3
shading,Shading,3,3
shadowing,Shadowing,3,3
shady,Shady,3,3
shagreen,Shagreen,3,3
shaker,Shaker,3,3
shaky,Shaky,3,3
shale,Shale,3,3
shall,Shall,3,3
shambling,Shambling,3,3
shampoo,Shampoo,3,3
shanty,Shanty,3,3
shaving,Shaving,3,3
sheathed,Sheathed,3,3
shedding,Shedding,3,3
sheen,Sheen,3,3
sheep,Sheep,3,3
shelve,Shelve,3,3
shent,Shent,3,3
shepherd,Shepherd,3,3
sherbet,Sherbet,3,3
shibboleth,Shibboleth,3,3
shifting,Shifting,3,3
shilling,Shilling,3,3
shilly-shally,Shilly-shally,3,3
shindy,Shindy,3,3
shingling,Shingling,3,3
shive,Shive,3,3
shoddy,Shoddy,3,3
shoeing-horn,Shoeing-horn,3,3
shoemaker,Shoemaker,3,3
shog,Shog,3,3
shopman,Shopman,3,3
shoring,Shoring,3,3
shortcoming,Shortcoming,3,3
shortening,Shortening,3,3
shortsighted,Shortsighted,3,3
shotted,Shotted,3,3
shotten,Shotten,3,3
shovel,Shovel,3,3
showing,Showing,3,3
shredding,Shredding,3,3
shrewd,Shrewd,3,3
shriek,Shriek,3,3
shrinkage,Shrinkage,3,3
shrive,Shrive,3,3
shrove,Shrove,3,3
shrub,Shrub,3,3
shrug,Shrug,3,3
shutter,Shutter,3,3
siamese,Siamese,3,3
sicklebill,Sicklebill,3,3
sidelong,Sidelong,3,3
sift,Sift,3,3
sightless,Sightless,3,3
signalize,Signalize,3,3
signatory,Signatory,3,3
significancy,Significancy,3,3
significant,Significant,3,3
siker,Siker,3,3
silk,Silk,3,3
silky,Silky,3,3
silt,Silt,3,3
silvery,Silvery,3,3
similitude,Similitude,3,3
simper,Simper,3,3
simply,Simply,3,3
sincerely,Sincerely,3,3
sine,Sine,3,3
sinecure,Sinecure,3,3
sinewed,Sinewed,3,3
singularly,Singularly,3,3
sinker,Sinker,3,3
sircar,Sircar,3,3
sist,Sist,3,3
site,Site,3,3
six,Six,3,3
sixteen,Sixteen,3,3
sixty,Sixty,3,3
sized,Sized,3,3
sizer,Sizer,3,3
skate,Skate,3,3
skeg,Skeg,3,3
skein,Skein,3,3
skeptic,Skeptic,3,3
skepticism,Skepticism,3,3
skimmer,Skimmer,3,3
skimming,Skimming,3,3
skirmish,Skirmish,3,3
skirr,Skirr,3,3
skirting,Skirting,3,3
skit,Skit,3,3
skulk,Skulk,3,3
skullcap,Skullcap,3,3
slap,Slap,3,3
slapdash,Slapdash,3,3
slapper,Slapper,3,3
slashed,Slashed,3,3
slatch,Slatch,3,3
slating,Slating,3,3
slattern,Slattern,3,3
slatting,Slatting,3,3
slavery,Slavery,3,3
sleave,Sleave,3,3
sled,Sled,3,3
sledding,Sledding,3,3
sleet,Sleet,3,3
sleight,Sleight,3,3
sley,Sley,3,3
slider,Slider,3,3
slim,Slim,3,3
slubber,Slubber,3,3
slut,Slut,3,3
smacking,Smacking,3,3
smasher,Smasher,3,3
smegma,Smegma,3,3
smelling,Smelling,3,3
smirk,Smirk,3,3
smit,Smit,3,3
smith,Smith,3,3
smittle,Smittle,3,3
smoker,Smoker,3,3
smouch,Smouch,3,3
smuggle,Smuggle,3,3
smutty,Smutty,3,3
snakehead,Snakehead,3,3
snaky,Snaky,3,3
snapdragon,Snapdragon,3,3
sneap,Sneap,3,3
snicker,Snicker,3,3
snig,Snig,3,3
snivel,Snivel,3,3
snood,Snood,3,3
snot,Snot,3,3
snowbird,Snowbird,3,3
snowy,Snowy,3,3
soap,Soap,3,3
soar,Soar,3,3
soc,Soc,3,3
sociate,Sociate,3,3
sold,Sold,3,3
solicitor,Solicitor,3,3
solidity,Solidity,3,3
solitude,Solitude,3,3
solstice,Solstice,3,3
soluble,Soluble,3,3
solvable,Solvable,3,3
sometimes,Sometimes,3,3
somewhat,Somewhat,3,3
sonant,Sonant,3,3
sonnet,Sonnet,3,3
soot,Soot,3,3
soothe,Soothe,3,3
soothsay,Soothsay,3,3
soothsaying,Soothsaying,3,3
sooty,Sooty,3,3
sophister,Sophister,3,3
sordid,Sordid,3,3
sorrel,Sorrel,3,3
sorry,Sorry,3,3
source,Source,3,3
sourt,Sourt,3,3
southward,Southward,3,3
spank,Spank,3,3
spanking,Spanking,3,3
sparkler,Sparkler,3,3
sparling,Sparling,3,3
sparse,Sparse,3,3
spasmodic,Spasmodic,3,3
spattle,Spattle,3,3
spawl,Spawl,3,3
speaking,Speaking,3,3
speciality,Speciality,3,3
specialize,Specialize,3,3
specification,Specification,3,3
spectacular,Spectacular,3,3
spectre,Spectre,3,3
spectrum,Spectrum,3,3
speculator,Speculator,3,3
spelling,Spelling,3,3
spencer,Spencer,3,3
spent,Spent,3,3
spheric,Spheric,3,3
spicula,Spicula,3,3
spiculate,Spiculate,3,3
spicy,Spicy,3,3
spinetail,Spinetail,3,3
spirited,Spirited,3,3
spiritless,Spiritless,3,3
spiritualism,Spiritualism,3,3
spirituality,Spirituality,3,3
spiritualize,Spiritualize,3,3
spirituous,Spirituous,3,3
spitter,Spitter,3,3
splasher,Splasher,3,3
splendid,Splendid,3,3
splendor,Splendor,3,3
splenial,Splenial,3,3
spoken,Spoken,3,3
sponger,Sponger,3,3
spongy,Spongy,3,3
sponson,Sponson,3,3
spontaneity,Spontaneity,3,3
spontaneous,Spontaneous,3,3
spouse,Spouse,3,3
sprawl,Sprawl,3,3
springe,Springe,3,3
springing,Springing,3,3
sprite,Sprite,3,3
sprue,Sprue,3,3
sprung,Sprung,3,3
spud,Spud,3,3
spurred,Spurred,3,3
squad,Squad,3,3
squadron,Squadron,3,3
squall,Squall,3,3
squally,Squally,3,3
squamosal,Squamosal,3,3
squawk,Squawk,3,3
squeak,Squeak,3,3
squeal,Squeal,3,3
squeezer,Squeezer,3,3
squeezing,Squeezing,3,3
stability,Stability,3,3
stabling,Stabling,3,3
stadium,Stadium,3,3
stager,Stager,3,3
stagnate,Stagnate,3,3
stamina,Stamina,3,3
staminate,Staminate,3,3
stammer,Stammer,3,3
stammering,Stammering,3,3
stampede,Stampede,3,3
stanchion,Stanchion,3,3
starboard,Starboard,3,3
starched,Starched,3,3
starling,Starling,3,3
starred,Starred,3,3
start-up,Start-up,3,3
stated,Stated,3,3
statesman,Statesman,3,3
statistics,Statistics,3,3
statuary,Statuary,3,3
statue,Statue,3,3
statute,Statute,3,3
staves,Staves,3,3
stealing,Stealing,3,3
stealth,Stealth,3,3
steen,Steen,3,3
stell,Stell,3,3
stentor,Stentor,3,3
stereotyped,Stereotyped,3,3
sterilize,Sterilize,3,3
stewartry,Stewartry,3,3
stich,Stich,3,3
sticker,Sticker,3,3
stickler,Stickler,3,3
stiffening,Stiffening,3,3
stigmatic,Stigmatic,3,3
stigmatical,Stigmatical,3,3
stink,Stink,3,3
stinkpot,Stinkpot,3,3
stippling,Stippling,3,3
stirrup,Stirrup,3,3
stitching,Stitching,3,3
stithy,Stithy,3,3
stive,Stive,3,3
stockade,Stockade,3,3
stocking,Stocking,3,3
stoichiology,Stoichiology,3,3
stoke,Stoke,3,3
stomachal,Stomachal,3,3
stond,Stond,3,3
stonechat,Stonechat,3,3
stony,Stony,3,3
storage,Storage,3,3
stormcock,Stormcock,3,3
stormy,Stormy,3,3
story-teller,Story-teller,3,3
stow,Stow,3,3
straight-joint,Straight-joint,3,3
straighten,Straighten,3,3
strained,Strained,3,3
strait-laced,Strait-laced,3,3
straiten,Straiten,3,3
strangely,Strangely,3,3
streaked,Streaked,3,3
streamer,Streamer,3,3
strengthen,Strengthen,3,3
strew,Strew,3,3
strewing,Strewing,3,3
stridulation,Stridulation,3,3
striking,Striking,3,3
stringed,Stringed,3,3
stripping,Stripping,3,3
strode,Strode,3,3
stroma,Stroma,3,3
strop,Strop,3,3
struthiones,Struthiones,3,3
stucco,Stucco,3,3
stuck,Stuck,3,3
stuffy,Stuffy,3,3
stultify,Stultify,3,3
stum,Stum,3,3
stumper,Stumper,3,3
stunning,Stunning,3,3
stunt,Stunt,3,3
stupe,Stupe,3,3
sturt,Sturt,3,3
stutter,Stutter,3,3
stuttering,Stuttering,3,3
subalternate,Subalternate,3,3
subcostal,Subcostal,3,3
subdued,Subdued,3,3
subjective,Subjective,3,3
sublimation,Sublimation,3,3
submerge,Submerge,3,3
subordination,Subordination,3,3
subside,Subside,3,3
subsidiary,Subsidiary,3,3
subsidy,Subsidy,3,3
subsistence,Subsistence,3,3
substitute,Substitute,3,3
substituted,Substituted,3,3
substrate,Substrate,3,3
subtilization,Subtilization,3,3
subtilize,Subtilize,3,3
subtlety,Subtlety,3,3
subtly,Subtly,3,3
subtonic,Subtonic,3,3
subtraction,Subtraction,3,3
subvert,Subvert,3,3
succor,Succor,3,3
suckle,Suckle,3,3
suckling,Suckling,3,3
suffering,Suffering,3,3
suffice,Suffice,3,3
suffix,Suffix,3,3
suffragan,Suffragan,3,3
suffusion,Suffusion,3,3
sugared,Sugared,3,3
sugaring,Sugaring,3,3
suicide,Suicide,3,3
suite,Suite,3,3
sully,Sully,3,3
sulphurous,Sulphurous,3,3
summary,Summary,3,3
summit,Summit,3,3
summon,Summon,3,3
sunny,Sunny,3,3
sunshade,Sunshade,3,3
sunshine,Sunshine,3,3
sunshiny,Sunshiny,3,3
superannuate,Superannuate,3,3
superb,Superb,3,3
superficiary,Superficiary,3,3
superficies,Superficies,3,3
superfluity,Superfluity,3,3
superheat,Superheat,3,3
superscription,Superscription,3,3
superstitious,Superstitious,3,3
superstructure,Superstructure,3,3
supervise,Supervise,3,3
supper,Supper,3,3
supping,Supping,3,3
supplant,Supplant,3,3
suppliant,Suppliant,3,3
supplicate,Supplicate,3,3
supplication,Supplication,3,3
suppression,Suppression,3,3
supreme,Supreme,3,3
surcease,Surcease,3,3
surly,Surly,3,3
surmise,Surmise,3,3
surmount,Surmount,3,3
surmounted,Surmounted,3,3
surname,Surname,3,3
surplus,Surplus,3,3
surplusage,Surplusage,3,3
suspicion,Suspicion,3,3
suspicious,Suspicious,3,3
sutra,Sutra,3,3
swaddle,Swaddle,3,3
swale,Swale,3,3
swan,Swan,3,3
swang,Swang,3,3
sward,Sward,3,3
swarth,Swarth,3,3
swashing,Swashing,3,3
swath,Swath,3,3
sweaty,Sweaty,3,3
sweepstakes,Sweepstakes,3,3
sweetening,Sweetening,3,3
sweetmeat,Sweetmeat,3,3
swimmer,Swimmer,3,3
swivel,Swivel,3,3
swollen,Swollen,3,3
sycamore,Sycamore,3,3
sycophancy,Sycophancy,3,3
sylph,Sylph,3,3
synchronism,Synchronism,3,3
synchronize,Synchronize,3,3
synclinal,Synclinal,3,3
syncope,Syncope,3,3
syndicate,Syndicate,3,3
syne,Syne,3,3
synergy,Synergy,3,3
synod,Synod,3,3
synodal,Synodal,3,3
synonymy,Synonymy,3,3
synthesis,Synthesis,3,3
synthetical,Synthetical,3,3
syringe,Syringe,3,3
syrup,Syrup,3,3
systemless,Systemless,3,3
tabernacular,Tabernacular,3,3
tablature,Tablature,3,3
tabouret,Tabouret,3,3
tact,Tact,3,3
taenia,Taenia,3,3
taille,Taille,3,3
talking,Talking,3,3
tall,Tall,3,3
tamil,Tamil,3,3
tamping,Tamping,3,3
tangent,Tangent,3,3
tantivy,Tantivy,3,3
tar,Tar,3,3
tardigrade,Tardigrade,3,3
tarpaulin,Tarpaulin,3,3
tarrock,Tarrock,3,3
tarsus,Tarsus,3,3
tart,Tart,3,3
tartareous,Tartareous,3,3
tasker,Tasker,3,3
tasteless,Tasteless,3,3
taster,Taster,3,3
tatter,Tatter,3,3
tattle,Tattle,3,3
tattoo,Tattoo,3,3
taunt,Taunt,3,3
taurus,Taurus,3,3
tawdry,Tawdry,3,3
technic,Technic,3,3
tee,Tee,3,3
teen,Teen,3,3
teeth,Teeth,3,3
telescope,Telescope,3,3
tellurian,Tellurian,3,3
telugu,Telugu,3,3
temperance,Temperance,3,3
temporality,Temporality,3,3
temporize,Temporize,3,3
temptation,Temptation,3,3
ten,Ten,3,3
tenant,Tenant,3,3
tenuous,Tenuous,3,3
tergum,Tergum,3,3
termagant,Termagant,3,3
tern,Tern,3,3
ternary,Ternary,3,3
territorial,Territorial,3,3
territory,Territory,3,3
terse,Terse,3,3
tertian,Tertian,3,3
tessellated,Tessellated,3,3
testamentary,Testamentary,3,3
testimonial,Testimonial,3,3
testing,Testing,3,3
testudo,Testudo,3,3
tetanic,Tetanic,3,3
tetragonal,Tetragonal,3,3
tetrahedral,Tetrahedral,3,3
teutonic,Teutonic,3,3
textual,Textual,3,3
thalamus,Thalamus,3,3
thalia,Thalia,3,3
thatch,Thatch,3,3
thatching,Thatching,3,3
thecodont,Thecodont,3,3
thenar,Thenar,3,3
theomachy,Theomachy,3,3
theorem,Theorem,3,3
theoric,Theoric,3,3
there,There,3,3
thereabouts,Thereabouts,3,3
thereafter,Thereafter,3,3
thereby,Thereby,3,3
thereupon,Thereupon,3,3
therewith,Therewith,3,3
theurgy,Theurgy,3,3
thievish,Thievish,3,3
thinking,Thinking,3,3
thirteen,Thirteen,3,3
thirtieth,Thirtieth,3,3
thirty,Thirty,3,3
thou,Thou,3,3
thoughtful,Thoughtful,3,3
thoughtless,Thoughtless,3,3
threaten,Threaten,3,3
three,Three,3,3
three-piled,Three-piled,3,3
thresher,Thresher,3,3
thrive,Thrive,3,3
thumbed,Thumbed,3,3
thus,Thus,3,3
thwack,Thwack,3,3
tibia,Tibia,3,3
tibial,Tibial,3,3
ticklish,Ticklish,3,3
tickseed,Tickseed,3,3
ticktack,Ticktack,3,3
tier,Tier,3,3
ties,ties,3,3
tike,Tike,3,3
tiling,Tiling,3,3
tilting,Tilting,3,3
time-table,Time-table,3,3
timeless,Timeless,3,3
timely,Timely,3,3
tinct,Tinct,3,3
ting,Ting,3,3
tingle,Tingle,3,3
tinkling,Tinkling,3,3
tinned,Tinned,3,3
tinning,Tinning,3,3
tippet,Tippet,3,3
tipstaff,Tipstaff,3,3
tithing,Tithing,3,3
tithingman,Tithingman,3,3
titter,Titter,3,3
tittle-tattle,Tittle-tattle,3,3
titulary,Titulary,3,3
toadfish,Toadfish,3,3
toady,Toady,3,3
toed,Toed,3,3
toft,Toft,3,3
together,Together,3,3
toilet,Toilet,3,3
tolerance,Tolerance,3,3
toleration,Toleration,3,3
tollbooth,Tollbooth,3,3
tomcod,Tomcod,3,3
tompion,Tompion,3,3
tongueless,Tongueless,3,3
tonight,Tonight,3,3
tonometer,Tonometer,3,3
tonsure,Tonsure,3,3
toothed,Toothed,3,3
toothing,Toothing,3,3
topical,Topical,3,3
torque,Torque,3,3
torrefy,Torrefy,3,3
torrent,Torrent,3,3
tort,Tort,3,3
tortoise,Tortoise,3,3
torus,Torus,3,3
tory,Tory,3,3
tot,Tot,3,3
toward,Toward,3,3
towering,Towering,3,3
township,Township,3,3
tracer/y,Tracer/y,3,3
trachea,Trachea,3,3
tracing,Tracing,3,3
tragical,Tragical,3,3
trancscendental,Trancscendental,3,3
transaction,Transaction,3,3
transcript,Transcript,3,3
transcription,Transcription,3,3
transfuse,Transfuse,3,3
transitive,Transitive,3,3
transmutation,Transmutation,3,3
transpiration,Transpiration,3,3
transplantation,Transplantation,3,3
trapezium,Trapezium,3,3
traverser,Traverser,3,3
travesty,Travesty,3,3
trawl,Trawl,3,3
trebucket,Trebucket,3,3
treen,Treen,3,3
trefoil,Trefoil,3,3
trencher,Trencher,3,3
trencher-man,Trencher-man,3,3
trepidation,Trepidation,3,3
trespasser,Trespasser,3,3
tribolet,Tribolet,3,3
trice,Trice,3,3
tricking,Tricking,3,3
tried,Tried,3,3
triennial,Triennial,3,3
trilling,Trilling,3,3
trinitarian,Trinitarian,3,3
trinity,Trinity,3,3
trio,Trio,3,3
tripartite,Tripartite,3,3
triptych,Triptych,3,3
triton,Triton,3,3
triweekly,Triweekly,3,3
troglodyte,Troglodyte,3,3
troth,Troth,3,3
trothplight,Trothplight,3,3
trowel,Trowel,3,3
truckle,Truckle,3,3
truelove,Truelove,3,3
trumpery,Trumpery,3,3
truncation,Truncation,3,3
trustee,Trustee,3,3
trusty,Trusty,3,3
tubbing,Tubbing,3,3
tuber,Tuber,3,3
tubercular,Tubercular,3,3
tubing,Tubing,3,3
tufted,Tufted,3,3
tuition,Tuition,3,3
tumid,Tumid,3,3
tump,Tump,3,3
tuna,Tuna,3,3
tuneless,Tuneless,3,3
tunicated,Tunicated,3,3
tup,Tup,3,3
turban,Turban,3,3
turbulent,Turbulent,3,3
turfy,Turfy,3,3
turmeric,Turmeric,3,3
turmoil,Turmoil,3,3
turner,Turner,3,3
turtle,Turtle,3,3
tut,Tut,3,3
twattle,Twattle,3,3
twelve,Twelve,3,3
twibil,Twibil,3,3
twining,Twining,3,3
twink,Twink,3,3
twittering,Twittering,3,3
two,Two,3,3
two-handed,Two-handed,3,3
tye,Tye,3,3
tying,Tying,3,3
tympan,Tympan,3,3
tympanic,Tympanic,3,3
tyranny,Tyranny,3,3
tyre,Tyre,3,3
tyrian,Tyrian,3,3
ubiquitary,Ubiquitary,3,3
ulcer,Ulcer,3,3
ulterior,Ulterior,3,3
ultramontane,Ultramontane,3,3
umbo,Umbo,3,3
umbrage,Umbrage,3,3
umbrageous,Umbrageous,3,3
umbrella,Umbrella,3,3
unanswered,Unanswered,3,3
unappropriate,Unappropriate,3,3
unappropriated,Unappropriated,3,3
unapt,Unapt,3,3
unargued,Unargued,3,3
unassured,Unassured,3,3
unattached,Unattached,3,3
unbalanced,Unbalanced,3,3
unbidden,Unbidden,3,3
unbred,Unbred,3,3
uncase,Uncase,3,3
unchancy,Unchancy,3,3
unchristian,Unchristian,3,3
unclean,Unclean,3,3
unclosed,Unclosed,3,3
unco,Unco,3,3
uncock,Uncock,3,3
unconscious,Unconscious,3,3
uncouth,Uncouth,3,3
uncovenanted,Uncovenanted,3,3
uncreated,Uncreated,3,3
unctuous,Unctuous,3,3
undercharge,Undercharge,3,3
undercurrent,Undercurrent,3,3
underfong,Underfong,3,3
underplay,Underplay,3,3
undertaker,Undertaker,3,3
undervalue,Undervalue,3,3
underwrite,Underwrite,3,3
undirected,Undirected,3,3
undispensable,Undispensable,3,3
undo,Undo,3,3
undue,Undue,3,3
unessential,Unessential,3,3
uneven,Uneven,3,3
unformed,Unformed,3,3
ungainly,Ungainly,3,3
ungracious,Ungracious,3,3
unguis,Unguis,3,3
ungulate,Ungulate,3,3
unhandsome,Unhandsome,3,3
unheard,Unheard,3,3
unhinge,Unhinge,3,3
unimproved,Unimproved,3,3
universalist,Universalist,3,3
university,University,3,3
unkind,Unkind,3,3
unkindly,Unkindly,3,3
unknow,Unknow,3,3
unlabored,Unlabored,3,3
unlace,Unlace,3,3
unlaid,Unlaid,3,3
unlearned,Unlearned,3,3
unlimited,Unlimited,3,3
unlucky,Unlucky,3,3
unmanned,Unmanned,3,3
unmoor,Unmoor,3,3
unpolled,Unpolled,3,3
unquestioned,Unquestioned,3,3
unready,Unready,3,3
unright,Unright,3,3
unroll,Unroll,3,3
unstudied,Unstudied,3,3
unsymmetrical,Unsymmetrical,3,3
unthread,Unthread,3,3
until,Until,3,3
untraded,Untraded,3,3
untrue,Untrue,3,3
unwind,Unwind,3,3
unyoked,Unyoked,3,3
upcountry,Upcountry,3,3
uphill,Uphill,3,3
uphold,Uphold,3,3
upholster,Upholster,3,3
uprise,Uprise,3,3
uproar,Uproar,3,3
upspring,Upspring,3,3
uptails all,Uptails all,3,3
uptake,Uptake,3,3
upwards,Upwards,3,3
ure,Ure,3,3
urinary,Urinary,3,3
usher,Usher,3,3
usury,Usury,3,3
utilitarian,Utilitarian,3,3
utilitarianism,Utilitarianism,3,3
utility,Utility,3,3
utmost,Utmost,3,3
vacate,Vacate,3,3
vaccine,Vaccine,3,3
vacuity,Vacuity,3,3
vagrant,Vagrant,3,3
valance,Valance,3,3
valiant,Valiant,3,3
valid,Valid,3,3
validity,Validity,3,3
valley,Valley,3,3
valor,Valor,3,3
valuable,Valuable,3,3
valvate,Valvate,3,3
vampirism,Vampirism,3,3
vandal,Vandal,3,3
vandyke,Vandyke,3,3
vanish,Vanish,3,3
vanquish,Vanquish,3,3
vantage,Vantage,3,3
vapored,Vapored,3,3
variance,Variance,3,3
variant,Variant,3,3
various,Various,3,3
varlet,Varlet,3,3
vaulting,Vaulting,3,3
vegetal,Vegetal,3,3
vegetate,Vegetate,3,3
vegetation,Vegetation,3,3
vegetative,Vegetative,3,3
veined,Veined,3,3
vend,Vend,3,3
veneering,Veneering,3,3
venom,Venom,3,3
venomous,Venomous,3,3
venous,Venous,3,3
ventose,Ventose,3,3
ventral,Ventral,3,3
ventricle,Ventricle,3,3
verd,Verd,3,3
verdigris,Verdigris,3,3
verfication,Verfication,3,3
vermeil,Vermeil,3,3
vermiculate,Vermiculate,3,3
vermilion,Vermilion,3,3
vermin,Vermin,3,3
versed,Versed,3,3
versify,Versify,3,3
vert,Vert,3,3
vertebral,Vertebral,3,3
vesicular,Vesicular,3,3
vesta,Vesta,3,3
vestal,Vestal,3,3
vested,Vested,3,3
vestry,Vestry,3,3
vesture,Vesture,3,3
vexation,Vexation,3,3
vexed,Vexed,3,3
vexillary,Vexillary,3,3
viability,Viability,3,3
viaticum,Viaticum,3,3
victor,Victor,3,3
victoria,Victoria,3,3
victual,Victual,3,3
viewer,Viewer,3,3
vigilance,Vigilance,3,3
vignette,Vignette,3,3
vilify,Vilify,3,3
villainous,Villainous,3,3
villainy,Villainy,3,3
villosity,Villosity,3,3
vinaigrette,Vinaigrette,3,3
vinegar,Vinegar,3,3
virginal,Virginal,3,3
virtuosity,Virtuosity,3,3
virus,Virus,3,3
vis,Vis,3,3
vis-a-vis,Vis-a-vis,3,3
vise,Vise,3,3
visor,Visor,3,3
vivacious,Vivacious,3,3
vivacity,Vivacity,3,3
vivification,Vivification,3,3
voiced,Voiced,3,3
volant,Volant,3,3
volcanic,Volcanic,3,3
vole,Vole,3,3
volition,Volition,3,3
volt,Volt,3,3
volute,Volute,3,3
vomitory,Vomitory,3,3
voodoo,Voodoo,3,3
vortex,Vortex,3,3
vouchsafe,Vouchsafe,3,3
wadding,Wadding,3,3
waif,Waif,3,3
wainscoting,Wainscoting,3,3
waken,Waken,3,3
wakening,Wakening,3,3
waking,Waking,3,3
wallet,Wallet,3,3
walling,Walling,3,3
wamble,Wamble,3,3
wand,Wand,3,3
wang,Wang,3,3
wany,Wany,3,3
warbler,Warbler,3,3
wardrobe,Wardrobe,3,3
warehouse,Warehouse,3,3
warfare,Warfare,3,3
warmth,Warmth,3,3
warping,Warping,3,3
washboard,Washboard,3,3
washing,Washing,3,3
washingtonian,Washingtonian,3,3
washy,Washy,3,3
wasteful,Wasteful,3,3
waster,Waster,3,3
water course,Water course,3,3
water crake,Water crake,3,3
water pheasant,Water pheasant,3,3
water spider,Water spider,3,3
water thrush,Water thrush,3,3
water wheel,Water wheel,3,3
waterfall,Waterfall,3,3
waterman,Waterman,3,3
watershoot,Watershoot,3,3
waver,Waver,3,3
wavy,Wavy,3,3
weaken,Weaken,3,3
wean,Wean,3,3
weanling,Weanling,3,3
weapon,Weapon,3,3
weathercock,Weathercock,3,3
weathered,Weathered,3,3
weaver,Weaver,3,3
weaving,Weaving,3,3
webbed,Webbed,3,3
wedded,Wedded,3,3
wedlock,Wedlock,3,3
weel,Weel,3,3
weeper,Weeper,3,3
weighty,Weighty,3,3
welder,Welder,3,3
wellhole,Wellhole,3,3
welsh,Welsh,3,3
welshman,Welshman,3,3
westward,Westward,3,3
wex,Wex,3,3
wey,Wey,3,3
whack,Whack,3,3
whaling,Whaling,3,3
wharfing,Wharfing,3,3
wheedle,Wheedle,3,3
wheeze,Wheeze,3,3
whelk,Whelk,3,3
whelm,Whelm,3,3
whereabouts,Whereabouts,3,3
whereas,Whereas,3,3
wherefore,Wherefore,3,3
wherewith,Wherewith,3,3
wherry,Wherry,3,3
whiffing,Whiffing,3,3
whiles,Whiles,3,3
whilk,Whilk,3,3
whimper,Whimper,3,3
whimsy,Whimsy,3,3
whin,Whin,3,3
whine,Whine,3,3
whinny,Whinny,3,3
whinyard,Whinyard,3,3
whipper,Whipper,3,3
whir,Whir,3,3
whisking,Whisking,3,3
whitefish,Whitefish,3,3
whitening,Whitening,3,3
whites,Whites,3,3
whither,Whither,3,3
wholesale,Wholesale,3,3
wholesome,Wholesome,3,3
whop,Whop,3,3
whorl,Whorl,3,3
whur,Whur,3,3
wich,Wich,3,3
wicker,Wicker,3,3
wield,Wield,3,3
wilderness,Wilderness,3,3
wile,Wile,3,3
willow,Willow,3,3
willsome,Willsome,3,3
windward,Windward,3,3
wine,Wine,3,3
wineberry,Wineberry,3,3
wing-footed,Wing-footed,3,3
wing-shell,Wing-shell,3,3
winnew,Winnew,3,3
wishful,Wishful,3,3
wist,Wist,3,3
wite,Wite,3,3
withal,Withal,3,3
withdraw,Withdraw,3,3
withhold,Withhold,3,3
withy,Withy,3,3
wive,Wive,3,3
wizen,Wizen,3,3
woe,Woe,3,3
woful,Woful,3,3
women,women,3,3
wone,Wone,3,3
woo,Woo,3,3
woody,Woody,3,3
wool,Wool,3,3
woolding,Woolding,3,3
woolen,Woolen,3,3
wordy,Wordy,3,3
wore,Wore,3,3
workhouse,Workhouse,3,3
worsen,Worsen,3,3
worsted,Worsted,3,3
wort,Wort,3,3
wot,Wot,3,3
wrapper,Wrapper,3,3
wreath,Wreath,3,3
wrecker,Wrecker,3,3
wretched,Wretched,3,3
wriggle,Wriggle,3,3
writer,Writer,3,3
wrote,Wrote,3,3
wrought,Wrought,3,3
xanthin,Xanthin,3,3
xiphias,Xiphias,3,3
xylography,Xylography,3,3
xylophagan,Xylophagan,3,3
yank,Yank,3,3
yarn,Yarn,3,3
yaup,Yaup,3,3
yaw,Yaw,3,3
yea,Yea,3,3
year,Year,3,3
yeast,Yeast,3,3
yell,Yell,3,3
yellowroot,Yellowroot,3,3
yellows,Yellows,3,3
yelp,Yelp,3,3
yelper,Yelper,3,3
yeomanry,Yeomanry,3,3
yesterday,Yesterday,3,3
youngly,Youngly,3,3
zeal,Zeal,3,3
zebrawood,Zebrawood,3,3
zero,Zero,3,3
zincous,Zincous,3,3
zion,Zion,3,3
zodiac,Zodiac,3,3
zoned,Zoned,3,3
zoomorphism,Zoomorphism,3,3
zygoma,Zygoma,3,3
a cappella,A cappella,2,2
a posteriori,A posteriori,2,2
a priori,A priori,2,2
aaron's rod,Aaron's rod,2,2
abaddon,Abaddon,2,2
abaft,Abaft,2,2
aband,Aband,2,2
abase,Abase,2,2
abator,Abator,2,2
abbey,Abbey,2,2
abbot,Abbot,2,2
abbreviated,Abbreviated,2,2
abbreviator,Abbreviator,2,2
abbreviature,Abbreviature,2,2
abdicant,Abdicant,2,2
abdomen,Abdomen,2,2
abdominales,Abdominales,2,2
abduct,Abduct,2,2
abductor,Abductor,2,2
abear,Abear,2,2
abecedary,Abecedary,2,2
abed,Abed,2,2
aberrant,Aberrant,2,2
abeyance,Abeyance,2,2
abider,Abider,2,2
abiding,Abiding,2,2
abjuration,Abjuration,2,2
ablactation,Ablactation,2,2
ablaze,Ablaze,2,2
ablegate,Ablegate,2,2
abler,Abler,2,2
ablins,Ablins,2,2
abluent,Abluent,2,2
abnormality,Abnormality,2,2
abolish,Abolish,2,2
abominable,Abominable,2,2
abord,Abord,2,2
aborigines,Aborigines,2,2
aborted,Aborted,2,2
abortifacient,Abortifacient,2,2
abought,Abought,2,2
abound,Abound,2,2
abrade,Abrade,2,2
abruptly,Abruptly,2,2
abruptness,Abruptness,2,2
absinthe,Absinthe,2,2
absolutism,Absolutism,2,2
absolvent,Absolvent,2,2
absorbing,Absorbing,2,2
abstain,Abstain,2,2
abstergent,Abstergent,2,2
abstersive,Abstersive,2,2
abstinence,Abstinence,2,2
abstruse,Abstruse,2,2
absurd,Absurd,2,2
absurdity,Absurdity,2,2
abye,Abye,2,2
academic,Academic,2,2
academical,Academical,2,2
academician,Academician,2,2
academicism,Academicism,2,2
academist,Academist,2,2
acadian,Acadian,2,2
acajou,Acajou,2,2
acanthaceous,Acanthaceous,2,2
acanthopterous,Acanthopterous,2,2
acanthopterygian,Acanthopterygian,2,2
acanthus,Acanthus,2,2
acatalectic,Acatalectic,2,2
accentor,Accentor,2,2
accentuation,Accentuation,2,2
acceptant,Acceptant,2,2
acceptation,Acceptation,2,2
acceptive,Acceptive,2,2
acceptor,Acceptor,2,2
accessary,Accessary,2,2
accidence,Accidence,2,2
accipiter,Accipiter,2,2
accipitres,Accipitres,2,2
acclamation,Acclamation,2,2
accoil,Accoil,2,2
accolade,Accolade,2,2
accommodating,Accommodating,2,2
accompaniment,Accompaniment,2,2
accomplice,Accomplice,2,2
accomplishment,Accomplishment,2,2
accordable,Accordable,2,2
accordingly,Accordingly,2,2
accosted,Accosted,2,2
accountable,Accountable,2,2
accouplement,Accouplement,2,2
accoy,Accoy,2,2
accresce,Accresce,2,2
accrescent,Accrescent,2,2
accroach,Accroach,2,2
accumulation,Accumulation,2,2
accurate,Accurate,2,2
accusation,Accusation,2,2
accusatively,Accusatively,2,2
accused,Accused,2,2
ace,Ace,2,2
acephalan,Acephalan,2,2
acerate,Acerate,2,2
acerbity,Acerbity,2,2
acerose,Acerose,2,2
acerous,Acerous,2,2
acervate,Acervate,2,2
acescent,Acescent,2,2
acetic,Acetic,2,2
acetify,Acetify,2,2
acetous,Acetous,2,2
achaian,Achaian,2,2
aching,Aching,2,2
achromatic,Achromatic,2,2
acidify,Acidify,2,2
aciniform,Aciniform,2,2
acknow,Acknow,2,2
acockbill,Acockbill,2,2
acolyte,Acolyte,2,2
aconite,Aconite,2,2
acorned,Acorned,2,2
acoustic,Acoustic,2,2
acquaintance,Acquaintance,2,2
acquainted,Acquainted,2,2
acquest,Acquest,2,2
acquiesce,Acquiesce,2,2
acquisition,Acquisition,2,2
acquisitive,Acquisitive,2,2
acquisitiveness,Acquisitiveness,2,2
acquittal,Acquittal,2,2
acrania,Acrania,2,2
acraze,Acraze,2,2
acre,Acre,2,2
acrimonious,Acrimonious,2,2
acrimony,Acrimony,2,2
acrisy,Acrisy,2,2
acritan,Acritan,2,2
acrocarpous,Acrocarpous,2,2
acrodont,Acrodont,2,2
acrospire,Acrospire,2,2
acroterium,Acroterium,2,2
actinia,Actinia,2,2
actinometer,Actinometer,2,2
actinometry,Actinometry,2,2
actively,Actively,2,2
actress,Actress,2,2
actually,Actually,2,2
actuary,Actuary,2,2
acuate,Acuate,2,2
aculeus,Aculeus,2,2
adactylous,Adactylous,2,2
adagio,Adagio,2,2
adam,Adam,2,2
adamant,Adamant,2,2
adamantine,Adamantine,2,2
adamite,Adamite,2,2
adapt,Adapt,2,2
adaptation,Adaptation,2,2
adapter,Adapter,2,2
adaw,Adaw,2,2
adder's-tongue,Adder's-tongue,2,2
additional,Additional,2,2
adduction,Adduction,2,2
adept,Adept,2,2
adherence,Adherence,2,2
adherency,Adherency,2,2
adhesive,Adhesive,2,2
adhesiveness,Adhesiveness,2,2
adiaphorous,Adiaphorous,2,2
adieu,Adieu,2,2
adight,Adight,2,2
adit,Adit,2,2
adjacency,Adjacency,2,2
adjacent,Adjacent,2,2
adjoining,Adjoining,2,2
adjourn,Adjourn,2,2
adjournment,Adjournment,2,2
adjudicate,Adjudicate,2,2
adjunctive,Adjunctive,2,2
adjuration,Adjuration,2,2
adjutancy,Adjutancy,2,2
adminicle,Adminicle,2,2
administrant,Administrant,2,2
administrator,Administrator,2,2
admirable,Admirable,2,2
admiring,Admiring,2,2
admitted,Admitted,2,2
ado,Ado,2,2
adolescent,Adolescent,2,2
adonic,Adonic,2,2
adopt,Adopt,2,2
adopted,Adopted,2,2
adopter,Adopter,2,2
adorable,Adorable,2,2
adown,Adown,2,2
adscript,Adscript,2,2
adult,Adult,2,2
adulterant,Adulterant,2,2
adulteration,Adulteration,2,2
adulterer,Adulterer,2,2
adulteress,Adulteress,2,2
adulterine,Adulterine,2,2
adulterous,Adulterous,2,2
adumbrate,Adumbrate,2,2
adustion,Adustion,2,2
advancer,Advancer,2,2
adventurer,Adventurer,2,2
adventurous,Adventurous,2,2
adversative,Adversative,2,2
advertise,Advertise,2,2
advisable,Advisable,2,2
advisedly,Advisedly,2,2
advisement,Advisement,2,2
adynamic,Adynamic,2,2
adz,Adz,2,2
aeolian,Aeolian,2,2
aerification,Aerification,2,2
aerify,Aerify,2,2
aerostat,Aerostat,2,2
aerostatical,Aerostatical,2,2
aerostation,Aerostation,2,2
aery,Aery,2,2
aestivate,Aestivate,2,2
aestivation,Aestivation,2,2
aetiology,Aetiology,2,2
affable,Affable,2,2
affectedly,Affectedly,2,2
affectioned,Affectioned,2,2
affective,Affective,2,2
affeer,Affeer,2,2
affirmance,Affirmance,2,2
affirmant,Affirmant,2,2
afflatus,Afflatus,2,2
afflicting,Afflicting,2,2
affliction,Affliction,2,2
affluence,Affluence,2,2
afforcement,Afforcement,2,2
affusion,Affusion,2,2
afield,Afield,2,2
aflush,Aflush,2,2
afoot,Afoot,2,2
aforehand,Aforehand,2,2
aforethought,Aforethought,2,2
afric,Afric,2,2
african,African,2,2
afront,Afront,2,2
after-dinner,After-dinner,2,2
aftermost,Aftermost,2,2
afterpiece,Afterpiece,2,2
agamic,Agamic,2,2
agamous,Agamous,2,2
agape,Agape,2,2
agaric,Agaric,2,2
agast,Agast,2,2
agendum,Agendum,2,2
agglomeration,Agglomeration,2,2
agglutinant,Agglutinant,2,2
agglutination,Agglutination,2,2
agglutinative,Agglutinative,2,2
aggrace,Aggrace,2,2
aggravative,Aggravative,2,2
aggregative,Aggregative,2,2
aggrieve,Aggrieve,2,2
aghast,Aghast,2,2
agility,Agility,2,2
agistor,Agistor,2,2
agnail,Agnail,2,2
agnomen,Agnomen,2,2
agnomination,Agnomination,2,2
agnostic,Agnostic,2,2
agnosticism,Agnosticism,2,2
agone,Agone,2,2
agraffe,Agraffe,2,2
agreeability,Agreeability,2,2
agrimony,Agrimony,2,2
aguardiente,Aguardiente,2,2
aguise,Aguise,2,2
aguish,Aguish,2,2
aha,Aha,2,2
ahead,Ahead,2,2
aiglet,Aiglet,2,2
aiguille,Aiguille,2,2
aiguillette,Aiguillette,2,2
air bladder,Air bladder,2,2
air cell,Air cell,2,2
air chamber,Air chamber,2,2
air hole,Air hole,2,2
air pump,Air pump,2,2
air-tight,Air-tight,2,2
airer,Airer,2,2
airiness,Airiness,2,2
ait,Ait,2,2
ajar,Ajar,2,2
akin,Akin,2,2
al,Al,2,2
alamode,Alamode,2,2
alar,Alar,2,2
alarmed,Alarmed,2,2
alarming,Alarming,2,2
alate,Alate,2,2
albanian,Albanian,2,2
albuminoid,Albuminoid,2,2
albuminose,Albuminose,2,2
alcaic,Alcaic,2,2
alcayde,Alcayde,2,2
alcoholize,Alcoholize,2,2
alcyonoid,Alcyonoid,2,2
alder,Alder,2,2
alderman,Alderman,2,2
aldermanity,Aldermanity,2,2
aldermanry,Aldermanry,2,2
ale,Ale,2,2
alemannic,Alemannic,2,2
alepidote,Alepidote,2,2
alewife,Alewife,2,2
alexandrian,Alexandrian,2,2
alexandrine,Alexandrine,2,2
alexipharmic,Alexipharmic,2,2
alexipyretic,Alexipyretic,2,2
alexiteric,Alexiteric,2,2
algaroba,Algaroba,2,2
algebra,Algebra,2,2
algerian,Algerian,2,2
algerine,Algerine,2,2
algidity,Algidity,2,2
algorithm,Algorithm,2,2
alienage,Alienage,2,2
alienism,Alienism,2,2
align,Align,2,2
alignment,Alignment,2,2
alike,Alike,2,2
alimentation,Alimentation,2,2
alimony,Alimony,2,2
aliped,Aliped,2,2
alisphenoid,Alisphenoid,2,2
alkali,Alkali,2,2
alkalify,Alkalify,2,2
alkalizate,Alkalizate,2,2
alkaloid,Alkaloid,2,2
allantoid,Allantoid,2,2
allective,Allective,2,2
allegiance,Allegiance,2,2
allegretto,Allegretto,2,2
allegro,Allegro,2,2
allemande,Allemande,2,2
alleviation,Alleviation,2,2
alleviative,Alleviative,2,2
allhallows,Allhallows,2,2
allicient,Allicient,2,2
allied,Allied,2,2
alligation,Alligation,2,2
alliterate,Alliterate,2,2
allocate,Allocate,2,2
allocution,Allocution,2,2
allodial,Allodial,2,2
allomorph,Allomorph,2,2
allonym,Allonym,2,2
allot,Allot,2,2
allowable,Allowable,2,2
allower,Allower,2,2
allude,Allude,2,2
alluded,Alluded,2,2
allurement,Allurement,2,2
alluring,Alluring,2,2
allusion,Allusion,2,2
allusive,Allusive,2,2
almacantar,Almacantar,2,2
almadie,Almadie,2,2
almighty,Almighty,2,2
almsman,Almsman,2,2
aloetic,Aloetic,2,2
alonely,Alonely,2,2
alose,Alose,2,2
alphabetical,Alphabetical,2,2
alphabetize,Alphabetize,2,2
alpine,Alpine,2,2
als,Als,2,2
alsatian,Alsatian,2,2
altar,Altar,2,2
altarage,Altarage,2,2
altarist,Altarist,2,2
alterant,Alterant,2,2
alteration,Alteration,2,2
alternately,Alternately,2,2
althea,Althea,2,2
alto,Alto,2,2
altogether,Altogether,2,2
alum,Alum,2,2
alutaceous,Alutaceous,2,2
alveary,Alveary,2,2
always,Always,2,2
amalgamated,Amalgamated,2,2
amalgamation,Amalgamation,2,2
amandine,Amandine,2,2
amass,Amass,2,2
amate,Amate,2,2
amazement,Amazement,2,2
amazing,Amazing,2,2
amazonian,Amazonian,2,2
ambidextrous,Ambidextrous,2,2
ambient,Ambient,2,2
ambigenous,Ambigenous,2,2
ambitus,Ambitus,2,2
ambrosial,Ambrosial,2,2
ambrosian,Ambrosian,2,2
ambulacrum,Ambulacrum,2,2
ambulance,Ambulance,2,2
ambury,Ambury,2,2
amel,Amel,2,2
ameliorate,Ameliorate,2,2
amen,Amen,2,2
amentaceous,Amentaceous,2,2
amerce,Amerce,2,2
amethyst,Amethyst,2,2
amethystine,Amethystine,2,2
amharic,Amharic,2,2
amice,Amice,2,2
amioid,Amioid,2,2
amir,Amir,2,2
ammodyte,Ammodyte,2,2
ammoniac,Ammoniac,2,2
amoroso,Amoroso,2,2
amortization,Amortization,2,2
amorwe,Amorwe,2,2
amotion,Amotion,2,2
amour,Amour,2,2
amphibia,Amphibia,2,2
amphibian,Amphibian,2,2
amphibolic,Amphibolic,2,2
amphibolous,Amphibolous,2,2
amphipod,Amphipod,2,2
amphiprostyle,Amphiprostyle,2,2
amphisbaena,Amphisbaena,2,2
amphitheatre,Amphitheatre,2,2
ampliate,Ampliate,2,2
ampliation,Ampliation,2,2
amputate,Amputate,2,2
amrita,Amrita,2,2
amusement,Amusement,2,2
amusing,Amusing,2,2
amygdaloidal,Amygdaloidal,2,2
an,An,2,2
anabasis,Anabasis,2,2
anacamptics,Anacamptics,2,2
anacathartic,Anacathartic,2,2
anaclastic,Anaclastic,2,2
anacreontic,Anacreontic,2,2
anadromous,Anadromous,2,2
anaglyphic,Anaglyphic,2,2
anagoge,Anagoge,2,2
anagram,Anagram,2,2
analepsy,Analepsy,2,2
analeptic,Analeptic,2,2
analogical,Analogical,2,2
analogism,Analogism,2,2
analyzer,Analyzer,2,2
anamese,Anamese,2,2
anamorphism,Anamorphism,2,2
anamorphosis,Anamorphosis,2,2
anapest,Anapest,2,2
anapestic,Anapestic,2,2
anaplerotic,Anaplerotic,2,2
anarchy,Anarchy,2,2
anarthrous,Anarthrous,2,2
anatomism,Anatomism,2,2
anatomize,Anatomize,2,2
ancestry,Ancestry,2,2
anchor-hold,Anchor-hold,2,2
anciently,Anciently,2,2
ancienty,Ancienty,2,2
ancone,Ancone,2,2
andante,Andante,2,2
androgynal,Androgynal,2,2
androgyne,Androgyne,2,2
android,Android,2,2
andromeda,Andromeda,2,2
androphore,Androphore,2,2
anear,Anear,2,2
anecdote,Anecdote,2,2
anele,Anele,2,2
anelectric,Anelectric,2,2
anemography,Anemography,2,2
anemone,Anemone,2,2
anent,Anent,2,2
aneroid,Aneroid,2,2
anfractuosity,Anfractuosity,2,2
angelic,Angelic,2,2
angelica,Angelica,2,2
angelus,Angelus,2,2
angevine,Angevine,2,2
angiocarpous,Angiocarpous,2,2
angled,Angled,2,2
angler,Angler,2,2
anglian,Anglian,2,2
anglicism,Anglicism,2,2
angling,Angling,2,2
anglo-catholic,Anglo-Catholic,2,2
anglo-saxonism,Anglo-Saxonism,2,2
anguish,Anguish,2,2
angulate,Angulate,2,2
aniline,Aniline,2,2
animalcule,Animalcule,2,2
animalculist,Animalculist,2,2
animalization,Animalization,2,2
animastic,Animastic,2,2
animated,Animated,2,2
animating,Animating,2,2
animation,Animation,2,2
anime,Anime,2,2
animism,Animism,2,2
animosity,Animosity,2,2
anise,Anise,2,2
anisodactyls,Anisodactyls,2,2
ankylosis,Ankylosis,2,2
anneal,Anneal,2,2
annelidan,Annelidan,2,2
annexation,Annexation,2,2
annihilation,Annihilation,2,2
annomination,Annomination,2,2
annotate,Annotate,2,2
announce,Announce,2,2
annoyance,Annoyance,2,2
annoying,Annoying,2,2
annuary,Annuary,2,2
annul,Annul,2,2
annular,Annular,2,2
annulated,Annulated,2,2
annulose,Annulose,2,2
annunciate,Annunciate,2,2
annunciator,Annunciator,2,2
anodyne,Anodyne,2,2
anomaliped,Anomaliped,2,2
anomalistical,Anomalistical,2,2
anomuran,Anomuran,2,2
anonym,Anonym,2,2
anserine,Anserine,2,2
antacid,Antacid,2,2
antagonize,Antagonize,2,2
antalgic,Antalgic,2,2
antalkaline,Antalkaline,2,2
antanaclasis,Antanaclasis,2,2
antaphrodisiac,Antaphrodisiac,2,2
antapoplectic,Antapoplectic,2,2
antarthritic,Antarthritic,2,2
antasthmatic,Antasthmatic,2,2
ante,Ante,2,2
antecedence,Antecedence,2,2
antecessor,Antecessor,2,2
antechamber,Antechamber,2,2
antediluvian,Antediluvian,2,2
antemetic,Antemetic,2,2
antepenultimate,Antepenultimate,2,2
antephialtic,Antephialtic,2,2
antepileptic,Antepileptic,2,2
anterior,Anterior,2,2
antevert,Antevert,2,2
anthelmintic,Anthelmintic,2,2
antheriferous,Antheriferous,2,2
anthozoan,Anthozoan,2,2
anthropoid,Anthropoid,2,2
anthropomorphism,Anthropomorphism,2,2
anticatarrhal,Anticatarrhal,2,2
anticausotic,Anticausotic,2,2
antichthon,Antichthon,2,2
anticlinal,Anticlinal,2,2
antidysenteric,Antidysenteric,2,2
antifriction,Antifriction,2,2
antihemorrhagic,Antihemorrhagic,2,2
antihydrophobic,Antihydrophobic,2,2
antihydropic,Antihydropic,2,2
antihypnotic,Antihypnotic,2,2
antihypochondriac,Antihypochondriac,2,2
antihysteric,Antihysteric,2,2
antiicteric,Antiicteric,2,2
antilithic,Antilithic,2,2
antimephitic,Antimephitic,2,2
antimonial,Antimonial,2,2
antimonite,Antimonite,2,2
antinephritic,Antinephritic,2,2
antinomian,Antinomian,2,2
antiochian,Antiochian,2,2
antiodontalgic,Antiodontalgic,2,2
antiparalytic,Antiparalytic,2,2
antipathy,Antipathy,2,2
antiphon,Antiphon,2,2
antiphonal,Antiphonal,2,2
antiphony,Antiphony,2,2
antiphthisic,Antiphthisic,2,2
antiphysical,Antiphysical,2,2
antiplastic,Antiplastic,2,2
antipodagric,Antipodagric,2,2
antipodal,Antipodal,2,2
antipsoric,Antipsoric,2,2
antipyic,Antipyic,2,2
antipyretic,Antipyretic,2,2
antipyrotic,Antipyrotic,2,2
antiquary,Antiquary,2,2
antiscorbutic,Antiscorbutic,2,2
antiseptic,Antiseptic,2,2
antislavery,Antislavery,2,2
antispasmodic,Antispasmodic,2,2
antisplenetic,Antisplenetic,2,2
antistrumatic,Antistrumatic,2,2
antisyphilitic,Antisyphilitic,2,2
antizymotic,Antizymotic,2,2
antorbital,Antorbital,2,2
anybody,Anybody,2,2
aperient,Aperient,2,2
apert,Apert,2,2
apery,Apery,2,2
apex,Apex,2,2
apheresis,Apheresis,2,2
aphides,Aphides,2,2
aphidian,Aphidian,2,2
aphrodisiac,Aphrodisiac,2,2
aphtha,Aphtha,2,2
apocalypse,Apocalypse,2,2
apocalyptic,Apocalyptic,2,2
apocopate,Apocopate,2,2
apocope,Apocope,2,2
apocrustic,Apocrustic,2,2
apocrypha,Apocrypha,2,2
apocryphal,Apocryphal,2,2
apodal,Apodal,2,2
apogee,Apogee,2,2
apollinarian,Apollinarian,2,2
apophlegmatic,Apophlegmatic,2,2
apophlegmatism,Apophlegmatism,2,2
apophysis,Apophysis,2,2
apoplectic,Apoplectic,2,2
apostolate,Apostolate,2,2
apotelesm,Apotelesm,2,2
apotelesmatic,Apotelesmatic,2,2
apothem,Apothem,2,2
apotheosis,Apotheosis,2,2
apothesis,Apothesis,2,2
apotome,Apotome,2,2
appalling,Appalling,2,2
apparitor,Apparitor,2,2
appealable,Appealable,2,2
appealed,Appealed,2,2
appealing,Appealing,2,2
appellate,Appellate,2,2
appellee,Appellee,2,2
appellor,Appellor,2,2
append,Append,2,2
appendage,Appendage,2,2
appendix,Appendix,2,2
appertinent,Appertinent,2,2
appetizing,Appetizing,2,2
appliance,Appliance,2,2
applicate,Applicate,2,2
applicatory,Applicatory,2,2
appointee,Appointee,2,2
appositive,Appositive,2,2
apprenticeship,Apprenticeship,2,2
apprise,Apprise,2,2
apprizer,Apprizer,2,2
approaching,Approaching,2,2
approbate,Approbate,2,2
approbativeness,Approbativeness,2,2
approof,Approof,2,2
appropriator,Appropriator,2,2
approving,Approving,2,2
appulse,Appulse,2,2
appurtenant,Appurtenant,2,2
april,April,2,2
aprosos,Aprosos,2,2
apsidal,Apsidal,2,2
apsis,Apsis,2,2
apteral,Apteral,2,2
apterous,Apterous,2,2
aquarian,Aquarian,2,2
aquarius,Aquarius,2,2
aqueduct,Aqueduct,2,2
aqueous,Aqueous,2,2
aquila,Aquila,2,2
aquiline,Aquiline,2,2
ara,Ara,2,2
arabian,Arabian,2,2
arabic,Arabic,2,2
arabin,Arabin,2,2
arable,Arable,2,2
aracanese,Aracanese,2,2
arachnidial,Arachnidial,2,2
aragonese,Aragonese,2,2
aramaic,Aramaic,2,2
aramean,Aramean,2,2
araneidan,Araneidan,2,2
arbitrage,Arbitrage,2,2
arbitrament,Arbitrament,2,2
arbitrator,Arbitrator,2,2
arbor vitae,Arbor vitae,2,2
arboreal,Arboreal,2,2
arboreous,Arboreous,2,2
arcadia,Arcadia,2,2
arcanum,Arcanum,2,2
archaean,Archaean,2,2
archaism,Archaism,2,2
archaist,Archaist,2,2
archangel,Archangel,2,2
arched,Arched,2,2
archery,Archery,2,2
archiepiscopacy,Archiepiscopacy,2,2
archil,Archil,2,2
archimagus,Archimagus,2,2
archimandrite,Archimandrite,2,2
archipelago,Archipelago,2,2
architect,Architect,2,2
architectonic,Architectonic,2,2
architectonical,Architectonical,2,2
architecture,Architecture,2,2
architrave,Architrave,2,2
archive,Archive,2,2
archivolt,Archivolt,2,2
archy,archy,2,2
arcuation,Arcuation,2,2
ardency,Ardency,2,2
arduous,Arduous,2,2
are,Are,2,2
arear,Arear,2,2
areola,Areola,2,2
areolation,Areolation,2,2
argive,Argive,2,2
argo,Argo,2,2
argonaut,Argonaut,2,2
argufy,Argufy,2,2
argumentation,Argumentation,2,2
argute,Argute,2,2
arian,Arian,2,2
arianize,Arianize,2,2
aridity,Aridity,2,2
arietation,Arietation,2,2
aristarchy,Aristarchy,2,2
aristate,Aristate,2,2
aristocratical,Aristocratical,2,2
aristocratism,Aristocratism,2,2
aristotelian,Aristotelian,2,2
arithmetic,Arithmetic,2,2
armadillo,Armadillo,2,2
armhole,Armhole,2,2
armil,Armil,2,2
armilla,Armilla,2,2
arminian,Arminian,2,2
armless,Armless,2,2
armor,Armor,2,2
armure,Armure,2,2
army worm,Army worm,2,2
aroint,Aroint,2,2
aroma,Aroma,2,2
aromatic,Aromatic,2,2
arose,Arose,2,2
arquebusade,Arquebusade,2,2
arraignment,Arraignment,2,2
arrange,Arrange,2,2
arrant,Arrant,2,2
arras,Arras,2,2
arrear,Arrear,2,2
arrect,Arrect,2,2
arrected,Arrected,2,2
arrester,Arrester,2,2
arresting,Arresting,2,2
arrestment,Arrestment,2,2
arroba,Arroba,2,2
arrogant,Arrogant,2,2
arrogation,Arrogation,2,2
arrowhead,Arrowhead,2,2
arrowroot,Arrowroot,2,2
arrowy,Arrowy,2,2
arroyo,Arroyo,2,2
arsenious,Arsenious,2,2
arterial,Arterial,2,2
arteriotomy,Arteriotomy,2,2
arthritical,Arthritical,2,2
articled,Articled,2,2
articular,Articular,2,2
artisan,Artisan,2,2
ascending,Ascending,2,2
ascensive,Ascensive,2,2
ascetic,Ascetic,2,2
ascidium,Ascidium,2,2
ascribe,Ascribe,2,2
ascriptitious,Ascriptitious,2,2
aseptic,Aseptic,2,2
ashantee,Ashantee,2,2
ashery,Ashery,2,2
ashler,Ashler,2,2
ashy,Ashy,2,2
asian,Asian,2,2
asiatic,Asiatic,2,2
asiphonate,Asiphonate,2,2
askance,Askance,2,2
asker,Asker,2,2
aslant,Aslant,2,2
asmonean,Asmonean,2,2
aspalathus,Aspalathus,2,2
asparagus,Asparagus,2,2
asperges,Asperges,2,2
asperse,Asperse,2,2
aspersion,Aspersion,2,2
aspersorium,Aspersorium,2,2
asphaltum,Asphaltum,2,2
aspirant,Aspirant,2,2
aspirated,Aspirated,2,2
aspirator,Aspirator,2,2
aspiring,Aspiring,2,2
ass,Ass,2,2
assailant,Assailant,2,2
assamese,Assamese,2,2
assassin,Assassin,2,2
assaying,Assaying,2,2
assemblage,Assemblage,2,2
assemblance,Assemblance,2,2
assent,Assent,2,2
assenting,Assenting,2,2
assertion,Assertion,2,2
assiduity,Assiduity,2,2
assiduous,Assiduous,2,2
assiege,Assiege,2,2
assignee,Assignee,2,2
assimilation,Assimilation,2,2
assimulate,Assimulate,2,2
associated,Associated,2,2
associational,Associational,2,2
assoilment,Assoilment,2,2
assonant,Assonant,2,2
assorted,Assorted,2,2
assot,Assot,2,2
assuage,Assuage,2,2
assuming,Assuming,2,2
assumpsit,Assumpsit,2,2
assumpt,Assumpt,2,2
assurer,Assurer,2,2
assurgent,Assurgent,2,2
assuring,Assuring,2,2
assyrian,Assyrian,2,2
aster,Aster,2,2
asteridian,Asteridian,2,2
astern,Astern,2,2
astert,Astert,2,2
asthmatic,Asthmatic,2,2
astonied,Astonied,2,2
astonish,Astonish,2,2
astonishing,Astonishing,2,2
astounding,Astounding,2,2
astraean,Astraean,2,2
astragal,Astragal,2,2
astragalus,Astragalus,2,2
astrakhan,Astrakhan,2,2
astrictive,Astrictive,2,2
astringe,Astringe,2,2
astrolabe,Astrolabe,2,2
astrologer,Astrologer,2,2
astronomer,Astronomer,2,2
astrut,Astrut,2,2
asturian,Asturian,2,2
asymmetrical,Asymmetrical,2,2
asymmetry,Asymmetry,2,2
atavism,Atavism,2,2
atellan,Atellan,2,2
atheism,Atheism,2,2
atheist,Atheist,2,2
atheistical,Atheistical,2,2
atheize,Atheize,2,2
athenian,Athenian,2,2
atheous,Atheous,2,2
atheroma,Atheroma,2,2
athirst,Athirst,2,2
athletic,Athletic,2,2
atilt,Atilt,2,2
atlantal,Atlantal,2,2
atlantean,Atlantean,2,2
atomical,Atomical,2,2
atomization,Atomization,2,2
atomy,Atomy,2,2
atonement,Atonement,2,2
atrabilarian,Atrabilarian,2,2
atrabiliary,Atrabiliary,2,2
atrocity,Atrocity,2,2
atrophied,Atrophied,2,2
attainable,Attainable,2,2
attainder,Attainder,2,2
attainment,Attainment,2,2
attame,Attame,2,2
attemperate,Attemperate,2,2
attempter,Attempter,2,2
attent,Attent,2,2
attention,Attention,2,2
attentive,Attentive,2,2
attenuant,Attenuant,2,2
attercop,Attercop,2,2
atticism,Atticism,2,2
attired,Attired,2,2
attorn,Attorn,2,2
attracting,Attracting,2,2
attrap,Attrap,2,2
attribution,Attribution,2,2
attributive,Attributive,2,2
attrite,Attrite,2,2
attune,Attune,2,2
auburn,Auburn,2,2
auctioneer,Auctioneer,2,2
audacity,Audacity,2,2
audible,Audible,2,2
audient,Audient,2,2
augean,Augean,2,2
auger,Auger,2,2
augmentative,Augmentative,2,2
augurate,Augurate,2,2
august,August,2,2
augustan,Augustan,2,2
aularian,Aularian,2,2
aulic,Aulic,2,2
aura,Aura,2,2
aural,Aural,2,2
aurelia,Aurelia,2,2
aurelian,Aurelian,2,2
auric,Auric,2,2
aurous,Aurous,2,2
auscultation,Auscultation,2,2
auspice,Auspice,2,2
austereness,Austereness,2,2
australasian,Australasian,2,2
australian,Australian,2,2
austrian,Austrian,2,2
authenticate,Authenticate,2,2
authenticity,Authenticity,2,2
authoritative,Authoritative,2,2
authorship,Authorship,2,2
autochthon,Autochthon,2,2
autocrat,Autocrat,2,2
autogenous,Autogenous,2,2
autograph,Autograph,2,2
autographical,Autographical,2,2
autography,Autography,2,2
automaton,Automaton,2,2
autonomous,Autonomous,2,2
autonomy,Autonomy,2,2
autopsy,Autopsy,2,2
autotheism,Autotheism,2,2
autotype,Autotype,2,2
autumnal,Autumnal,2,2
auxiliar,Auxiliar,2,2
availability,Availability,2,2
available,Available,2,2
availableness,Availableness,2,2
avarice,Avarice,2,2
avatar,Avatar,2,2
ave,Ave,2,2
ave mary,Ave Mary,2,2
avenger,Avenger,2,2
aventine,Aventine,2,2
aventure,Aventure,2,2
aventurine,Aventurine,2,2
averruncate,Averruncate,2,2
averruncation,Averruncation,2,2
aversely,Aversely,2,2
avert,Avert,2,2
averted,Averted,2,2
aviator,Aviator,2,2
aviso,Aviso,2,2
avocative,Avocative,2,2
avoidable,Avoidable,2,2
avoider,Avoider,2,2
avowance,Avowance,2,2
avowed,Avowed,2,2
avowry,Avowry,2,2
awaken,Awaken,2,2
aware,Aware,2,2
awesome,Awesome,2,2
awfully,Awfully,2,2
awfulness,Awfulness,2,2
awing,Awing,2,2
awkly,Awkly,2,2
awl-shaped,Awl-shaped,2,2
awless,Awless,2,2
awning,Awning,2,2
awry,Awry,2,2
ax,Ax,2,2
axial,Axial,2,2
axilla,Axilla,2,2
axillary,Axillary,2,2
axiom,Axiom,2,2
axle box,Axle box,2,2
axletree,Axletree,2,2
aye,Aye,2,2
azedarach,Azedarach,2,2
azimuth,Azimuth,2,2
azorian,Azorian,2,2
azoth,Azoth,2,2
aztec,Aztec,2,2
azurine,Azurine,2,2
baa,Baa,2,2
baal,Baal,2,2
babe,Babe,2,2
babel,Babel,2,2
babyism,Babyism,2,2
babylonical,Babylonical,2,2
bac,Bac,2,2
baccated,Baccated,2,2
bacchanalia,Bacchanalia,2,2
bacchanalian,Bacchanalian,2,2
bacchante,Bacchante,2,2
bacchantes,Bacchantes,2,2
backbite,Backbite,2,2
backed,Backed,2,2
backgammon,Backgammon,2,2
backstay,Backstay,2,2
backstitch,Backstitch,2,2
backsword,Backsword,2,2
backwardly,Backwardly,2,2
bacteria,Bacteria,2,2
bactrian,Bactrian,2,2
bade,Bade,2,2
badgerer,Badgerer,2,2
badminton,Badminton,2,2
baffling,Baffling,2,2
bagatelle,Bagatelle,2,2
bagnio,Bagnio,2,2
bagpipe,Bagpipe,2,2
baguette,Baguette,2,2
bail bond,Bail bond,2,2
baillie,Baillie,2,2
bailment,Bailment,2,2
baker,Baker,2,2
bakery,Bakery,2,2
balancer,Balancer,2,2
balcony,Balcony,2,2
baldhead,Baldhead,2,2
baleful,Baleful,2,2
balker,Balker,2,2
ballasting,Ballasting,2,2
ballistic,Ballistic,2,2
ballooning,Ballooning,2,2
balmoral,Balmoral,2,2
balsamation,Balsamation,2,2
bam,Bam,2,2
bambino,Bambino,2,2
bamboo,Bamboo,2,2
bandana,Bandana,2,2
bandicoot,Bandicoot,2,2
bandolier,Bandolier,2,2
banging,Banging,2,2
bangle,Bangle,2,2
bank bill,Bank bill,2,2
banking,Banking,2,2
banquette,Banquette,2,2
baptist,Baptist,2,2
baptistry,Baptistry,2,2
barbacan,Barbacan,2,2
barbadian,Barbadian,2,2
barbaic,Barbaic,2,2
barber,Barber,2,2
barbule,Barbule,2,2
barcarolle,Barcarolle,2,2
barded,Barded,2,2
barefaced,Barefaced,2,2
baric,Baric,2,2
barking irons,Barking irons,2,2
barleycorn,Barleycorn,2,2
barm,Barm,2,2
baron,Baron,2,2
baronetage,Baronetage,2,2
barony,Barony,2,2
barque,Barque,2,2
barracouata,Barracouata,2,2
barreled,Barreled,2,2
barrelled,Barrelled,2,2
barton,Barton,2,2
basalt,Basalt,2,2
base-court,Base-court,2,2
baseball,Baseball,2,2
basely,Basely,2,2
bashful,Bashful,2,2
basicity,Basicity,2,2
basilary,Basilary,2,2
basilical,Basilical,2,2
basioccipital,Basioccipital,2,2
basisphenoid,Basisphenoid,2,2
bask,Bask,2,2
basseting,Basseting,2,2
bassinet,Bassinet,2,2
bast,Bast,2,2
bastardize,Bastardize,2,2
bastardly,Bastardly,2,2
bastardy,Bastardy,2,2
bastile bastille,Bastile Bastille,2,2
baston,Baston,2,2
batardeau,Batardeau,2,2
batavian,Batavian,2,2
batch,Batch,2,2
bated,Bated,2,2
bathing,Bathing,2,2
bating,Bating,2,2
batman,Batman,2,2
baton,Baton,2,2
batrachian,Batrachian,2,2
batta,Batta,2,2
battailant,Battailant,2,2
battalia,Battalia,2,2
battening,Battening,2,2
battering-ram,Battering-ram,2,2
battled,Battled,2,2
battledoor,Battledoor,2,2
battlement,Battlement,2,2
bauble,Bauble,2,2
bavarian,Bavarian,2,2
bavin,Bavin,2,2
bawd,Bawd,2,2
bawdy,Bawdy,2,2
bawn,Bawn,2,2
bawson,Bawson,2,2
bayard,Bayard,2,2
bayed,Bayed,2,2
bdellium,Bdellium,2,2
bead proof,Bead proof,2,2
beagle,Beagle,2,2
beaked,Beaked,2,2
beaker,Beaker,2,2
beakhead,Beakhead,2,2
beamed,Beamed,2,2
beaming,Beaming,2,2
beamless,Beamless,2,2
bean,Bean,2,2
bearded,Bearded,2,2
beardless,Beardless,2,2
beater,Beater,2,2
beau,Beau,2,2
beaupere,Beaupere,2,2
beautify,Beautify,2,2
becalm,Becalm,2,2
became,Became,2,2
because,Because,2,2
bechance,Bechance,2,2
bechic,Bechic,2,2
becket,Becket,2,2
beckon,Beckon,2,2
bed screw,Bed screw,2,2
bedded,Bedded,2,2
bede,Bede,2,2
bedevil,Bedevil,2,2
bedight,Bedight,2,2
bedouin,Bedouin,2,2
bedpan,Bedpan,2,2
bedpost,Bedpost,2,2
bedroom,Bedroom,2,2
bedstraw,Bedstraw,2,2
bee-eater,Bee-eater,2,2
been,Been,2,2
beer,Beer,2,2
beet,Beet,2,2
beetlehead,Beetlehead,2,2
befall,Befall,2,2
befitting,Befitting,2,2
befog,Befog,2,2
befool,Befool,2,2
befoul,Befoul,2,2
begird,Begird,2,2
begirt,Begirt,2,2
begone,Begone,2,2
begot,Begot,2,2
begotten,Begotten,2,2
beguiling,Beguiling,2,2
begun,Begun,2,2
beheld,Beheld,2,2
behindhand,Behindhand,2,2
behold,Behold,2,2
beholden,Beholden,2,2
belabor,Belabor,2,2
belamour,Belamour,2,2
belated,Belated,2,2
beldame,Beldame,2,2
belgian,Belgian,2,2
belgic,Belgic,2,2
believing,Believing,2,2
belladonna,Belladonna,2,2
bellbird,Bellbird,2,2
belled,Belled,2,2
bellflower,Bellflower,2,2
bellied,Bellied,2,2
belling,Belling,2,2
bellwether,Bellwether,2,2
bellycheer,Bellycheer,2,2
belooche beloochee,Belooche Beloochee,2,2
belord,Belord,2,2
beltane,Beltane,2,2
belting,Belting,2,2
bending,Bending,2,2
bene placito,Bene placito,2,2
benedicite,Benedicite,2,2
benedict,Benedict,2,2
benedictine,Benedictine,2,2
benefaction,Benefaction,2,2
beneficed,Beneficed,2,2
bengalese,Bengalese,2,2
benty,Benty,2,2
benumbed,Benumbed,2,2
benzine,Benzine,2,2
bere,Bere,2,2
bereft,Bereft,2,2
berlin,Berlin,2,2
berme,Berme,2,2
bernardine,Bernardine,2,2
bernese,Bernese,2,2
berried,Berried,2,2
berrying,Berrying,2,2
berserker,Berserker,2,2
berthing,Berthing,2,2
besayle,Besayle,2,2
bescatter,Bescatter,2,2
beseech,Beseech,2,2
beseeching,Beseeching,2,2
beseem,Beseem,2,2
besetting,Besetting,2,2
besieging,Besieging,2,2
besmoke,Besmoke,2,2
besnow,Besnow,2,2
besom,Besom,2,2
besort,Besort,2,2
besotted,Besotted,2,2
besought,Besought,2,2
bespatter,Bespatter,2,2
bespit,Bespit,2,2
bespoke,Bespoke,2,2
bespread,Bespread,2,2
besprinkling,Besprinkling,2,2
bestad,Bestad,2,2
bestiality,Bestiality,2,2
bestowment,Bestowment,2,2
bestride,Bestride,2,2
bestrode,Bestrode,2,2
bestrown,Bestrown,2,2
bestuck,Bestuck,2,2
beteem,Beteem,2,2
bethink,Bethink,2,2
bethlehem,Bethlehem,2,2
bethought,Bethought,2,2
betide,Betide,2,2
betimes,Betimes,2,2
betoken,Betoken,2,2
betook,Betook,2,2
betrap,Betrap,2,2
betterment,Betterment,2,2
betterness,Betterness,2,2
betwixt,Betwixt,2,2
bever,Bever,2,2
bevy,Bevy,2,2
bewail,Bewail,2,2
bewailing,Bewailing,2,2
beweep,Beweep,2,2
bewet,Bewet,2,2
bewhore,Bewhore,2,2
bewildered,Bewildered,2,2
bewildering,Bewildering,2,2
bewilderment,Bewilderment,2,2
bewitch,Bewitch,2,2
bewitching,Bewitching,2,2
bewitchment,Bewitchment,2,2
bewonder,Bewonder,2,2
bewray,Bewray,2,2
bezoardic,Bezoardic,2,2
bezzle,Bezzle,2,2
bi-,Bi-,2,2
biauriculate,Biauriculate,2,2
bibliology,Bibliology,2,2
bibliomaniac,Bibliomaniac,2,2
biblist,Biblist,2,2
bibulous,Bibulous,2,2
bicentenary,Bicentenary,2,2
bicuspid,Bicuspid,2,2
bidden,Bidden,2,2
bidding prayer,Bidding prayer,2,2
biddy,Biddy,2,2
bidet,Bidet,2,2
biding,Biding,2,2
bield,Bield,2,2
bier,Bier,2,2
bifarious,Bifarious,2,2
biffin,Biffin,2,2
bifurcate,Bifurcate,2,2
bigg,Bigg,2,2
bigotry,Bigotry,2,2
bilateral,Bilateral,2,2
bilberry,Bilberry,2,2
bilbo,Bilbo,2,2
biliteral,Biliteral,2,2
bill holder,Bill holder,2,2
billboard,Billboard,2,2
billed,Billed,2,2
billing,Billing,2,2
billingsgate,Billingsgate,2,2
billy,Billy,2,2
binary,Binary,2,2
binder,Binder,2,2
binervate,Binervate,2,2
biogeny,Biogeny,2,2
biography,Biography,2,2
bipartient,Bipartient,2,2
bipartite,Bipartite,2,2
biped,Biped,2,2
bipedal,Bipedal,2,2
bird fancier,Bird fancier,2,2
birdbolt,Birdbolt,2,2
birdcall,Birdcall,2,2
birdlime,Birdlime,2,2
birk,Birk,2,2
birken,Birken,2,2
birl,Birl,2,2
biscayan,Biscayan,2,2
bise,Bise,2,2
bisect,Bisect,2,2
biserrate,Biserrate,2,2
bishop's-weed,Bishop's-weed,2,2
bishoply,Bishoply,2,2
bishopric,Bishopric,2,2
bison,Bison,2,2
bissextile,Bissextile,2,2
bisulcate,Bisulcate,2,2
bitangent,Bitangent,2,2
bitch,Bitch,2,2
biter,Biter,2,2
biting,Biting,2,2
bitt,Bitt,2,2
bitumen,Bitumen,2,2
biweekly,Biweekly,2,2
black bass,Black bass,2,2
black monday,Black Monday,2,2
black rod,Black Rod,2,2
blackfoot,Blackfoot,2,2
blackleg,Blackleg,2,2
blackmailing,Blackmailing,2,2
blacksmith,Blacksmith,2,2
blackstrap,Blackstrap,2,2
blacktail,Blacktail,2,2
blackthorn,Blackthorn,2,2
blackwash,Blackwash,2,2
blain,Blain,2,2
blameful,Blameful,2,2
blancher,Blancher,2,2
bland,Bland,2,2
blandish,Blandish,2,2
blankly,Blankly,2,2
blarney,Blarney,2,2
blasphemy,Blasphemy,2,2
blasty,Blasty,2,2
blat,Blat,2,2
blazing,Blazing,2,2
blazonry,Blazonry,2,2
bleach,Bleach,2,2
bleached,Bleached,2,2
bleaching,Bleaching,2,2
blear-eyed,Blear-eyed,2,2
bleared,Bleared,2,2
bleat,Bleat,2,2
bled,Bled,2,2
bleeder,Bleeder,2,2
blencher,Blencher,2,2
blende,Blende,2,2
blennorrhea,Blennorrhea,2,2
blest,Blest,2,2
blew,Blew,2,2
blighting,Blighting,2,2
blin,Blin,2,2
blinder,Blinder,2,2
blindfold,Blindfold,2,2
blinkard,Blinkard,2,2
blissom,Blissom,2,2
bloated,Bloated,2,2
blob,Blob,2,2
blockader,Blockader,2,2
blockhouse,Blockhouse,2,2
blood money,Blood money,2,2
blooded,Blooded,2,2
bloodiness,Bloodiness,2,2
bloodstone,Bloodstone,2,2
bloody hand,Bloody hand,2,2
bloomer,Bloomer,2,2
bloomy,Bloomy,2,2
blotch,Blotch,2,2
blotter,Blotter,2,2
blowpipe,Blowpipe,2,2
blubbered,Blubbered,2,2
blubbering,Blubbering,2,2
blubbery,Blubbery,2,2
blue book,Blue book,2,2
bluebell,Bluebell,2,2
bluebottle,Bluebottle,2,2
bluefish,Bluefish,2,2
bluestocking,Bluestocking,2,2
bluestone,Bluestone,2,2
bluffy,Bluffy,2,2
blunderbuss,Blunderbuss,2,2
blundering,Blundering,2,2
bluntness,Bluntness,2,2
boa,Boa,2,2
boarder,Boarder,2,2
boarfish,Boarfish,2,2
boaster,Boaster,2,2
boasting,Boasting,2,2
boat shell,Boat shell,2,2
boatable,Boatable,2,2
boatbill,Boatbill,2,2
boatman,Boatman,2,2
bobtail,Bobtail,2,2
bocardo,Bocardo,2,2
bodice,Bodice,2,2
bodied,Bodied,2,2
bodiless,Bodiless,2,2
bodyguard,Bodyguard,2,2
boeotian,Boeotian,2,2
bogue,Bogue,2,2
bogus,Bogus,2,2
bohemia,Bohemia,2,2
boiled,Boiled,2,2
bold-faced,Bold-faced,2,2
bolivian,Bolivian,2,2
bollen,Bollen,2,2
boln,Boln,2,2
bologna,Bologna,2,2
bolognese,Bolognese,2,2
bolthead,Bolthead,2,2
bombardier,Bombardier,2,2
bombproof,Bombproof,2,2
bombycinous,Bombycinous,2,2
bonded,Bonded,2,2
bondman,Bondman,2,2
bondsman,Bondsman,2,2
bonneted,Bonneted,2,2
bony,Bony,2,2
boodle,Boodle,2,2
book muslin,Book muslin,2,2
bookful,Bookful,2,2
bookholder,Bookholder,2,2
booking office,Booking office,2,2
bookish,Bookish,2,2
bookmaker,Bookmaker,2,2
bookstand,Bookstand,2,2
bookwork,Bookwork,2,2
bookworm,Bookworm,2,2
boose,Boose,2,2
boost,Boost,2,2
booth,Booth,2,2
boothose,Boothose,2,2
bootikin,Bootikin,2,2
boottopping,Boottopping,2,2
booze,Booze,2,2
bordeaux,Bordeaux,2,2
boredom,Boredom,2,2
borne,Borne,2,2
boscage,Boscage,2,2
bosky,Bosky,2,2
bosomed,Bosomed,2,2
bossage,Bossage,2,2
bossed,Bossed,2,2
bossy,Bossy,2,2
botanize,Botanize,2,2
botany,Botany,2,2
both,Both,2,2
botryose,Botryose,2,2
bottine,Bottine,2,2
bottle-nose,Bottle-nose,2,2
bottleholder,Bottleholder,2,2
bottling,Bottling,2,2
bottomed,Bottomed,2,2
bouch,Bouch,2,2
bough,Bough,2,2
bougie,Bougie,2,2
bouillon,Bouillon,2,2
bouk,Bouk,2,2
boulder,Boulder,2,2
boulevard,Boulevard,2,2
boultin,Boultin,2,2
boun,Boun,2,2
bounding,Bounding,2,2
bountiful,Bountiful,2,2
bouquet,Bouquet,2,2
bourbon,Bourbon,2,2
bourd,Bourd,2,2
bourne,Bourne,2,2
bouse,Bouse,2,2
bout,Bout,2,2
bovine,Bovine,2,2
bow hand,Bow hand,2,2
bow net,Bow net,2,2
bow oar,Bow oar,2,2
boweled,Boweled,2,2
bowge,Bowge,2,2
bowling,Bowling,2,2
bowman,Bowman,2,2
bowwow,Bowwow,2,2
bowyer,Bowyer,2,2
boxer,Boxer,2,2
boy,Boy,2,2
boycott,Boycott,2,2
boyism,Boyism,2,2
brabble,Brabble,2,2
bracelet,Bracelet,2,2
brachial,Brachial,2,2
brachydiagonal,Brachydiagonal,2,2
brack,Brack,2,2
bracketing,Bracketing,2,2
bract,Bract,2,2
braggadocio,Braggadocio,2,2
braggart,Braggart,2,2
brahma,Brahma,2,2
brained,Brained,2,2
brakeman,Brakeman,2,2
bramble,Bramble,2,2
bran,Bran,2,2
brancher,Brancher,2,2
branchiostegal,Branchiostegal,2,2
brander,Brander,2,2
brangle,Brangle,2,2
brangling,Brangling,2,2
branks,Branks,2,2
branlin,Branlin,2,2
brassy,Brassy,2,2
brast,Brast,2,2
brattice,Brattice,2,2
braving,Braving,2,2
bravo,Bravo,2,2
braxy,Braxy,2,2
brayer,Brayer,2,2
braying,Braying,2,2
brazier,Brazier,2,2
brazil wood,Brazil wood,2,2
brazilian,Brazilian,2,2
breadfruit,Breadfruit,2,2
breakage,Breakage,2,2
breasted,Breasted,2,2
breasting,Breasting,2,2
breastwork,Breastwork,2,2
breather,Breather,2,2
bred,Bred,2,2
brede,Brede,2,2
breeches,Breeches,2,2
breeder,Breeder,2,2
breezy,Breezy,2,2
breme,Breme,2,2
bren,Bren,2,2
brethren,Brethren,2,2
breton,Breton,2,2
breviary,Breviary,2,2
breviped,Breviped,2,2
brevity,Brevity,2,2
brewis,Brewis,2,2
briar,Briar,2,2
bribery,Bribery,2,2
bricked,Bricked,2,2
bricking,Bricking,2,2
brickwork,Brickwork,2,2
bridal,Bridal,2,2
bridge-ward,Bridge-ward,2,2
bridgeboard,Bridgeboard,2,2
briefman,Briefman,2,2
briery,Briery,2,2
brig,Brig,2,2
brigand,Brigand,2,2
brightly,Brightly,2,2
brightness,Brightness,2,2
brigue,Brigue,2,2
brimming,Brimming,2,2
brimstone,Brimstone,2,2
brisure,Brisure,2,2
british,British,2,2
briton,Briton,2,2
britt,Britt,2,2
broacher,Broacher,2,2
broadax broadaxe,Broadax Broadaxe,2,2
broadbill,Broadbill,2,2
broadbrim,Broadbrim,2,2
broaden,Broaden,2,2
brobdingnagian,Brobdingnagian,2,2
brocaded,Brocaded,2,2
brocatel,Brocatel,2,2
brock,Brock,2,2
brocket,Brocket,2,2
brog,Brog,2,2
brogue,Brogue,2,2
broken-backed,Broken-backed,2,2
brokenness,Brokenness,2,2
brokerage,Brokerage,2,2
broma,Broma,2,2
bromate,Bromate,2,2
bronchi,Bronchi,2,2
bronzine,Bronzine,2,2
brotherly,Brotherly,2,2
browbeat,Browbeat,2,2
browbeating,Browbeating,2,2
brownism,Brownism,2,2
brownist,Brownist,2,2
browsing,Browsing,2,2
brucite,Brucite,2,2
brunette,Brunette,2,2
brunt,Brunt,2,2
brush wheel,Brush wheel,2,2
brushwood,Brushwood,2,2
brut,Brut,2,2
brutal,Brutal,2,2
brutality,Brutality,2,2
brutalize,Brutalize,2,2
bruteness,Bruteness,2,2
bryozoan,Bryozoan,2,2
bubby,Bubby,2,2
buccaneer,Buccaneer,2,2
bucentaur,Bucentaur,2,2
buckeye,Buckeye,2,2
buckling,Buckling,2,2
buckra,Buckra,2,2
buckwheat,Buckwheat,2,2
bucolic,Bucolic,2,2
buddhist,Buddhist,2,2
buddle,Buddle,2,2
budget,Budget,2,2
buffa,Buffa,2,2
buffle,Buffle,2,2
bufflehead,Bufflehead,2,2
bugger,Bugger,2,2
bugle horn,Bugle horn,2,2
bulkhead,Bulkhead,2,2
bullace,Bullace,2,2
bullary,Bullary,2,2
bumble,Bumble,2,2
bund,Bund,2,2
bungling,Bungling,2,2
bunker,Bunker,2,2
bunny,Bunny,2,2
bunting,Bunting,2,2
bureaucracy,Bureaucracy,2,2
burg,Burg,2,2
burgee,Burgee,2,2
burgher,Burgher,2,2
burghmaster,Burghmaster,2,2
burgomaster,Burgomaster,2,2
burgundy,Burgundy,2,2
burial,Burial,2,2
burin,Burin,2,2
burke,Burke,2,2
burly,Burly,2,2
burman,Burman,2,2
burmese,Burmese,2,2
burner,Burner,2,2
burnisher,Burnisher,2,2
burnous,Burnous,2,2
burnt,Burnt,2,2
bursar,Bursar,2,2
bursary,Bursary,2,2
bursten,Bursten,2,2
bushhammer,Bushhammer,2,2
bushman,Bushman,2,2
bushment,Bushment,2,2
bushwhacker,Bushwhacker,2,2
bushwhacking,Bushwhacking,2,2
bushy,Bushy,2,2
busked,Busked,2,2
busket,Busket,2,2
buskin,Buskin,2,2
buskined,Buskined,2,2
bust,Bust,2,2
bustling,Bustling,2,2
butment,Butment,2,2
butted,Butted,2,2
butternut,Butternut,2,2
buttock,Buttock,2,2
buttonhole,Buttonhole,2,2
buxom,Buxom,2,2
by-blow,By-blow,2,2
by-law,By-law,2,2
bygone,Bygone,2,2
byword,Byword,2,2
cabala,Cabala,2,2
cabalism,Cabalism,2,2
caballine,Caballine,2,2
cablelaid,Cablelaid,2,2
cabling,Cabling,2,2
caboose,Caboose,2,2
cackler,Cackler,2,2
cackling,Cackling,2,2
cacodemon,Cacodemon,2,2
cacoethes,Cacoethes,2,2
cad,Cad,2,2
cadaverous,Cadaverous,2,2
caddis,Caddis,2,2
caecal,Caecal,2,2
caecum,Caecum,2,2
caftan,Caftan,2,2
caged,Caged,2,2
cahier,Cahier,2,2
cairn,Cairn,2,2
calamitous,Calamitous,2,2
calamity,Calamity,2,2
calcarated,Calcarated,2,2
calcified,Calcified,2,2
calcify,Calcify,2,2
calcimine,Calcimine,2,2
calcination,Calcination,2,2
calculary,Calculary,2,2
calculation,Calculation,2,2
calcule,Calcule,2,2
calculous,Calculous,2,2
calculus,Calculus,2,2
caledonian,Caledonian,2,2
calefacient,Calefacient,2,2
calefaction,Calefaction,2,2
calefy,Calefy,2,2
calenture,Calenture,2,2
calicoback,Calicoback,2,2
californian,Californian,2,2
calker,Calker,2,2
calking,Calking,2,2
callet,Callet,2,2
callous,Callous,2,2
caloric,Caloric,2,2
calorimeter,Calorimeter,2,2
caltrap,Caltrap,2,2
calumniate,Calumniate,2,2
calve,Calve,2,2
calyx,Calyx,2,2
calyxes,Calyxes,2,2
camaieu,Camaieu,2,2
camarilla,Camarilla,2,2
cambium,Cambium,2,2
cambric,Cambric,2,2
camel,Camel,2,2
camera obscura,Camera obscura,2,2
camerate,Camerate,2,2
camisado,Camisado,2,2
camisole,Camisole,2,2
campana,Campana,2,2
canadian,Canadian,2,2
canaille,Canaille,2,2
canal,Canal,2,2
cancelier,Cancelier,2,2
cancellate,Cancellate,2,2
cancellated,Cancellated,2,2
cancellation,Cancellation,2,2
cancelli,Cancelli,2,2
cancriform,Cancriform,2,2
cancroid,Cancroid,2,2
candle,Candle,2,2
candlebomb,Candlebomb,2,2
candlefish,Candlefish,2,2
candor,Candor,2,2
caned,Caned,2,2
cankery,Cankery,2,2
canna,Canna,2,2
cannibal,Cannibal,2,2
canoeing,Canoeing,2,2
canonization,Canonization,2,2
cantabile,Cantabile,2,2
cantalever,Cantalever,2,2
cantarro,Cantarro,2,2
canteen,Canteen,2,2
canterbury,Canterbury,2,2
cantharides,Cantharides,2,2
canto,Canto,2,2
canuck,Canuck,2,2
canzone,Canzone,2,2
capability,Capability,2,2
capacious,Capacious,2,2
capel,Capel,2,2
caperberry,Caperberry,2,2
capillaire,Capillaire,2,2
capillament,Capillament,2,2
capillarity,Capillarity,2,2
capitally,Capitally,2,2
capitate,Capitate,2,2
capitation,Capitation,2,2
capitol,Capitol,2,2
capitulum,Capitulum,2,2
caple,Caple,2,2
caplin,Caplin,2,2
capoch,Capoch,2,2
capon,Capon,2,2
capot,Capot,2,2
capricorn,Capricorn,2,2
capsize,Capsize,2,2
captainship,Captainship,2,2
captious,Captious,2,2
captivating,Captivating,2,2
captivity,Captivity,2,2
carabid,Carabid,2,2
caramel,Caramel,2,2
carat,Carat,2,2
caraway,Caraway,2,2
carbonade,Carbonade,2,2
carbonado,Carbonado,2,2
carbonize,Carbonize,2,2
carbuncled,Carbuncled,2,2
carburet,Carburet,2,2
cardamom,Cardamom,2,2
cardia,Cardia,2,2
cardo,Cardo,2,2
careen,Careen,2,2
careenage,Careenage,2,2
caress,Caress,2,2
caret,Caret,2,2
caribbee,Caribbee,2,2
cariccio,Cariccio,2,2
caries,Caries,2,2
carillon,Carillon,2,2
carmagnole,Carmagnole,2,2
carminative,Carminative,2,2
carnage,Carnage,2,2
carnal,Carnal,2,2
carnassial,Carnassial,2,2
carnival,Carnival,2,2
carnosity,Carnosity,2,2
carnous,Carnous,2,2
carob,Carob,2,2
caroline,Caroline,2,2
caroling,Caroling,2,2
carom,Carom,2,2
carotic,Carotic,2,2
carotid,Carotid,2,2
carousing,Carousing,2,2
carpal,Carpal,2,2
carpentry,Carpentry,2,2
carpetmonger,Carpetmonger,2,2
carping,Carping,2,2
carrot,Carrot,2,2
carrying,Carrying,2,2
cartage,Cartage,2,2
carte de visite,Carte de visite,2,2
cartesian,Cartesian,2,2
carthaginian,Carthaginian,2,2
carthusian,Carthusian,2,2
cartilaginous,Cartilaginous,2,2
cartoon,Cartoon,2,2
cartulary,Cartulary,2,2
carucage,Carucage,2,2
caryatid,Caryatid,2,2
caryophyllaceous,Caryophyllaceous,2,2
case knife,Case knife,2,2
case-bay,Case-bay,2,2
caseharden,Caseharden,2,2
casehardened,Casehardened,2,2
casemate,Casemate,2,2
cashmere,Cashmere,2,2
cassava,Cassava,2,2
casserole,Casserole,2,2
cassia,Cassia,2,2
cassidony,Cassidony,2,2
cassock,Cassock,2,2
caste,Caste,2,2
castellated,Castellated,2,2
castigate,Castigate,2,2
castigation,Castigation,2,2
castigatory,Castigatory,2,2
castilian,Castilian,2,2
castrate,Castrate,2,2
casuist,Casuist,2,2
casuistry,Casuistry,2,2
catacaustic,Catacaustic,2,2
cataclysm,Cataclysm,2,2
catadrome,Catadrome,2,2
catadromous,Catadromous,2,2
catalan,Catalan,2,2
catalectic,Catalectic,2,2
catalogue,Catalogue,2,2
catalytic,Catalytic,2,2
catapult,Catapult,2,2
catastasis,Catastasis,2,2
catawba,Catawba,2,2
catcher,Catcher,2,2
catchpenny,Catchpenny,2,2
catechise,Catechise,2,2
catechism,Catechism,2,2
categorical,Categorical,2,2
category,Category,2,2
catenary,Catenary,2,2
catenulate,Catenulate,2,2
caterpillar,Caterpillar,2,2
caterwaul,Caterwaul,2,2
caterwauling,Caterwauling,2,2
catgut,Catgut,2,2
catharical,Catharical,2,2
caucus,Caucus,2,2
caught,Caught,2,2
cauliflower,Cauliflower,2,2
causal,Causal,2,2
causality,Causality,2,2
causally,Causally,2,2
caustic,Caustic,2,2
caustical,Caustical,2,2
causticily,Causticily,2,2
cautel,Cautel,2,2
cautelous,Cautelous,2,2
cauterize,Cauterize,2,2
cautery,Cautery,2,2
cautioner,Cautioner,2,2
caverned,Caverned,2,2
caviling,Caviling,2,2
cavity,Cavity,2,2
caw,Caw,2,2
ceaseless,Ceaseless,2,2
cedar,Cedar,2,2
ceil,Ceil,2,2
celature,Celature,2,2
celebrated,Celebrated,2,2
celestine,Celestine,2,2
cellarage,Cellarage,2,2
celled,Celled,2,2
cellulose,Cellulose,2,2
celt,Celt,2,2
celtiberian,Celtiberian,2,2
celtic,Celtic,2,2
cementation,Cementation,2,2
censorial,Censorial,2,2
censorious,Censorious,2,2
census,Census,2,2
cental,Cental,2,2
centaur,Centaur,2,2
centenarian,Centenarian,2,2
centesimal,Centesimal,2,2
centigrade,Centigrade,2,2
centner,Centner,2,2
central,Central,2,2
centralism,Centralism,2,2
centuple,Centuple,2,2
centuriate,Centuriate,2,2
cephalalgic,Cephalalgic,2,2
cephalic,Cephalic,2,2
cephalotomy,Cephalotomy,2,2
ceramics,Ceramics,2,2
cerasin,Cerasin,2,2
cerasinous,Cerasinous,2,2
ceratobranchial,Ceratobranchial,2,2
ceratohyal,Ceratohyal,2,2
cerberus,Cerberus,2,2
cercarian,Cercarian,2,2
cere,Cere,2,2
cereal,Cereal,2,2
cerealia,Cerealia,2,2
cerebral,Cerebral,2,2
cerement,Cerement,2,2
ceremonious,Ceremonious,2,2
ceres,Ceres,2,2
cerin,Cerin,2,2
cerite,Cerite,2,2
cerography,Cerography,2,2
ceroplastic,Ceroplastic,2,2
cessor,Cessor,2,2
cestode,Cestode,2,2
cestoid,Cestoid,2,2
cestraciont,Cestraciont,2,2
ceylonese,Ceylonese,2,2
chablis,Chablis,2,2
chaetodont,Chaetodont,2,2
chaetopod,Chaetopod,2,2
chaffing,Chaffing,2,2
chafing,Chafing,2,2
chain stitch,Chain stitch,2,2
chain wheel,Chain wheel,2,2
chairman,Chairman,2,2
chaise,Chaise,2,2
chalaza,Chalaza,2,2
chaldaic,Chaldaic,2,2
chaldee,Chaldee,2,2
chalet,Chalet,2,2
chalkstone,Chalkstone,2,2
chalybean,Chalybean,2,2
chalybeate,Chalybeate,2,2
cham,Cham,2,2
chambered,Chambered,2,2
chamberer,Chamberer,2,2
chambering,Chambering,2,2
chambermaid,Chambermaid,2,2
chamfret,Chamfret,2,2
chamois,Chamois,2,2
champaign,Champaign,2,2
champerty,Champerty,2,2
chance-medley,Chance-medley,2,2
chancel,Chancel,2,2
chancery,Chancery,2,2
chandelier,Chandelier,2,2
chandler,Chandler,2,2
changeable,Changeable,2,2
chanting,Chanting,2,2
chantry,Chantry,2,2
chaparral,Chaparral,2,2
chapeau,Chapeau,2,2
chapelet,Chapelet,2,2
chapiter,Chapiter,2,2
chaplainship,Chaplainship,2,2
chapman,Chapman,2,2
chappion,Chappion,2,2
charactery,Charactery,2,2
charbon,Charbon,2,2
charcoal,Charcoal,2,2
chard,Chard,2,2
charioteer,Charioteer,2,2
chark,Chark,2,2
charmer,Charmer,2,2
charming,Charming,2,2
charnel,Charnel,2,2
charta,Charta,2,2
chartless,Chartless,2,2
chartreuse,Chartreuse,2,2
chasing,Chasing,2,2
chasm,Chasm,2,2
chasse,Chasse,2,2
chasseur,Chasseur,2,2
chasten,Chasten,2,2
chastened,Chastened,2,2
chasteness,Chasteness,2,2
chastise,Chastise,2,2
chateau,Chateau,2,2
chatoyant,Chatoyant,2,2
chatterer,Chatterer,2,2
chattering,Chattering,2,2
chatty,Chatty,2,2
chaun,Chaun,2,2
cheapen,Cheapen,2,2
cheater,Cheater,2,2
chebec,Chebec,2,2
checkage,Checkage,2,2
checkerwork,Checkerwork,2,2
checklaton,Checklaton,2,2
checkrein,Checkrein,2,2
cheerly,Cheerly,2,2
cheeseparing,Cheeseparing,2,2
chef,Chef,2,2
chelonian,Chelonian,2,2
chemical,Chemical,2,2
chemise,Chemise,2,2
cherimoyer,Cherimoyer,2,2
cherish,Cherish,2,2
cherubim,Cherubim,2,2
cherubin,Cherubin,2,2
chess,Chess,2,2
chested,Chested,2,2
chevalier,Chevalier,2,2
chevaux,Chevaux,2,2
cheveril,Cheveril,2,2
cheviot,Cheviot,2,2
chiaro-oscuro,Chiaro-oscuro,2,2
chicane,Chicane,2,2
chick-pea,Chick-pea,2,2
chicken,Chicken,2,2
chicory,Chicory,2,2
chiefly,Chiefly,2,2
chikara,Chikara,2,2
chilblain,Chilblain,2,2
childed,Childed,2,2
childing,Childing,2,2
childish,Childish,2,2
childly,Childly,2,2
children,Children,2,2
chiliasm,Chiliasm,2,2
chilling,Chilling,2,2
chimb,Chimb,2,2
chimera,Chimera,2,2
chin,Chin,2,2
china,China,2,2
chinch,Chinch,2,2
chipper,Chipper,2,2
chippy,Chippy,2,2
chirm,Chirm,2,2
chirograph,Chirograph,2,2
chirographist,Chirographist,2,2
chirography,Chirography,2,2
chirp,Chirp,2,2
chirping,Chirping,2,2
chiton,Chiton,2,2
chitter,Chitter,2,2
chitty,Chitty,2,2
chive,Chive,2,2
chloral,Chloral,2,2
chlorite,Chlorite,2,2
chloroform,Chloroform,2,2
chlorophane,Chlorophane,2,2
chlorosis,Chlorosis,2,2
chlorous,Chlorous,2,2
chocolate,Chocolate,2,2
choicely,Choicely,2,2
choke pear,Choke pear,2,2
choker,Choker,2,2
choky chokey,Choky Chokey,2,2
cholagogue,Cholagogue,2,2
choler,Choler,2,2
chondropterygian,Chondropterygian,2,2
chophouse,Chophouse,2,2
chopin,Chopin,2,2
choppy,Choppy,2,2
chops,Chops,2,2
choral,Choral,2,2
choree,Choree,2,2
choriambic,Choriambic,2,2
chorister,Chorister,2,2
chorographer,Chorographer,2,2
choroid,Choroid,2,2
chowchow,Chowchow,2,2
chrism,Chrism,2,2
chrisom,Chrisom,2,2
christcross,Christcross,2,2
christianism,Christianism,2,2
christianite,Christianite,2,2
christianly,Christianly,2,2
chromatic,Chromatic,2,2
chromatism,Chromatism,2,2
chromatophore,Chromatophore,2,2
chromatrope,Chromatrope,2,2
chromatype,Chromatype,2,2
chromite,Chromite,2,2
chromogen,Chromogen,2,2
chromotype,Chromotype,2,2
chronic,Chronic,2,2
chronogram,Chronogram,2,2
chronograph,Chronograph,2,2
chrysalid,Chrysalid,2,2
chrysography,Chrysography,2,2
chrysotype,Chrysotype,2,2
chuff,Chuff,2,2
chuffy,Chuffy,2,2
churchgoing,Churchgoing,2,2
churchwarden,Churchwarden,2,2
churlish,Churlish,2,2
cibation,Cibation,2,2
ciborium,Ciborium,2,2
cicatrize,Cicatrize,2,2
cicisbeo,Cicisbeo,2,2
cid,Cid,2,2
ciliary,Ciliary,2,2
cilician,Cilician,2,2
cimbrian,Cimbrian,2,2
cimbric,Cimbric,2,2
cimmerian,Cimmerian,2,2
cinch,Cinch,2,2
cinchona,Cinchona,2,2
cinnabar,Cinnabar,2,2
cinnamon,Cinnamon,2,2
cinquefoil,Cinquefoil,2,2
circassian,Circassian,2,2
circinate,Circinate,2,2
circination,Circination,2,2
circled,Circled,2,2
circumcise,Circumcise,2,2
circumduct,Circumduct,2,2
circumferentor,Circumferentor,2,2
circumflect,Circumflect,2,2
circumflexion,Circumflexion,2,2
circumstanced,Circumstanced,2,2
circumstantially,Circumstantially,2,2
circumstantiate,Circumstantiate,2,2
circumvallation,Circumvallation,2,2
circumvolve,Circumvolve,2,2
cirque,Cirque,2,2
cirrose,Cirrose,2,2
cirrous,Cirrous,2,2
cistercian,Cistercian,2,2
cistern,Cistern,2,2
cital,Cital,2,2
citied,Citied,2,2
citigrade,Citigrade,2,2
citrine,Citrine,2,2
civilization,Civilization,2,2
civilize,Civilize,2,2
civilized,Civilized,2,2
clabber,Clabber,2,2
clacker,Clacker,2,2
clairvoyant,Clairvoyant,2,2
clan,Clan,2,2
clapperclaw,Clapperclaw,2,2
clarification,Clarification,2,2
clarifier,Clarifier,2,2
clary,Clary,2,2
classic,Classic,2,2
classicalism,Classicalism,2,2
classically,Classically,2,2
classis,Classis,2,2
classman,Classman,2,2
clastic,Clastic,2,2
clathrate,Clathrate,2,2
clause,Clause,2,2
clave,Clave,2,2
claver,Claver,2,2
clavicorn,Clavicorn,2,2
claviger,Claviger,2,2
clawed,Clawed,2,2
cleading,Cleading,2,2
cleanness,Cleanness,2,2
clear-cut,Clear-cut,2,2
clearer,Clearer,2,2
clee,Clee,2,2
clemency,Clemency,2,2
clepe,Clepe,2,2
clerical,Clerical,2,2
clerisy,Clerisy,2,2
clerkly,Clerkly,2,2
clew,Clew,2,2
clicker,Clicker,2,2
clicket,Clicket,2,2
clientage,Clientage,2,2
cliff,Cliff,2,2
climbing,Climbing,2,2
clincher,Clincher,2,2
clingstone,Clingstone,2,2
clinodiagonal,Clinodiagonal,2,2
clinometric,Clinometric,2,2
clinquant,Clinquant,2,2
clique,Clique,2,2
clogging,Clogging,2,2
clomb,Clomb,2,2
clong,Clong,2,2
closely,Closely,2,2
closh,Closh,2,2
clotbur,Clotbur,2,2
clothier,Clothier,2,2
clotted,Clotted,2,2
cloven,Cloven,2,2
clubbed,Clubbed,2,2
clubber,Clubber,2,2
clubbish,Clubbish,2,2
clubfist,Clubfist,2,2
clucking,Clucking,2,2
clumsy,Clumsy,2,2
clunch,Clunch,2,2
clypeate,Clypeate,2,2
co-unite,Co-unite,2,2
coacervate,Coacervate,2,2
coachman,Coachman,2,2
coact,Coact,2,2
coactive,Coactive,2,2
coadjutant,Coadjutant,2,2
coadjutor,Coadjutor,2,2
coadjuvant,Coadjuvant,2,2
coadventure,Coadventure,2,2
coagulated,Coagulated,2,2
coagulation,Coagulation,2,2
coalesce,Coalesce,2,2
coalite,Coalite,2,2
coalition,Coalition,2,2
coalpit,Coalpit,2,2
coarse,Coarse,2,2
coaster,Coaster,2,2
coax,Coax,2,2
cobalt,Cobalt,2,2
cobbing,Cobbing,2,2
cobby,Cobby,2,2
cobelligerent,Cobelligerent,2,2
cobnut,Cobnut,2,2
cobra,Cobra,2,2
cocagne,Cocagne,2,2
cochleare,Cochleare,2,2
cockal,Cockal,2,2
cockeye,Cockeye,2,2
cockfighting,Cockfighting,2,2
cocking,Cocking,2,2
cockleshell,Cockleshell,2,2
cockshy,Cockshy,2,2
cocksure,Cocksure,2,2
cocoa,Cocoa,2,2
coddle,Coddle,2,2
code,Code,2,2
codger,Codger,2,2
coelenterate,Coelenterate,2,2
coelodont,Coelodont,2,2
coequal,Coequal,2,2
coercion,Coercion,2,2
coeval,Coeval,2,2
coexistent,Coexistent,2,2
coexisting,Coexisting,2,2
cogent,Cogent,2,2
coggle,Coggle,2,2
cogitate,Cogitate,2,2
cogitative,Cogitative,2,2
cognition,Cognition,2,2
cognizable,Cognizable,2,2
cognomen,Cognomen,2,2
cognominal,Cognominal,2,2
cognoscible,Cognoscible,2,2
cohabit,Cohabit,2,2
cohabitation,Cohabitation,2,2
coherency,Coherency,2,2
cohesive,Cohesive,2,2
coigne,Coigne,2,2
coincident,Coincident,2,2
coiner,Coiner,2,2
coir,Coir,2,2
coistril,Coistril,2,2
coit,Coit,2,2
coke,Coke,2,2
cold-shut,Cold-shut,2,2
colewort,Colewort,2,2
colleague,Colleague,2,2
collectivist,Collectivist,2,2
collegiate,Collegiate,2,2
colletic,Colletic,2,2
collide,Collide,2,2
collied,Collied,2,2
collier,Collier,2,2
colliery,Colliery,2,2
colligation,Colligation,2,2
collimator,Collimator,2,2
colliquation,Colliquation,2,2
collision,Collision,2,2
collitigant,Collitigant,2,2
collocate,Collocate,2,2
collop,Collop,2,2
collophore,Collophore,2,2
colloquy,Colloquy,2,2
collusion,Collusion,2,2
collusive,Collusive,2,2
colon,Colon,2,2
colonize,Colonize,2,2
colorless,Colorless,2,2
colossal,Colossal,2,2
colossus,Colossus,2,2
colostrum,Colostrum,2,2
colubrine,Colubrine,2,2
columbarium,Columbarium,2,2
columbic,Columbic,2,2
combatant,Combatant,2,2
combativeness,Combativeness,2,2
combined,Combined,2,2
combust,Combust,2,2
comedian,Comedian,2,2
comestible,Comestible,2,2
comfit,Comfit,2,2
comical,Comical,2,2
comma,Comma,2,2
commemoration,Commemoration,2,2
commencement,Commencement,2,2
commensurately,Commensurately,2,2
commentary,Commentary,2,2
commentation,Commentation,2,2
commination,Commination,2,2
commissariat,Commissariat,2,2
commissioner,Commissioner,2,2
commissionnaire,Commissionnaire,2,2
committee,Committee,2,2
committer,Committer,2,2
commixture,Commixture,2,2
commonable,Commonable,2,2
commonalty,Commonalty,2,2
commonly,Commonly,2,2
commonness,Commonness,2,2
commorancy,Commorancy,2,2
commove,Commove,2,2
communicable,Communicable,2,2
communist,Communist,2,2
communistic,Communistic,2,2
compacted,Compacted,2,2
compartment,Compartment,2,2
compassed,Compassed,2,2
compassing,Compassing,2,2
compassion,Compassion,2,2
compatriot,Compatriot,2,2
compear,Compear,2,2
compeer,Compeer,2,2
compensative,Compensative,2,2
compensator,Compensator,2,2
competent,Competent,2,2
competitor,Competitor,2,2
compilation,Compilation,2,2
complanate,Complanate,2,2
complemental,Complemental,2,2
complementary,Complementary,2,2
completion,Completion,2,2
complexity,Complexity,2,2
compliance,Compliance,2,2
complication,Complication,2,2
complot,Complot,2,2
compone,Compone,2,2
component,Component,2,2
composed,Composed,2,2
composer,Composer,2,2
compositor,Compositor,2,2
comprehensible,Comprehensible,2,2
comprehensibly,Comprehensibly,2,2
comprobation,Comprobation,2,2
compromit,Compromit,2,2
comprovincial,Comprovincial,2,2
compulsory,Compulsory,2,2
compunction,Compunction,2,2
compurgation,Compurgation,2,2
computation,Computation,2,2
compute,Compute,2,2
concamerate,Concamerate,2,2
concameration,Concameration,2,2
concaved,Concaved,2,2
concavo-convex,Concavo-convex,2,2
concealed,Concealed,2,2
conceitedly,Conceitedly,2,2
concent,Concent,2,2
concentrativeness,Concentrativeness,2,2
concentre,Concentre,2,2
concentric,Concentric,2,2
concerned,Concerned,2,2
concerted,Concerted,2,2
concession,Concession,2,2
concha,Concha,2,2
conciliable,Conciliable,2,2
concionator,Concionator,2,2
concomitancy,Concomitancy,2,2
concomitant,Concomitant,2,2
concordat,Concordat,2,2
concorporate,Concorporate,2,2
concubinage,Concubinage,2,2
concubinary,Concubinary,2,2
concubine,Concubine,2,2
concupiscible,Concupiscible,2,2
concurring,Concurring,2,2
concuss,Concuss,2,2
condensate,Condensate,2,2
condescend,Condescend,2,2
condign,Condign,2,2
condite,Condite,2,2
condole,Condole,2,2
condolement,Condolement,2,2
condonation,Condonation,2,2
condone,Condone,2,2
conduce,Conduce,2,2
conductibility,Conductibility,2,2
coney,Coney,2,2
confectionary,Confectionary,2,2
confectioner,Confectioner,2,2
confectionery,Confectionery,2,2
confederation,Confederation,2,2
conferee,Conferee,2,2
conferrer,Conferrer,2,2
confessional,Confessional,2,2
confessionary,Confessionary,2,2
confessor,Confessor,2,2
confide,Confide,2,2
confidential,Confidential,2,2
confiding,Confiding,2,2
configuration,Configuration,2,2
confinement,Confinement,2,2
confiner,Confiner,2,2
confirmatory,Confirmatory,2,2
confiscate,Confiscate,2,2
conflicting,Conflicting,2,2
confluence,Confluence,2,2
conflux,Conflux,2,2
conformability,Conformability,2,2
conformation,Conformation,2,2
conformity,Conformity,2,2
confucian,Confucian,2,2
congealment,Congealment,2,2
congee,Congee,2,2
congenial,Congenial,2,2
congest,Congest,2,2
congested,Congested,2,2
congestion,Congestion,2,2
congius,Congius,2,2
conglobate,Conglobate,2,2
conglobation,Conglobation,2,2
conglobe,Conglobe,2,2
congratulate,Congratulate,2,2
congregational,Congregational,2,2
congregationalism,Congregationalism,2,2
conical,Conical,2,2
conics,Conics,2,2
coniferous,Coniferous,2,2
conium,Conium,2,2
conject,Conject,2,2
conjecturally,Conjecturally,2,2
conjoin,Conjoin,2,2
conjoined,Conjoined,2,2
conjunct,Conjunct,2,2
conjunctival,Conjunctival,2,2
conjunctive,Conjunctive,2,2
conjuncture,Conjuncture,2,2
connatural,Connatural,2,2
connivance,Connivance,2,2
connivent,Connivent,2,2
connotative,Connotative,2,2
connote,Connote,2,2
conscientious,Conscientious,2,2
consectary,Consectary,2,2
consecution,Consecution,2,2
consensual,Consensual,2,2
consequential,Consequential,2,2
considerate,Considerate,2,2
consigne,Consigne,2,2
consociation,Consociation,2,2
consolatory,Consolatory,2,2
consoling,Consoling,2,2
consopite,Consopite,2,2
conspicuous,Conspicuous,2,2
constable,Constable,2,2
constablery,Constablery,2,2
constabulary,Constabulary,2,2
constancy,Constancy,2,2
constipation,Constipation,2,2
constitutionality,Constitutionality,2,2
constitutionally,Constitutionally,2,2
constitutive,Constitutive,2,2
constrained,Constrained,2,2
constriction,Constriction,2,2
constructive,Constructive,2,2
constructiveness,Constructiveness,2,2
construe,Construe,2,2
consubstantiation,Consubstantiation,2,2
consulship,Consulship,2,2
consultation,Consultation,2,2
consulting,Consulting,2,2
consume,Consume,2,2
consummate,Consummate,2,2
contaminate,Contaminate,2,2
contango,Contango,2,2
contek,Contek,2,2
contemperation,Contemperation,2,2
contestation,Contestation,2,2
contignation,Contignation,2,2
continual,Continual,2,2
continually,Continually,2,2
continuant,Continuant,2,2
continuate,Continuate,2,2
continuation,Continuation,2,2
continuative,Continuative,2,2
continued,Continued,2,2
continuous,Continuous,2,2
contline,Contline,2,2
contour,Contour,2,2
contractility,Contractility,2,2
contradiction,Contradiction,2,2
contradictions,Contradictions,2,2
contraposition,Contraposition,2,2
contraries,Contraries,2,2
contrariety,Contrariety,2,2
contrariwise,Contrariwise,2,2
contrastimulant,Contrastimulant,2,2
contravene,Contravene,2,2
contributary,Contributary,2,2
contributory,Contributory,2,2
contrition,Contrition,2,2
contrivance,Contrivance,2,2
contrive,Contrive,2,2
controlment,Controlment,2,2
controversal,Controversal,2,2
controverse,Controverse,2,2
contumacious,Contumacious,2,2
contumacy,Contumacy,2,2
contumelious,Contumelious,2,2
contuse,Contuse,2,2
contusion,Contusion,2,2
conundrum,Conundrum,2,2
conus,Conus,2,2
convalesced,Convalesced,2,2
convection,Convection,2,2
convenable,Convenable,2,2
convener,Convener,2,2
conventicle,Conventicle,2,2
conventionalism,Conventionalism,2,2
conventionalist,Conventionalist,2,2
conventionalization,Conventionalization,2,2
conventual,Conventual,2,2
converge,Converge,2,2
converging,Converging,2,2
conversive,Conversive,2,2
converter,Converter,2,2
convertible,Convertible,2,2
convex,Convex,2,2
conveyer,Conveyer,2,2
convincible,Convincible,2,2
convive,Convive,2,2
convoluted,Convoluted,2,2
convulse,Convulse,2,2
convulsion,Convulsion,2,2
convulsionary,Convulsionary,2,2
coo,Coo,2,2
cookery,Cookery,2,2
cooler,Cooler,2,2
cooling,Cooling,2,2
coolly,Coolly,2,2
coolness,Coolness,2,2
coomb,Coomb,2,2
cooperation,Cooperation,2,2
coopery,Coopery,2,2
coordination,Coordination,2,2
cooter,Cooter,2,2
copartnership,Copartnership,2,2
coped,Coped,2,2
copepod,Copepod,2,2
copier,Copier,2,2
coping,Coping,2,2
coplatry,Coplatry,2,2
copperhead,Copperhead,2,2
copperplate,Copperplate,2,2
copperworm,Copperworm,2,2
coptic,Coptic,2,2
copts,Copts,2,2
copula,Copula,2,2
copulation,Copulation,2,2
copyhold,Copyhold,2,2
copying,Copying,2,2
copyright,Copyright,2,2
coquelicot,Coquelicot,2,2
coquet,Coquet,2,2
coquette,Coquette,2,2
cor/niculate,Cor/niculate,2,2
corallite,Corallite,2,2
corb,Corb,2,2
corban,Corban,2,2
corbel,Corbel,2,2
corbell,Corbell,2,2
corby,Corby,2,2
cordelier,Cordelier,2,2
cordiality,Cordiality,2,2
coriaceous,Coriaceous,2,2
corinth,Corinth,2,2
corival,Corival,2,2
corked,Corked,2,2
corkscrew,Corkscrew,2,2
corky,Corky,2,2
corm,Corm,2,2
cormorant,Cormorant,2,2
cormus,Cormus,2,2
corncutter,Corncutter,2,2
cornel,Cornel,2,2
corneocalcareous,Corneocalcareous,2,2
cornin,Cornin,2,2
cornish,Cornish,2,2
cornucopia,Cornucopia,2,2
cornuted,Cornuted,2,2
corollary,Corollary,2,2
coronation,Coronation,2,2
coronel,Coronel,2,2
coronis,Coronis,2,2
corporality,Corporality,2,2
corporately,Corporately,2,2
corpse,Corpse,2,2
corpulency,Corpulency,2,2
corpulent,Corpulent,2,2
corpuscle,Corpuscle,2,2
corpuscularian,Corpuscularian,2,2
corrade,Corrade,2,2
corral,Corral,2,2
corridor,Corridor,2,2
corroborant,Corroborant,2,2
corroboration,Corroboration,2,2
corroborative,Corroborative,2,2
corrodent,Corrodent,2,2
corrugate,Corrugate,2,2
corsage,Corsage,2,2
corsair,Corsair,2,2
corse,Corse,2,2
corselet,Corselet,2,2
corticiferous,Corticiferous,2,2
coruscation,Coruscation,2,2
corymb,Corymb,2,2
cosher,Cosher,2,2
cosignitary,Cosignitary,2,2
cosinage,Cosinage,2,2
cosmetic,Cosmetic,2,2
cosmically,Cosmically,2,2
cosmos,Cosmos,2,2
coss,Coss,2,2
cosset,Cosset,2,2
costal,Costal,2,2
costard,Costard,2,2
costiveness,Costiveness,2,2
costly,Costly,2,2
cotemporary,Cotemporary,2,2
cothurnated,Cothurnated,2,2
cotquean,Cotquean,2,2
cottager,Cottager,2,2
cottoid,Cottoid,2,2
cottony,Cottony,2,2
cotyledon,Cotyledon,2,2
cotyloid,Cotyloid,2,2
couchant,Couchant,2,2
couche,Couche,2,2
could,Could,2,2
coulee,Coulee,2,2
coulisse,Coulisse,2,2
couloir,Couloir,2,2
counselable,Counselable,2,2
countenance,Countenance,2,2
counter brace,Counter brace,2,2
counteractive,Counteractive,2,2
counterbrace,Counterbrace,2,2
counterbuff,Counterbuff,2,2
countercharm,Countercharm,2,2
countercurrent,Countercurrent,2,2
counterfeiter,Counterfeiter,2,2
counterfoil,Counterfoil,2,2
counterfort,Counterfort,2,2
countermove,Countermove,2,2
countermure,Countermure,2,2
counterpane,Counterpane,2,2
counterplot,Counterplot,2,2
countertime,Countertime,2,2
countervail,Countervail,2,2
counterview,Counterview,2,2
coupe,Coupe,2,2
couple-close,Couple-close,2,2
coupon,Coupon,2,2
courb,Courb,2,2
courier,Courier,2,2
coursing,Coursing,2,2
court-martial,Court-martial,2,2
courtehouse,Courtehouse,2,2
courtier,Courtier,2,2
coussinet,Coussinet,2,2
covenanter,Covenanter,2,2
covenanting,Covenanting,2,2
covering,Covering,2,2
coverture,Coverture,2,2
covetous,Covetous,2,2
covetousness,Covetousness,2,2
covin,Covin,2,2
cowboy,Cowboy,2,2
cower,Cower,2,2
cowish,Cowish,2,2
cowrie,Cowrie,2,2
cowslip,Cowslip,2,2
cozen,Cozen,2,2
crambo,Crambo,2,2
crampoons,Crampoons,2,2
crampy,Crampy,2,2
cranage,Cranage,2,2
crane's-bill,Crane's-bill,2,2
crania,Crania,2,2
crankness,Crankness,2,2
crannied,Crannied,2,2
crapaudine,Crapaudine,2,2
crape,Crape,2,2
crashing,Crashing,2,2
crasis,Crasis,2,2
craving,Craving,2,2
craw,Craw,2,2
craziness,Craziness,2,2
creaght,Creaght,2,2
creaking,Creaking,2,2
creasing,Creasing,2,2
credent,Credent,2,2
creditor,Creditor,2,2
credulous,Credulous,2,2
creel,Creel,2,2
creephole,Creephole,2,2
creeple,Creeple,2,2
crefting,Crefting,2,2
cremaster,Cremaster,2,2
crematory,Crematory,2,2
crenation,Crenation,2,2
crenature,Crenature,2,2
crenelate,Crenelate,2,2
crenulation,Crenulation,2,2
creole,Creole,2,2
creolian,Creolian,2,2
creosote,Creosote,2,2
crept,Crept,2,2
crepusculous,Crepusculous,2,2
cresset,Cresset,2,2
crestfallen,Crestfallen,2,2
cresting,Cresting,2,2
cretan,Cretan,2,2
crevalle,Crevalle,2,2
crevasse,Crevasse,2,2
crevice,Crevice,2,2
cried,Cried,2,2
crier,Crier,2,2
criminate,Criminate,2,2
cringle,Cringle,2,2
crinite,Crinite,2,2
crinkled,Crinkled,2,2
crinoid,Crinoid,2,2
crinoline,Crinoline,2,2
crippled,Crippled,2,2
crippling,Crippling,2,2
crisis,Crisis,2,2
crispation,Crispation,2,2
crispin,Crispin,2,2
crispy,Crispy,2,2
crissal,Crissal,2,2
critically,Critically,2,2
criticalness,Criticalness,2,2
criticism,Criticism,2,2
croat,Croat,2,2
croatian,Croatian,2,2
crochet,Crochet,2,2
crocin,Crocin,2,2
crocket,Crocket,2,2
crocodile,Crocodile,2,2
crocodilian,Crocodilian,2,2
croconic,Croconic,2,2
crocus,Crocus,2,2
croise,Croise,2,2
crony,Crony,2,2
cross-purpose,Cross-purpose,2,2
cross-staff,Cross-staff,2,2
crossbarred,Crossbarred,2,2
crossbeam,Crossbeam,2,2
crossbill,Crossbill,2,2
crossbite,Crossbite,2,2
crossbreed,Crossbreed,2,2
crossette,Crossette,2,2
crossgrained,Crossgrained,2,2
crossopterygian,Crossopterygian,2,2
crosspiece,Crosspiece,2,2
crossrow,Crossrow,2,2
crotch,Crotch,2,2
crotched,Crotched,2,2
crouched,Crouched,2,2
croup,Croup,2,2
croupier,Croupier,2,2
crowder,Crowder,2,2
crowner,Crowner,2,2
crownet,Crownet,2,2
crownpiece,Crownpiece,2,2
crowtoe,Crowtoe,2,2
crucial,Crucial,2,2
cruciferous,Cruciferous,2,2
crucifix,Crucifix,2,2
crudity,Crudity,2,2
crudy,Crudy,2,2
cruelly,Cruelly,2,2
cruelty,Cruelty,2,2
cruet,Cruet,2,2
crumble,Crumble,2,2
crummy,Crummy,2,2
crump,Crump,2,2
crumple,Crumple,2,2
crus,Crus,2,2
crusading,Crusading,2,2
cruse,Cruse,2,2
crushing,Crushing,2,2
crusta,Crusta,2,2
crustacean,Crustacean,2,2
crustaceous,Crustaceous,2,2
crusted,Crusted,2,2
crustiness,Crustiness,2,2
crusty,Crusty,2,2
crutched,Crutched,2,2
crying,Crying,2,2
crypt,Crypt,2,2
cryptobranchiata,Cryptobranchiata,2,2
crystallization,Crystallization,2,2
crystallize,Crystallize,2,2
crystallography,Crystallography,2,2
ctenoidean,Ctenoidean,2,2
cuban,Cuban,2,2
cubical,Cubical,2,2
cubit,Cubit,2,2
cuboid,Cuboid,2,2
cudbear,Cudbear,2,2
cudden,Cudden,2,2
cudgel,Cudgel,2,2
cuirassed,Cuirassed,2,2
cuisine,Cuisine,2,2
cull,Cull,2,2
cullet,Cullet,2,2
cullis,Cullis,2,2
culls,Culls,2,2
cully,Cully,2,2
culmen,Culmen,2,2
culmiferous,Culmiferous,2,2
culmination,Culmination,2,2
culpable,Culpable,2,2
culprit,Culprit,2,2
cult,Cult,2,2
cultivator,Cultivator,2,2
culturist,Culturist,2,2
culver,Culver,2,2
culverkey,Culverkey,2,2
cumber,Cumber,2,2
cumbersome,Cumbersome,2,2
cumbrous,Cumbrous,2,2
cumshaw,Cumshaw,2,2
cun,Cun,2,2
cunabula,Cunabula,2,2
cuneated,Cuneated,2,2
cunner,Cunner,2,2
cupbearer,Cupbearer,2,2
cupel,Cupel,2,2
cupidity,Cupidity,2,2
cupping,Cupping,2,2
cupule,Cupule,2,2
cur,Cur,2,2
curator,Curator,2,2
curatrix,Curatrix,2,2
curer,Curer,2,2
curfew,Curfew,2,2
curialistic,Curialistic,2,2
curing,Curing,2,2
curled,Curled,2,2
curler,Curler,2,2
currentness,Currentness,2,2
curricle,Curricle,2,2
curriculum,Curriculum,2,2
currycomb,Currycomb,2,2
cursed,Cursed,2,2
cursitor,Cursitor,2,2
cursores,Cursores,2,2
cursorial,Cursorial,2,2
cursory,Cursory,2,2
curtail,Curtail,2,2
curtal,Curtal,2,2
curule,Curule,2,2
curvature,Curvature,2,2
cuspidate,Cuspidate,2,2
customable,Customable,2,2
custrel,Custrel,2,2
cut-out,Cut-out,2,2
cutch,Cutch,2,2
cutlery,Cutlery,2,2
cutthroat,Cutthroat,2,2
cuttlefish,Cuttlefish,2,2
cuttystool,Cuttystool,2,2
cyanic,Cyanic,2,2
cyathophylloid,Cyathophylloid,2,2
cycling,Cycling,2,2
cycloganoid,Cycloganoid,2,2
cylindroid,Cylindroid,2,2
cyma,Cyma,2,2
cymric,Cymric,2,2
cynic,Cynic,2,2
cyprine,Cyprine,2,2
cyprinoid,Cyprinoid,2,2
cyrenaic,Cyrenaic,2,2
cystolith,Cystolith,2,2
czech,Czech,2,2
dabbler,Dabbler,2,2
dacian,Dacian,2,2
dactylar,Dactylar,2,2
dactylioglyph,Dactylioglyph,2,2
dactyliography,Dactyliography,2,2
dactyliology,Dactyliology,2,2
daddy longlegs,Daddy longlegs,2,2
dade,Dade,2,2
daedalian,Daedalian,2,2
daffodil,Daffodil,2,2
daft,Daft,2,2
daggle,Daggle,2,2
daggle-tail,Daggle-tail,2,2
dagon,Dagon,2,2
daint,Daint,2,2
daisy,Daisy,2,2
dale,Dale,2,2
dalmatic,Dalmatic,2,2
damageable,Damageable,2,2
damascene,Damascene,2,2
damasse,Damasse,2,2
dammara,Dammara,2,2
damnable,Damnable,2,2
damnably,Damnably,2,2
damning,Damning,2,2
dampy,Dampy,2,2
dan,Dan,2,2
dancing,Dancing,2,2
dandified,Dandified,2,2
dandiprat,Dandiprat,2,2
dangle,Dangle,2,2
danish,Danish,2,2
danite,Danite,2,2
daphne,Daphne,2,2
daphnin,Daphnin,2,2
dappled,Dappled,2,2
darkening,Darkening,2,2
darkly,Darkly,2,2
darling,Darling,2,2
darrain,Darrain,2,2
darwinian,Darwinian,2,2
dashing,Dashing,2,2
datary,Datary,2,2
datum,Datum,2,2
daunt,Daunt,2,2
davit,Davit,2,2
day lily,Day lily,2,2
day-star,Day-star,2,2
daylight,Daylight,2,2
deadhead,Deadhead,2,2
deadlock,Deadlock,2,2
deadwood,Deadwood,2,2
deafen,Deafen,2,2
deafening,Deafening,2,2
deafly,Deafly,2,2
deafness,Deafness,2,2
dealer,Dealer,2,2
dealing,Dealing,2,2
deambulatory,Deambulatory,2,2
dearness,Dearness,2,2
deathful,Deathful,2,2
deathlike,Deathlike,2,2
deathly,Deathly,2,2
deaurate,Deaurate,2,2
debased,Debased,2,2
debating,Debating,2,2
debauched,Debauched,2,2
debauchery,Debauchery,2,2
debenture,Debenture,2,2
debris,Debris,2,2
decachordon,Decachordon,2,2
decamp,Decamp,2,2
decanter,Decanter,2,2
decapitate,Decapitate,2,2
decapoda,Decapoda,2,2
decastyle,Decastyle,2,2
decayed,Decayed,2,2
decease,Decease,2,2
deceased,Deceased,2,2
decedent,Decedent,2,2
deceit,Deceit,2,2
deceivable,Deceivable,2,2
deceivableness,Deceivableness,2,2
december,December,2,2
decempedal,Decempedal,2,2
decemvir,Decemvir,2,2
decemvirate,Decemvirate,2,2
decency,Decency,2,2
decennary,Decennary,2,2
decennial,Decennial,2,2
decern,Decern,2,2
decerption,Decerption,2,2
decimal,Decimal,2,2
decimosexto,Decimosexto,2,2
decisive,Decisive,2,2
decker,Decker,2,2
declamatory,Declamatory,2,2
declinator,Declinator,2,2
declined,Declined,2,2
declivity,Declivity,2,2
decoction,Decoction,2,2
decollated,Decollated,2,2
decollation,Decollation,2,2
decolorate,Decolorate,2,2
decompose,Decompose,2,2
decomposed,Decomposed,2,2
decomposite,Decomposite,2,2
decreasing,Decreasing,2,2
decrepitate,Decrepitate,2,2
decrescent,Decrescent,2,2
decretory,Decretory,2,2
decumbent,Decumbent,2,2
decumbiture,Decumbiture,2,2
dedicatory,Dedicatory,2,2
deducible,Deducible,2,2
deductible,Deductible,2,2
deepness,Deepness,2,2
deer,Deer,2,2
dees,Dees,2,2
deface,Deface,2,2
defacement,Defacement,2,2
defalcate,Defalcate,2,2
defaulter,Defaulter,2,2
defeature,Defeature,2,2
defecation,Defecation,2,2
defective,Defective,2,2
defensible,Defensible,2,2
defervescency,Defervescency,2,2
defilading,Defilading,2,2
defilement,Defilement,2,2
deflagrate,Deflagrate,2,2
deflagration,Deflagration,2,2
deflect,Deflect,2,2
defloration,Defloration,2,2
deforce,Deforce,2,2
deforcement,Deforcement,2,2
deforciant,Deforciant,2,2
deformation,Deformation,2,2
deformed,Deformed,2,2
deformity,Deformity,2,2
defoul,Defoul,2,2
defray,Defray,2,2
defunct,Defunct,2,2
degarnish,Degarnish,2,2
degeneracy,Degeneracy,2,2
dehiscence,Dehiscence,2,2
dehors,Dehors,2,2
deicide,Deicide,2,2
deified,Deified,2,2
deiform,Deiform,2,2
deity,Deity,2,2
dejected,Dejected,2,2
dejectory,Dejectory,2,2
delation,Delation,2,2
delegacy,Delegacy,2,2
deletery,Deletery,2,2
delftware,Delftware,2,2
deliberation,Deliberation,2,2
delicious,Delicious,2,2
deliciousness,Deliciousness,2,2
delighted,Delighted,2,2
delighting,Delighting,2,2
deline,Deline,2,2
delineation,Delineation,2,2
delineator,Delineator,2,2
delinquent,Delinquent,2,2
deliquate,Deliquate,2,2
deliquescent,Deliquescent,2,2
delirifacient,Delirifacient,2,2
delirium,Delirium,2,2
delitescence,Delitescence,2,2
deliverer,Deliverer,2,2
dell,Dell,2,2
delph,Delph,2,2
delphic,Delphic,2,2
delphine,Delphine,2,2
delphinic,Delphinic,2,2
delphinus,Delphinus,2,2
delude,Delude,2,2
demagnetize,Demagnetize,2,2
demain,Demain,2,2
demarch,Demarch,2,2
deme,Deme,2,2
demeanor,Demeanor,2,2
dement,Dement,2,2
dementate,Dementate,2,2
demersion,Demersion,2,2
demi-rilievo,Demi-rilievo,2,2
demilune,Demilune,2,2
demission,Demission,2,2
demissionary,Demissionary,2,2
demitint,Demitint,2,2
democrat,Democrat,2,2
demoniac,Demoniac,2,2
demoniacal,Demoniacal,2,2
demonize,Demonize,2,2
demonstrable,Demonstrable,2,2
demonstrator,Demonstrator,2,2
demster,Demster,2,2
demulcent,Demulcent,2,2
demurrage,Demurrage,2,2
demurrer,Demurrer,2,2
denaturalize,Denaturalize,2,2
denay,Denay,2,2
denier,Denier,2,2
denigrate,Denigrate,2,2
denigration,Denigration,2,2
denominate,Denominate,2,2
denote,Denote,2,2
denouement,Denouement,2,2
dense,Dense,2,2
dentary,Dentary,2,2
dentated,Dentated,2,2
dented,Dented,2,2
denticulation,Denticulation,2,2
dentilabial,Dentilabial,2,2
dentilingual,Dentilingual,2,2
dentition,Dentition,2,2
denudation,Denudation,2,2
deobstruent,Deobstruent,2,2
departer,Departer,2,2
depauperate,Depauperate,2,2
depilatory,Depilatory,2,2
deplete,Deplete,2,2
depletion,Depletion,2,2
depletive,Depletive,2,2
deploy,Deploy,2,2
deplumation,Deplumation,2,2
deplume,Deplume,2,2
depolarize,Depolarize,2,2
depopulate,Depopulate,2,2
deposer,Deposer,2,2
depository,Depository,2,2
deprave,Deprave,2,2
depreciate,Depreciate,2,2
depredate,Depredate,2,2
deprehend,Deprehend,2,2
depressomotor,Depressomotor,2,2
depressor,Depressor,2,2
depthless,Depthless,2,2
depurate,Depurate,2,2
depurative,Depurative,2,2
deputation,Deputation,2,2
deputy,Deputy,2,2
derainment,Derainment,2,2
deranged,Deranged,2,2
derby,Derby,2,2
dere,Dere,2,2
derision,Derision,2,2
derm,Derm,2,2
dermal,Dermal,2,2
dermic,Dermic,2,2
derogation,Derogation,2,2
descendant,Descendant,2,2
descendible,Descendible,2,2
descending,Descending,2,2
desiccant,Desiccant,2,2
desiccate,Desiccate,2,2
desiccative,Desiccative,2,2
desiccator,Desiccator,2,2
desiderata,Desiderata,2,2
designator,Designator,2,2
designment,Designment,2,2
desitive,Desitive,2,2
despairing,Despairing,2,2
desperation,Desperation,2,2
despond,Despond,2,2
despot,Despot,2,2
despotism,Despotism,2,2
desquamatory,Desquamatory,2,2
destinate,Destinate,2,2
destiny,Destiny,2,2
destructionist,Destructionist,2,2
destructive,Destructive,2,2
destructiveness,Destructiveness,2,2
detached,Detached,2,2
detective,Detective,2,2
detergent,Detergent,2,2
deteriorate,Deteriorate,2,2
determinately,Determinately,2,2
determinative,Determinative,2,2
determined,Determined,2,2
deterrent,Deterrent,2,2
detersive,Detersive,2,2
detest,Detest,2,2
detinue,Detinue,2,2
detonate,Detonate,2,2
detonating,Detonating,2,2
detraction,Detraction,2,2
detractive,Detractive,2,2
detritus,Detritus,2,2
deuteroscopy,Deuteroscopy,2,2
devastation,Devastation,2,2
developer,Developer,2,2
devex,Devex,2,2
deviate,Deviate,2,2
deviling,Deviling,2,2
devilish,Devilish,2,2
devilry,Devilry,2,2
devious,Devious,2,2
devirginate,Devirginate,2,2
devisable,Devisable,2,2
devolution,Devolution,2,2
devonian,Devonian,2,2
devoted,Devoted,2,2
devoutful,Devoutful,2,2
devoutly,Devoutly,2,2
devow,Devow,2,2
dewberry,Dewberry,2,2
dewlap,Dewlap,2,2
dexter,Dexter,2,2
dextrer,Dextrer,2,2
dextro-,Dextro-,2,2
dey,Dey,2,2
diabolism,Diabolism,2,2
diaconate,Diaconate,2,2
diagnostic,Diagnostic,2,2
dialect,Dialect,2,2
dialectical,Dialectical,2,2
diallage,Diallage,2,2
dialogist,Dialogist,2,2
dialyzed,Dialyzed,2,2
diamagnetic,Diamagnetic,2,2
diamagnetism,Diamagnetism,2,2
diametral,Diametral,2,2
diametrical,Diametrical,2,2
diamonded,Diamonded,2,2
diapente,Diapente,2,2
diaphoretic,Diaphoretic,2,2
diaphysis,Diaphysis,2,2
diapnoic,Diapnoic,2,2
diary,Diary,2,2
diastem,Diastem,2,2
diastole,Diastole,2,2
diatom,Diatom,2,2
diatomic,Diatomic,2,2
dibranchiate,Dibranchiate,2,2
dichromatic,Dichromatic,2,2
dicrotic,Dicrotic,2,2
dictation,Dictation,2,2
dictator,Dictator,2,2
dictatorial,Dictatorial,2,2
dictionary,Dictionary,2,2
dicyemid,Dicyemid,2,2
didactic,Didactic,2,2
diddle,Diddle,2,2
didelphian,Didelphian,2,2
didelphid,Didelphid,2,2
didelphous,Didelphous,2,2
dieresis,Dieresis,2,2
diesis,Diesis,2,2
dietary,Dietary,2,2
different,Different,2,2
diffidence,Diffidence,2,2
diffident,Diffident,2,2
diffused,Diffused,2,2
diffusible,Diffusible,2,2
diffusion,Diffusion,2,2
digastric,Digastric,2,2
digitain,Digitain,2,2
digitalis,Digitalis,2,2
digitate,Digitate,2,2
digitigrade,Digitigrade,2,2
dignified,Dignified,2,2
dihexagonal,Dihexagonal,2,2
diker,Diker,2,2
dilapidated,Dilapidated,2,2
dilation,Dilation,2,2
dilatory,Dilatory,2,2
dildo,Dildo,2,2
dilemma,Dilemma,2,2
dilettant,Dilettant,2,2
diligent,Diligent,2,2
dill,Dill,2,2
diluted,Diluted,2,2
diluvial,Diluvial,2,2
dimera,Dimera,2,2
dimeter,Dimeter,2,2
diminutival,Diminutival,2,2
dimness,Dimness,2,2
dimorphism,Dimorphism,2,2
dimorphous,Dimorphous,2,2
dimyarian,Dimyarian,2,2
dinar,Dinar,2,2
dingdong,Dingdong,2,2
dinghy,Dinghy,2,2
dining,Dining,2,2
dink,Dink,2,2
dinner,Dinner,2,2
diodon,Diodon,2,2
diodont,Diodont,2,2
dioecia,Dioecia,2,2
diorama,Diorama,2,2
dioxide,Dioxide,2,2
diphtheritic,Diphtheritic,2,2
diphyodont,Diphyodont,2,2
diplomate,Diplomate,2,2
diplomatic,Diplomatic,2,2
dipsas,Dipsas,2,2
dipteral,Dipteral,2,2
dipterous,Dipterous,2,2
dire,Dire,2,2
directive,Directive,2,2
directorial,Directorial,2,2
dirempt,Dirempt,2,2
dirigent,Dirigent,2,2
dis-,Dis-,2,2
disability,Disability,2,2
disaccord,Disaccord,2,2
disaffected,Disaffected,2,2
disaffection,Disaffection,2,2
disaffirm,Disaffirm,2,2
disaffirmance,Disaffirmance,2,2
disagreeable,Disagreeable,2,2
disanimate,Disanimate,2,2
disanimation,Disanimation,2,2
disappear,Disappear,2,2
disappoint,Disappoint,2,2
disappointed,Disappointed,2,2
disappointment,Disappointment,2,2
disapprove,Disapprove,2,2
disarm,Disarm,2,2
disarmed,Disarmed,2,2
disassent,Disassent,2,2
disastrous,Disastrous,2,2
disavow,Disavow,2,2
disbark,Disbark,2,2
disbench,Disbench,2,2
disburden,Disburden,2,2
disbursement,Disbursement,2,2
disc,Disc,2,2
discerning,Discerning,2,2
discernment,Discernment,2,2
discerp,Discerp,2,2
disciplinable,Disciplinable,2,2
disclosed,Disclosed,2,2
disclosure,Disclosure,2,2
discobolus,Discobolus,2,2
discoid,Discoid,2,2
discolor,Discolor,2,2
discoloration,Discoloration,2,2
discomfortable,Discomfortable,2,2
discommend,Discommend,2,2
discomposed,Discomposed,2,2
discomposure,Discomposure,2,2
discontented,Discontented,2,2
discontinuous,Discontinuous,2,2
discouragement,Discouragement,2,2
discouraging,Discouraging,2,2
discourser,Discourser,2,2
discoverer,Discoverer,2,2
discovert,Discovert,2,2
discoverture,Discoverture,2,2
discreet,Discreet,2,2
discrepant,Discrepant,2,2
discriminating,Discriminating,2,2
discriminative,Discriminative,2,2
discursive,Discursive,2,2
discussion,Discussion,2,2
discutient,Discutient,2,2
disdained,Disdained,2,2
diseased,Diseased,2,2
diseaseful,Diseaseful,2,2
disembark,Disembark,2,2
disembodied,Disembodied,2,2
disembody,Disembody,2,2
disembowel,Disembowel,2,2
disencrese,Disencrese,2,2
disengage,Disengage,2,2
disengaged,Disengaged,2,2
disengagement,Disengagement,2,2
disengaging,Disengaging,2,2
disentangle,Disentangle,2,2
disestablishment,Disestablishment,2,2
disfigure,Disfigure,2,2
disfigurement,Disfigurement,2,2
disforest,Disforest,2,2
disfurniture,Disfurniture,2,2
disguiser,Disguiser,2,2
disguising,Disguising,2,2
disgust,Disgust,2,2
disgusting,Disgusting,2,2
dishable,Dishable,2,2
dishing,Dishing,2,2
dishonorable,Dishonorable,2,2
dishumor,Dishumor,2,2
dishwasher,Dishwasher,2,2
disillusion,Disillusion,2,2
disimprove,Disimprove,2,2
disingenuous,Disingenuous,2,2
disinherit,Disinherit,2,2
disintegrate,Disintegrate,2,2
disintegration,Disintegration,2,2
disinter,Disinter,2,2
disjoin,Disjoin,2,2
disjointed,Disjointed,2,2
disjunct,Disjunct,2,2
disjuncttion,Disjuncttion,2,2
dislocate,Dislocate,2,2
dismal,Dismal,2,2
dismember,Dismember,2,2
disobedient,Disobedient,2,2
disobey,Disobey,2,2
disoblige,Disoblige,2,2
disorganization,Disorganization,2,2
disown,Disown,2,2
disparagement,Disparagement,2,2
disparate,Disparate,2,2
dispark,Dispark,2,2
dispassionate,Dispassionate,2,2
dispensable,Dispensable,2,2
dispensary,Dispensary,2,2
dispensatory,Dispensatory,2,2
dispersed,Dispersed,2,2
dispersion,Dispersion,2,2
dispirit,Dispirit,2,2
dispirited,Dispirited,2,2
displacer,Displacer,2,2
displant,Displant,2,2
displeasing,Displeasing,2,2
displode,Displode,2,2
dispositive,Dispositive,2,2
dispositor,Dispositor,2,2
dispossession,Dispossession,2,2
disposure,Disposure,2,2
dispraise,Dispraise,2,2
dispread,Dispread,2,2
disprofit,Disprofit,2,2
disprove,Disprove,2,2
dispunct,Dispunct,2,2
dispunge,Dispunge,2,2
disputable,Disputable,2,2
disputant,Disputant,2,2
disputation,Disputation,2,2
disqualification,Disqualification,2,2
disqualify,Disqualify,2,2
disrank,Disrank,2,2
disregard,Disregard,2,2
disrepute,Disrepute,2,2
disrespect,Disrespect,2,2
disrupt,Disrupt,2,2
dissect,Dissect,2,2
dissemblance,Dissemblance,2,2
dissembling,Dissembling,2,2
disseminate,Disseminate,2,2
disseminated,Disseminated,2,2
dissenter,Dissenter,2,2
dissentient,Dissentient,2,2
dissever,Dissever,2,2
dissident,Dissident,2,2
dissimilitude,Dissimilitude,2,2
dissimulate,Dissimulate,2,2
disslander,Disslander,2,2
dissociable,Dissociable,2,2
dissociation,Dissociation,2,2
dissoluble,Dissoluble,2,2
dissolute,Dissolute,2,2
dissolving,Dissolving,2,2
dissonance,Dissonance,2,2
dissonant,Dissonant,2,2
dissuade,Dissuade,2,2
dissuasion,Dissuasion,2,2
dissuasive,Dissuasive,2,2
distaff,Distaff,2,2
distal,Distal,2,2
distasteive,Distasteive,2,2
distemperate,Distemperate,2,2
distent,Distent,2,2
distention,Distention,2,2
distich,Distich,2,2
distillatory,Distillatory,2,2
distiller,Distiller,2,2
distillery,Distillery,2,2
distinctive,Distinctive,2,2
distinctly,Distinctly,2,2
distinctness,Distinctness,2,2
distinguishable,Distinguishable,2,2
distinguisher,Distinguisher,2,2
distinguishing,Distinguishing,2,2
distracted,Distracted,2,2
distracting,Distracting,2,2
distributing,Distributing,2,2
distrustful,Distrustful,2,2
distrusting,Distrusting,2,2
disturber,Disturber,2,2
disulphate,Disulphate,2,2
disvalue,Disvalue,2,2
disworship,Disworship,2,2
dithyrambic,Dithyrambic,2,2
ditionary,Ditionary,2,2
ditokous,Ditokous,2,2
ditrichotomous,Ditrichotomous,2,2
ditto,Ditto,2,2
diuretic,Diuretic,2,2
diurnation,Diurnation,2,2
diverge,Diverge,2,2
divergency,Divergency,2,2
diverging,Diverging,2,2
divers,Divers,2,2
diversely,Diversely,2,2
diversification,Diversification,2,2
diversified,Diversified,2,2
diversory,Diversory,2,2
diverticle,Diverticle,2,2
diverting,Diverting,2,2
divest,Divest,2,2
dividable,Dividable,2,2
dividend,Dividend,2,2
dividing,Dividing,2,2
divination,Divination,2,2
divinely,Divinely,2,2
diviner,Diviner,2,2
diving,Diving,2,2
divining,Divining,2,2
divisible,Divisible,2,2
divisive,Divisive,2,2
divulgate,Divulgate,2,2
dizen,Dizen,2,2
djerrid,Djerrid,2,2
dobber,Dobber,2,2
dobbin,Dobbin,2,2
docile,Docile,2,2
docility,Docility,2,2
doctorate,Doctorate,2,2
doctrine,Doctrine,2,2
documental,Documental,2,2
dodder,Dodder,2,2
dodecastyle,Dodecastyle,2,2
dodman,Dodman,2,2
doe,Doe,2,2
doer,Doer,2,2
doeskin,Doeskin,2,2
dog-fox,Dog-fox,2,2
doggedness,Doggedness,2,2
dogger,Dogger,2,2
doggerel,Doggerel,2,2
dogmatical,Dogmatical,2,2
dogmatize,Dogmatize,2,2
dogsleep,Dogsleep,2,2
doily,Doily,2,2
doing,Doing,2,2
doit,Doit,2,2
dolly varden,Dolly Varden,2,2
dolman,Dolman,2,2
dolorous,Dolorous,2,2
dolt,Dolt,2,2
dom,Dom,2,2
domage,Domage,2,2
domestical,Domestical,2,2
domiciliate,Domiciliate,2,2
domify,Domify,2,2
dominant,Dominant,2,2
dominate,Dominate,2,2
domine,Domine,2,2
domineering,Domineering,2,2
dominican,Dominican,2,2
dominicide,Dominicide,2,2
dominie,Dominie,2,2
donee,Donee,2,2
donkey,Donkey,2,2
donor,Donor,2,2
doomsday,Doomsday,2,2
dorado,Dorado,2,2
dorian,Dorian,2,2
dormitive,Dormitive,2,2
dormitory,Dormitory,2,2
dorse,Dorse,2,2
dorsibranchiate,Dorsibranchiate,2,2
dorsiventral,Dorsiventral,2,2
dorsum,Dorsum,2,2
dosser,Dosser,2,2
dossil,Dossil,2,2
dotation,Dotation,2,2
doter,Doter,2,2
doting,Doting,2,2
dotted,Dotted,2,2
double first,Double first,2,2
double-charge,Double-charge,2,2
double-decker,Double-decker,2,2
double-ender,Double-ender,2,2
double-faced,Double-faced,2,2
double-handed,Double-handed,2,2
doubleness,Doubleness,2,2
doubler,Doubler,2,2
doublethreaded,Doublethreaded,2,2
doubly,Doubly,2,2
doubtable,Doubtable,2,2
doubting,Doubting,2,2
doubtless,Doubtless,2,2
douce,Douce,2,2
douceur,Douceur,2,2
douche,Douche,2,2
dough,Dough,2,2
dove's-foot,Dove's-foot,2,2
dow,Dow,2,2
dowager,Dowager,2,2
dowdy,Dowdy,2,2
downcome,Downcome,2,2
downfall,Downfall,2,2
downstairs,Downstairs,2,2
dowser,Dowser,2,2
dowset,Dowset,2,2
drabbish,Drabbish,2,2
drabble,Drabble,2,2
dracunculus,Dracunculus,2,2
draggle,Draggle,2,2
draglink,Draglink,2,2
dragonet,Dragonet,2,2
draining,Draining,2,2
drastic,Drastic,2,2
draughts,Draughts,2,2
drave,Drave,2,2
drawback,Drawback,2,2
drawbar,Drawbar,2,2
drawgear,Drawgear,2,2
drawing-room,Drawing-room,2,2
drawknife,Drawknife,2,2
drawling,Drawling,2,2
drawloom,Drawloom,2,2
drayage,Drayage,2,2
dreadly,Dreadly,2,2
dreadnaught,Dreadnaught,2,2
dreamer,Dreamer,2,2
drear,Drear,2,2
dreariness,Dreariness,2,2
dreary,Dreary,2,2
drecche,Drecche,2,2
drencher,Drencher,2,2
drest,Drest,2,2
drew,Drew,2,2
dribbing,Dribbing,2,2
dried,Dried,2,2
driftage,Driftage,2,2
driftwood,Driftwood,2,2
driven,Driven,2,2
dropsical,Dropsical,2,2
dropt,Dropt,2,2
droughty,Droughty,2,2
drover,Drover,2,2
drub,Drub,2,2
drudger,Drudger,2,2
drugget,Drugget,2,2
druid,Druid,2,2
drumble,Drumble,2,2
drumhead,Drumhead,2,2
drumming,Drumming,2,2
drumstick,Drumstick,2,2
drunkenness,Drunkenness,2,2
druse,Druse,2,2
dualist,Dualist,2,2
dubber,Dubber,2,2
ducker,Ducker,2,2
ducking,Ducking,2,2
ductile,Ductile,2,2
ductility,Ductility,2,2
ductor,Ductor,2,2
duds,Duds,2,2
duel,Duel,2,2
duff,Duff,2,2
duffer,Duffer,2,2
dukedom,Dukedom,2,2
dulcet,Dulcet,2,2
dulcified,Dulcified,2,2
dulcify,Dulcify,2,2
dulcimer,Dulcimer,2,2
dullard,Dullard,2,2
duller,Duller,2,2
dumous,Dumous,2,2
dumpage,Dumpage,2,2
dumpy,Dumpy,2,2
dunbird,Dunbird,2,2
dungeon,Dungeon,2,2
dunghill,Dunghill,2,2
duodecimo,Duodecimo,2,2
dupe,Dupe,2,2
duplication,Duplication,2,2
duplicative,Duplicative,2,2
dure,Dure,2,2
durity,Durity,2,2
durst,Durst,2,2
dusty,Dusty,2,2
duteous,Duteous,2,2
dutiful,Dutiful,2,2
dwelling,Dwelling,2,2
dwelt,Dwelt,2,2
dyeing,Dyeing,2,2
dynameter,Dynameter,2,2
dynamical,Dynamical,2,2
dynast,Dynast,2,2
dynasty,Dynasty,2,2
dyspeptic,Dyspeptic,2,2
each,Each,2,2
eagerness,Eagerness,2,2
eardrop,Eardrop,2,2
earl,Earl,2,2
earldom,Earldom,2,2
earning,Earning,2,2
earthborn,Earthborn,2,2
earthquake,Earthquake,2,2
earthworm,Earthworm,2,2
east indian,East Indian,2,2
eastern,Eastern,2,2
eatable,Eatable,2,2
eavesdrop,Eavesdrop,2,2
ebony,Ebony,2,2
ecaudate,Ecaudate,2,2
ecclesia,Ecclesia,2,2
ecclesiast,Ecclesiast,2,2
ecclesiastic,Ecclesiastic,2,2
echidna,Echidna,2,2
echinoid,Echinoid,2,2
echometry,Echometry,2,2
eclat,Eclat,2,2
economics,Economics,2,2
economist,Economist,2,2
economize,Economize,2,2
economizer,Economizer,2,2
ecphractic,Ecphractic,2,2
ecstatical,Ecstatical,2,2
ecthlipsis,Ecthlipsis,2,2
ectoblast,Ectoblast,2,2
ectoderm,Ectoderm,2,2
edgy,Edgy,2,2
edible,Edible,2,2
edification,Edification,2,2
edifier,Edifier,2,2
edifying,Edifying,2,2
edition,Edition,2,2
editorial,Editorial,2,2
educated,Educated,2,2
edulcorant,Edulcorant,2,2
edulcorate,Edulcorate,2,2
edulcoration,Edulcoration,2,2
eelpout,Eelpout,2,2
eery,Eery,2,2
efface,Efface,2,2
effectually,Effectually,2,2
effeminately,Effeminately,2,2
effervesce,Effervesce,2,2
efficiency,Efficiency,2,2
efficient,Efficient,2,2
effigies,Effigies,2,2
efflorescent,Efflorescent,2,2
effluence,Effluence,2,2
effluent,Effluent,2,2
effluxion,Effluxion,2,2
effulge,Effulge,2,2
eger,Eger,2,2
egger,Egger,2,2
eggshell,Eggshell,2,2
eglantine,Eglantine,2,2
egoism,Egoism,2,2
egoist,Egoist,2,2
egrimony,Egrimony,2,2
eigne,Eigne,2,2
eject,Eject,2,2
ejectment,Ejectment,2,2
ejector,Ejector,2,2
el dorado,El Dorado,2,2
elaboration,Elaboration,2,2
elaboratory,Elaboratory,2,2
eland,Eland,2,2
elasmobranch,Elasmobranch,2,2
elasmobranchiate,Elasmobranchiate,2,2
elasticity,Elasticity,2,2
eldership,Eldership,2,2
eldest,Eldest,2,2
eleatic,Eleatic,2,2
elecampane,Elecampane,2,2
electer,Electer,2,2
electorate,Electorate,2,2
electrine,Electrine,2,2
electro-biology,Electro-biology,2,2
electro-dynamics,Electro-dynamics,2,2
electromotor,Electromotor,2,2
electroplating,Electroplating,2,2
electrotonic,Electrotonic,2,2
electrotype,Electrotype,2,2
electrotyping,Electrotyping,2,2
elegancy,Elegancy,2,2
elegant,Elegant,2,2
elemental,Elemental,2,2
elench,Elench,2,2
elephant,Elephant,2,2
elevated,Elevated,2,2
elfin,Elfin,2,2
elicit,Elicit,2,2
elide,Elide,2,2
eligible,Eligible,2,2
elison,Elison,2,2
elizabethan,Elizabethan,2,2
elk,Elk,2,2
ellipsis,Ellipsis,2,2
ellipsoid,Ellipsoid,2,2
elliptical,Elliptical,2,2
elliptically,Elliptically,2,2
elocation,Elocation,2,2
eloign,Eloign,2,2
elong,Elong,2,2
elops,Elops,2,2
eloquent,Eloquent,2,2
elsewhere,Elsewhere,2,2
elvish,Elvish,2,2
elysium,Elysium,2,2
elytrum,Elytrum,2,2
emaciation,Emaciation,2,2
emanation,Emanation,2,2
emasculation,Emasculation,2,2
embale,Embale,2,2
embanking,Embanking,2,2
embankment,Embankment,2,2
embar,Embar,2,2
embargo,Embargo,2,2
embarkation,Embarkation,2,2
embarrassment,Embarrassment,2,2
embassador,Embassador,2,2
embassage,Embassage,2,2
embattlement,Embattlement,2,2
embay,Embay,2,2
embellishment,Embellishment,2,2
ember,Ember,2,2
embezzle,Embezzle,2,2
embiotocoid,Embiotocoid,2,2
emblaze,Emblaze,2,2
emblazon,Emblazon,2,2
emblazoning,Emblazoning,2,2
embodiment,Embodiment,2,2
embody,Embody,2,2
emboil,Emboil,2,2
embolus,Embolus,2,2
embosom,Embosom,2,2
embossment,Embossment,2,2
embowel,Embowel,2,2
embower,Embower,2,2
embraid,Embraid,2,2
embrave,Embrave,2,2
embrocation,Embrocation,2,2
embroidery,Embroidery,2,2
embronze,Embronze,2,2
emendation,Emendation,2,2
emergency,Emergency,2,2
emergent,Emergent,2,2
emeril,Emeril,2,2
emeritus,Emeritus,2,2
emersion,Emersion,2,2
emetic,Emetic,2,2
emiction,Emiction,2,2
emigrate,Emigrate,2,2
emigration,Emigration,2,2
eminent,Eminent,2,2
emission,Emission,2,2
emit,Emit,2,2
emollient,Emollient,2,2
empalement,Empalement,2,2
empanel,Empanel,2,2
emphasis,Emphasis,2,2
emphatical,Emphatical,2,2
emphatically,Emphatically,2,2
empiric,Empiric,2,2
empirical,Empirical,2,2
emplastic,Emplastic,2,2
emplastration,Emplastration,2,2
employment,Employment,2,2
empoison,Empoison,2,2
emporium,Emporium,2,2
empower,Empower,2,2
emptier,Emptier,2,2
empyreal,Empyreal,2,2
empyrean,Empyrean,2,2
emulate,Emulate,2,2
emulation,Emulation,2,2
emulous,Emulous,2,2
emulsin,Emulsin,2,2
en-,En-,2,2
enable,Enable,2,2
enactment,Enactment,2,2
enaliosaurian,Enaliosaurian,2,2
enameled,Enameled,2,2
enantiopathy,Enantiopathy,2,2
encamp,Encamp,2,2
encampment,Encampment,2,2
encasement,Encasement,2,2
encaustic,Encaustic,2,2
encephaloid,Encephaloid,2,2
enchant,Enchant,2,2
enchanted,Enchanted,2,2
enchanting,Enchanting,2,2
encharge,Encharge,2,2
enclave,Enclave,2,2
enclitic,Enclitic,2,2
encomiastic,Encomiastic,2,2
encouragement,Encouragement,2,2
encouraging,Encouraging,2,2
encroach,Encroach,2,2
encumber,Encumber,2,2
encyclical,Encyclical,2,2
encystment,Encystment,2,2
endanger,Endanger,2,2
endear,Endear,2,2
endearing,Endearing,2,2
endemic,Endemic,2,2
endocardial,Endocardial,2,2
endoderm,Endoderm,2,2
endogenous,Endogenous,2,2
endolymphatic,Endolymphatic,2,2
endostome,Endostome,2,2
endow,Endow,2,2
endower,Endower,2,2
endue,Endue,2,2
endurance,Endurance,2,2
enduring,Enduring,2,2
endwise,Endwise,2,2
enemy,Enemy,2,2
energetical,Energetical,2,2
energical,Energical,2,2
energize,Energize,2,2
energizing,Energizing,2,2
enervate,Enervate,2,2
enervation,Enervation,2,2
enfeoff,Enfeoff,2,2
enfeoffment,Enfeoffment,2,2
enforced,Enforced,2,2
enfranchisement,Enfranchisement,2,2
engineering,Engineering,2,2
enginous,Enginous,2,2
engirt,Engirt,2,2
engle,Engle,2,2
englishism,Englishism,2,2
englishry,Englishry,2,2
englut,Englut,2,2
engore,Engore,2,2
engrailed,Engrailed,2,2
engrailment,Engrailment,2,2
engravement,Engravement,2,2
engrosser,Engrosser,2,2
engrossment,Engrossment,2,2
enigma,Enigma,2,2
enjoyment,Enjoyment,2,2
enkindle,Enkindle,2,2
enlarged,Enlarged,2,2
enlighten,Enlighten,2,2
enlistment,Enlistment,2,2
enliven,Enliven,2,2
enmity,Enmity,2,2
ennoble,Ennoble,2,2
ennoblement,Ennoblement,2,2
ennuye,Ennuye,2,2
enormity,Enormity,2,2
enormous,Enormous,2,2
enounce,Enounce,2,2
enrange,Enrange,2,2
enroll,Enroll,2,2
enrollment,Enrollment,2,2
ens,Ens,2,2
ensample,Ensample,2,2
enseam,Enseam,2,2
ensearch,Ensearch,2,2
ensemble,Ensemble,2,2
enshield,Enshield,2,2
ensphere,Ensphere,2,2
ensue,Ensue,2,2
ensure,Ensure,2,2
entangle,Entangle,2,2
entasis,Entasis,2,2
entender,Entender,2,2
entertaining,Entertaining,2,2
enthrone,Enthrone,2,2
enthusiastic,Enthusiastic,2,2
enticement,Enticement,2,2
enticing,Enticing,2,2
entirely,Entirely,2,2
entirety,Entirety,2,2
entomoid,Entomoid,2,2
entomology,Entomology,2,2
entomophagan,Entomophagan,2,2
entomostracan,Entomostracan,2,2
entoplasm,Entoplasm,2,2
entr'acte,Entr'acte,2,2
entrail,Entrail,2,2
entrails,Entrails,2,2
entrant,Entrant,2,2
entreaty,Entreaty,2,2
entree,Entree,2,2
entremets,Entremets,2,2
entwine,Entwine,2,2
envelopment,Envelopment,2,2
envenom,Envenom,2,2
environ,Environ,2,2
environment,Environment,2,2
envoy,Envoy,2,2
enwomb,Enwomb,2,2
eocene,Eocene,2,2
eolian,Eolian,2,2
epencephalic,Epencephalic,2,2
ephemerist,Ephemerist,2,2
ephippium,Ephippium,2,2
epibranchial,Epibranchial,2,2
epic,Epic,2,2
epicedian,Epicedian,2,2
epicene,Epicene,2,2
epicranium,Epicranium,2,2
epicure,Epicure,2,2
epicurism,Epicurism,2,2
epicurize,Epicurize,2,2
epicycle,Epicycle,2,2
epidemic,Epidemic,2,2
epidemical,Epidemical,2,2
epidermis,Epidermis,2,2
epigastric,Epigastric,2,2
epigene,Epigene,2,2
epigrammatical,Epigrammatical,2,2
epigraph,Epigraph,2,2
epilogue,Epilogue,2,2
epimeron,Epimeron,2,2
epiphany,Epiphany,2,2
epipharyngeal,Epipharyngeal,2,2
epiphora,Epiphora,2,2
epiphysis,Epiphysis,2,2
epiphyte,Epiphyte,2,2
epipodial,Epipodial,2,2
epipteric,Epipteric,2,2
epipterygoid,Epipterygoid,2,2
episcopal,Episcopal,2,2
episcopalian,Episcopalian,2,2
episcopize,Episcopize,2,2
episcopy,Episcopy,2,2
epispastic,Epispastic,2,2
epistler,Epistler,2,2
epistolary,Epistolary,2,2
epistome,Epistome,2,2
epitaphic,Epitaphic,2,2
epitasis,Epitasis,2,2
epitome,Epitome,2,2
epitomize,Epitomize,2,2
epode,Epode,2,2
eponyme,Eponyme,2,2
epulotic,Epulotic,2,2
equable,Equable,2,2
equator,Equator,2,2
equatorial,Equatorial,2,2
equerry,Equerry,2,2
equibalance,Equibalance,2,2
equilateral,Equilateral,2,2
equilibration,Equilibration,2,2
equimultiple,Equimultiple,2,2
equinox,Equinox,2,2
equip,Equip,2,2
equipment,Equipment,2,2
equipoise,Equipoise,2,2
equipollency,Equipollency,2,2
equipollent,Equipollent,2,2
equiponderate,Equiponderate,2,2
equitable,Equitable,2,2
equitant,Equitant,2,2
equivocate,Equivocate,2,2
equivoke,Equivoke,2,2
eradicate,Eradicate,2,2
eradication,Eradication,2,2
eradicative,Eradicative,2,2
erase,Erase,2,2
erebus,Erebus,2,2
erecto-patent,Erecto-patent,2,2
ergotism,Ergotism,2,2
ern,Ern,2,2
erose,Erose,2,2
erosion,Erosion,2,2
erotic,Erotic,2,2
errantry,Errantry,2,2
errata,Errata,2,2
erse,Erse,2,2
erst,Erst,2,2
erthine,Erthine,2,2
eructation,Eructation,2,2
ery,Ery,2,2
erythrite,Erythrite,2,2
erythrosin,Erythrosin,2,2
escalade,Escalade,2,2
escaloped,Escaloped,2,2
escapade,Escapade,2,2
escarp,Escarp,2,2
eschar,Eschar,2,2
escharotic,Escharotic,2,2
eschew,Eschew,2,2
esculent,Esculent,2,2
esential,Esential,2,2
espalier,Espalier,2,2
espial,Espial,2,2
espousal,Espousal,2,2
esquire,Esquire,2,2
essentiate,Essentiate,2,2
essoign,Essoign,2,2
estimative,Estimative,2,2
estoppel,Estoppel,2,2
estramacon,Estramacon,2,2
estray,Estray,2,2
estrich,Estrich,2,2
esurient,Esurient,2,2
esurine,Esurine,2,2
eternity,Eternity,2,2
eternize,Eternize,2,2
ethenyl,Ethenyl,2,2
etheostomoid,Etheostomoid,2,2
etherealize,Etherealize,2,2
ethereous,Ethereous,2,2
etherization,Etherization,2,2
etherize,Etherize,2,2
ethiopian,Ethiopian,2,2
ethiopic,Ethiopic,2,2
ethmoidal,Ethmoidal,2,2
ethmotrubinal,Ethmotrubinal,2,2
ethnical,Ethnical,2,2
ethology,Ethology,2,2
etiolated,Etiolated,2,2
etiolation,Etiolation,2,2
etrurian,Etrurian,2,2
etruscan,Etruscan,2,2
etude,Etude,2,2
etymologize,Etymologize,2,2
etymology,Etymology,2,2
etymon,Etymon,2,2
eucharist,Eucharist,2,2
eucharistical,Eucharistical,2,2
eugenic,Eugenic,2,2
eunomian,Eunomian,2,2
eunuch,Eunuch,2,2
euplastic,Euplastic,2,2
european,European,2,2
euryale,Euryale,2,2
eurythmy,Eurythmy,2,2
eustachian,Eustachian,2,2
euterpe,Euterpe,2,2
evacuant,Evacuant,2,2
evanescent,Evanescent,2,2
evangelize,Evangelize,2,2
eve,Eve,2,2
evener,Evener,2,2
eventilate,Eventilate,2,2
eventuality,Eventuality,2,2
everlasting,Everlasting,2,2
everliving,Everliving,2,2
eversion,Eversion,2,2
evert,Evert,2,2
every,Every,2,2
evict,Evict,2,2
eviction,Eviction,2,2
evince,Evince,2,2
evoke,Evoke,2,2
evolutionist,Evolutionist,2,2
exacerbation,Exacerbation,2,2
exacting,Exacting,2,2
exaction,Exaction,2,2
exactness,Exactness,2,2
exaggerate,Exaggerate,2,2
exaggerated,Exaggerated,2,2
exaggerating,Exaggerating,2,2
exagitate,Exagitate,2,2
exalted,Exalted,2,2
examinant,Examinant,2,2
examination,Examination,2,2
examine,Examine,2,2
examining,Examining,2,2
exasperation,Exasperation,2,2
exauthorize,Exauthorize,2,2
excandescence,Excandescence,2,2
excellency,Excellency,2,2
excellently,Excellently,2,2
excelsior,Excelsior,2,2
excepting,Excepting,2,2
excerpt,Excerpt,2,2
excerption,Excerption,2,2
exchangeable,Exchangeable,2,2
excitability,Excitability,2,2
excitant,Excitant,2,2
excitation,Excitation,2,2
excite,Excite,2,2
exciting,Exciting,2,2
excitive,Excitive,2,2
exclaim,Exclaim,2,2
exclude,Exclude,2,2
excogitate,Excogitate,2,2
excoriation,Excoriation,2,2
excrement,Excrement,2,2
excretion,Excretion,2,2
excruciate,Excruciate,2,2
excruciating,Excruciating,2,2
excuser,Excuser,2,2
exeat,Exeat,2,2
execration,Execration,2,2
execrative,Execrative,2,2
execratory,Execratory,2,2
executioner,Executioner,2,2
executive,Executive,2,2
executory,Executory,2,2
exegesis,Exegesis,2,2
exequatur,Exequatur,2,2
exfoliative,Exfoliative,2,2
exhausting,Exhausting,2,2
exhilarant,Exhilarant,2,2
exhilarate,Exhilarate,2,2
exhilaration,Exhilaration,2,2
exhortation,Exhortation,2,2
exoccipital,Exoccipital,2,2
exodus,Exodus,2,2
exon,Exon,2,2
exorbitant,Exorbitant,2,2
exorcise,Exorcise,2,2
exorcism,Exorcism,2,2
exorcist,Exorcist,2,2
exostosis,Exostosis,2,2
exotic,Exotic,2,2
expanding,Expanding,2,2
expanse,Expanse,2,2
expatriate,Expatriate,2,2
expectancy,Expectancy,2,2
expectative,Expectative,2,2
expectorant,Expectorant,2,2
expectorate,Expectorate,2,2
expectoration,Expectoration,2,2
expediently,Expediently,2,2
expenditure,Expenditure,2,2
expensive,Expensive,2,2
experienced,Experienced,2,2
experiencer,Experiencer,2,2
experimental,Experimental,2,2
experimentarian,Experimentarian,2,2
expletive,Expletive,2,2
explication,Explication,2,2
exploder,Exploder,2,2
exploiture,Exploiture,2,2
exploration,Exploration,2,2
explore,Explore,2,2
exponent,Exponent,2,2
expostulate,Expostulate,2,2
expound,Expound,2,2
expressive,Expressive,2,2
expulsion,Expulsion,2,2
expunge,Expunge,2,2
exrerience,Exrerience,2,2
exsanguious,Exsanguious,2,2
exsect,Exsect,2,2
exsiccant,Exsiccant,2,2
extemporary,Extemporary,2,2
extemporize,Extemporize,2,2
extendible,Extendible,2,2
extensive,Extensive,2,2
extermination,Extermination,2,2
externalism,Externalism,2,2
externality,Externality,2,2
exterritoriality,Exterritoriality,2,2
extinction,Extinction,2,2
extinguish,Extinguish,2,2
extinguishment,Extinguishment,2,2
extol,Extol,2,2
extra,Extra,2,2
extraditable,Extraditable,2,2
extrastapedial,Extrastapedial,2,2
extraterritoriality,Extraterritoriality,2,2
extravagance,Extravagance,2,2
extravaganza,Extravaganza,2,2
extravascular,Extravascular,2,2
extricate,Extricate,2,2
extrication,Extrication,2,2
extrinsic,Extrinsic,2,2
exude,Exude,2,2
exulceration,Exulceration,2,2
exulting,Exulting,2,2
exuviae,Exuviae,2,2
ey,Ey,2,2
eyas,Eyas,2,2
eye-spot,Eye-spot,2,2
eyed,Eyed,2,2
eyelash,Eyelash,2,2
eyelet,Eyelet,2,2
eyen,Eyen,2,2
eyestone,Eyestone,2,2
f,F,2,2
fa,Fa,2,2
fabrication,Fabrication,2,2
fabulosity,Fabulosity,2,2
fabulous,Fabulous,2,2
faced,Faced,2,2
faceted,Faceted,2,2
facetious,Facetious,2,2
facsimile,Facsimile,2,2
factious,Factious,2,2
factitive,Factitive,2,2
factoring,Factoring,2,2
factorize,Factorize,2,2
facture,Facture,2,2
faddle,Faddle,2,2
faded,Faded,2,2
fadge,Fadge,2,2
fagend,Fagend,2,2
fagging,Fagging,2,2
fahlband,Fahlband,2,2
fahrenheit,Fahrenheit,2,2
faineant,Faineant,2,2
fainting,Fainting,2,2
fair-weather,Fair-weather,2,2
falchion,Falchion,2,2
falconry,Falconry,2,2
fallacy,Fallacy,2,2
fallen,Fallen,2,2
faller,Faller,2,2
falling,Falling,2,2
falsity,Falsity,2,2
famble,Famble,2,2
familiarity,Familiarity,2,2
familiarize,Familiarize,2,2
fanatic,Fanatic,2,2
fancied,Fancied,2,2
fancier,Fancier,2,2
fandango,Fandango,2,2
fane,Fane,2,2
fanfoot,Fanfoot,2,2
fangle,Fangle,2,2
fanion,Fanion,2,2
fanlike,Fanlike,2,2
fanner,Fanner,2,2
fantail,Fantail,2,2
farcical,Farcical,2,2
farcing,Farcing,2,2
fard,Fard,2,2
fardel,Fardel,2,2
farfetch,Farfetch,2,2
farfetched,Farfetched,2,2
farina,Farina,2,2
farinose,Farinose,2,2
farrier,Farrier,2,2
farrow,Farrow,2,2
farseeing,Farseeing,2,2
farsighted,Farsighted,2,2
farsightedness,Farsightedness,2,2
farthest,Farthest,2,2
fascial,Fascial,2,2
fasciculus,Fasciculus,2,2
fascinate,Fascinate,2,2
faser,Faser,2,2
fash,Fash,2,2
fashioned,Fashioned,2,2
fastening,Fastening,2,2
fasti,Fasti,2,2
fatally,Fatally,2,2
fateful,Fateful,2,2
fathead,Fathead,2,2
fatherless,Fatherless,2,2
fatherly,Fatherly,2,2
fathomless,Fathomless,2,2
fatigate,Fatigate,2,2
fatimide,Fatimide,2,2
fatuous,Fatuous,2,2
faucet,Faucet,2,2
faulting,Faulting,2,2
faulty,Faulty,2,2
fauteuil,Fauteuil,2,2
favoring,Favoring,2,2
favorless,Favorless,2,2
favose,Favose,2,2
favus,Favus,2,2
fealty,Fealty,2,2
fearnaught,Fearnaught,2,2
fearsome,Fearsome,2,2
feasible,Feasible,2,2
feaster,Feaster,2,2
feather-edge/,Feather-edge/,2,2
feathering,Feathering,2,2
featured,Featured,2,2
febrifacient,Febrifacient,2,2
febrifuge,Febrifuge,2,2
feculence,Feculence,2,2
fecundate,Fecundate,2,2
fed,Fed,2,2
federation,Federation,2,2
feet,Feet,2,2
feigned,Feigned,2,2
feigning,Feigning,2,2
feline,Feline,2,2
feller,Feller,2,2
fellow-feeling,Fellow-feeling,2,2
felly,Felly,2,2
femininity,Femininity,2,2
femur,Femur,2,2
fenestrate,Fenestrate,2,2
fenestration,Fenestration,2,2
fenian,Fenian,2,2
feodary,Feodary,2,2
feoff,Feoff,2,2
feral,Feral,2,2
ferine,Ferine,2,2
ferly,Ferly,2,2
fermentation,Fermentation,2,2
ferrarese,Ferrarese,2,2
ferruginous,Ferruginous,2,2
ferrule,Ferrule,2,2
fertilization,Fertilization,2,2
fertilize,Fertilize,2,2
fertilizer,Fertilizer,2,2
ferula,Ferula,2,2
ferule,Ferule,2,2
fervent,Fervent,2,2
fervid,Fervid,2,2
fervor,Fervor,2,2
fescennine,Fescennine,2,2
fest,Fest,2,2
festivity,Festivity,2,2
fette,Fette,2,2
fettling,Fettling,2,2
feudal,Feudal,2,2
fewness,Fewness,2,2
fiance,Fiance,2,2
fiar,Fiar,2,2
fibroid,Fibroid,2,2
fidiciary,Fidiciary,2,2
fiducial,Fiducial,2,2
fiduciary,Fiduciary,2,2
fielded,Fielded,2,2
fielding,Fielding,2,2
fife,Fife,2,2
figeater,Figeater,2,2
figural,Figural,2,2
figuration,Figuration,2,2
figurehead,Figurehead,2,2
fijian,Fijian,2,2
filature,Filature,2,2
filial,Filial,2,2
filiation,Filiation,2,2
filicoid,Filicoid,2,2
filigree,Filigree,2,2
filing,Filing,2,2
filler,Filler,2,2
fillister,Fillister,2,2
filly,Filly,2,2
filth,Filth,2,2
filthiness,Filthiness,2,2
filtrate,Filtrate,2,2
fimbria,Fimbria,2,2
fimbriate,Fimbriate,2,2
fimbricate,Fimbricate,2,2
fin-footed,Fin-footed,2,2
finality,Finality,2,2
finally,Finally,2,2
finance,Finance,2,2
finedrawn,Finedrawn,2,2
fineer,Fineer,2,2
finfish,Finfish,2,2
finished,Finished,2,2
finisher,Finisher,2,2
finned,Finned,2,2
finnish,Finnish,2,2
finns,Finns,2,2
finny,Finny,2,2
fireball,Fireball,2,2
firebrand,Firebrand,2,2
fireman,Fireman,2,2
firestone,Firestone,2,2
fireweed,Fireweed,2,2
firework,Firework,2,2
firkin,Firkin,2,2
firmless,Firmless,2,2
first-rate,First-rate,2,2
fisher,Fisher,2,2
fisherman,Fisherman,2,2
fishes,Fishes,2,2
fishhook,Fishhook,2,2
fishskin,Fishskin,2,2
fishy,Fishy,2,2
fissiped,Fissiped,2,2
fissure,Fissure,2,2
fisticuff,Fisticuff,2,2
fistulous,Fistulous,2,2
fitchy,Fitchy,2,2
fives,Fives,2,2
fixedness,Fixedness,2,2
fixity,Fixity,2,2
fizz,Fizz,2,2
flagrancy,Flagrancy,2,2
flail,Flail,2,2
flam,Flam,2,2
flanch,Flanch,2,2
flanged,Flanged,2,2
flapjack,Flapjack,2,2
flat-footed,Flat-footed,2,2
flathead,Flathead,2,2
flattering,Flattering,2,2
flavored,Flavored,2,2
flawy,Flawy,2,2
flax,Flax,2,2
flea,Flea,2,2
flea-bite,Flea-bite,2,2
flea-bitten,Flea-bitten,2,2
flection,Flection,2,2
fled,Fled,2,2
fleeting,Fleeting,2,2
flemish,Flemish,2,2
flesher,Flesher,2,2
fleshing,Fleshing,2,2
fleshpot,Fleshpot,2,2
fleur-de-lis,Fleur-de-lis,2,2
flew,Flew,2,2
flex,Flex,2,2
flick,Flick,2,2
flidge,Flidge,2,2
flier,Flier,2,2
flighted,Flighted,2,2
flighty,Flighty,2,2
flintlock,Flintlock,2,2
flip,Flip,2,2
flip-flap,Flip-flap,2,2
flipper,Flipper,2,2
flisk,Flisk,2,2
flix,Flix,2,2
floater,Floater,2,2
floccose,Floccose,2,2
flocculate,Flocculate,2,2
flocculent,Flocculent,2,2
flogger,Flogger,2,2
flogging,Flogging,2,2
flon,Flon,2,2
flora,Flora,2,2
floral,Floral,2,2
florence,Florence,2,2
floret,Floret,2,2
florida bean,Florida bean,2,2
florist,Florist,2,2
flotage,Flotage,2,2
flotation,Flotation,2,2
flote,Flote,2,2
floured,Floured,2,2
flowery,Flowery,2,2
fluid,Fluid,2,2
flukan,Flukan,2,2
flummery,Flummery,2,2
flung,Flung,2,2
flurried,Flurried,2,2
flusher,Flusher,2,2
fluter,Fluter,2,2
fluting,Fluting,2,2
fluxionary,Fluxionary,2,2
fluxure,Fluxure,2,2
flyblow,Flyblow,2,2
flyboat,Flyboat,2,2
flying,Flying,2,2
flyspeck,Flyspeck,2,2
flytrap,Flytrap,2,2
fodient,Fodient,2,2
foggy,Foggy,2,2
fol'io,Fol'io,2,2
foliature,Foliature,2,2
folious,Folious,2,2
folium,Folium,2,2
folkmote,Folkmote,2,2
follicular,Follicular,2,2
fondly,Fondly,2,2
fondness,Fondness,2,2
fontanel,Fontanel,2,2
foolery,Foolery,2,2
foolfish,Foolfish,2,2
foolishness,Foolishness,2,2
football,Football,2,2
footpace,Footpace,2,2
footrope,Footrope,2,2
footstall,Footstall,2,2
footstep,Footstep,2,2
footy,Footy,2,2
foppery,Foppery,2,2
foraminiferous,Foraminiferous,2,2
foray,Foray,2,2
forbade,Forbade,2,2
forbearance,Forbearance,2,2
forbearing,Forbearing,2,2
forbidden,Forbidden,2,2
forbidding,Forbidding,2,2
forbore,Forbore,2,2
forborne,Forborne,2,2
force pump,Force pump,2,2
forced,Forced,2,2
forceps,Forceps,2,2
fordo,Fordo,2,2
forearm,Forearm,2,2
foreboding,Foreboding,2,2
foredeem,Foredeem,2,2
foredoom,Foredoom,2,2
forefoot,Forefoot,2,2
forejudge,Forejudge,2,2
forel,Forel,2,2
forelay,Forelay,2,2
forelock,Forelock,2,2
forename,Forename,2,2
forensic,Forensic,2,2
forepossessed,Forepossessed,2,2
forereach,Forereach,2,2
foreright,Foreright,2,2
forerun,Forerun,2,2
foreshorten,Foreshorten,2,2
foreside,Foreside,2,2
foreslow,Foreslow,2,2
forespent,Forespent,2,2
forestage,Forestage,2,2
foretell,Foretell,2,2
forethought,Forethought,2,2
foretoken,Foretoken,2,2
forever,Forever,2,2
forewit,Forewit,2,2
forewot,Forewot,2,2
forfeiture,Forfeiture,2,2
forgave,Forgave,2,2
forger,Forger,2,2
forget,Forget,2,2
forgiveness,Forgiveness,2,2
forgiving,Forgiving,2,2
forgot,Forgot,2,2
forgotten,Forgotten,2,2
forisfamiliate,Forisfamiliate,2,2
forkbeard,Forkbeard,2,2
forktail,Forktail,2,2
forlore,Forlore,2,2
formicid,Formicid,2,2
forming,Forming,2,2
formyl,Formyl,2,2
fornicated,Fornicated,2,2
fornix,Fornix,2,2
forray,Forray,2,2
forsake,Forsake,2,2
forslow,Forslow,2,2
forspeak,Forspeak,2,2
forswore,Forswore,2,2
forsworn,Forsworn,2,2
forthgoing,Forthgoing,2,2
forthwith,Forthwith,2,2
fortification,Fortification,2,2
fortitude,Fortitude,2,2
fortnightly,Fortnightly,2,2
fortress,Fortress,2,2
fortuitous,Fortuitous,2,2
fortunate,Fortunate,2,2
forum,Forum,2,2
fosse,Fosse,2,2
fossette,Fossette,2,2
fossilism,Fossilism,2,2
fossilized,Fossilized,2,2
fother,Fother,2,2
fought,Fought,2,2
founding,Founding,2,2
foundry,Foundry,2,2
fount,Fount,2,2
four-in-hand,Four-in-hand,2,2
four-o'clock,Four-o'clock,2,2
fourgon,Fourgon,2,2
fourhanded,Fourhanded,2,2
fourling,Fourling,2,2
fourpence,Fourpence,2,2
fourscore,Fourscore,2,2
foxfish,Foxfish,2,2
foy,Foy,2,2
foyer,Foyer,2,2
fra,Fra,2,2
fractional,Fractional,2,2
fragmentak,Fragmentak,2,2
fragmentary,Fragmentary,2,2
fragor,Fragor,2,2
frailty,Frailty,2,2
framework,Framework,2,2
franciscan,Franciscan,2,2
frangipane,Frangipane,2,2
franking,Franking,2,2
frankpledge,Frankpledge,2,2
frap,Frap,2,2
fraternize,Fraternize,2,2
fratricelli,Fratricelli,2,2
fratricide,Fratricide,2,2
fraughting,Fraughting,2,2
fraying,Fraying,2,2
freak,Freak,2,2
freaking,Freaking,2,2
freckled,Freckled,2,2
free will,Free will,2,2
freebooting,Freebooting,2,2
freeman,Freeman,2,2
freestone,Freestone,2,2
freethinking,Freethinking,2,2
freezing,Freezing,2,2
frenum,Frenum,2,2
frequence,Frequence,2,2
frequency,Frequency,2,2
frequentative,Frequentative,2,2
freshet,Freshet,2,2
frett,Frett,2,2
fricace,Fricace,2,2
fricative,Fricative,2,2
fried,Fried,2,2
friending,Friending,2,2
friendship,Friendship,2,2
friesic,Friesic,2,2
frigate,Frigate,2,2
frightful,Frightful,2,2
frilled,Frilled,2,2
fringed,Fringed,2,2
frisian,Frisian,2,2
fritillary,Fritillary,2,2
fritting,Fritting,2,2
frivolous,Frivolous,2,2
frizzle,Frizzle,2,2
fro,Fro,2,2
froe,Froe,2,2
frogbit,Frogbit,2,2
frondescence,Frondescence,2,2
frondose,Frondose,2,2
fronted,Fronted,2,2
frontignan,Frontignan,2,2
frory,Frory,2,2
frost-blite,Frost-blite,2,2
frostbite,Frostbite,2,2
frothing,Frothing,2,2
froze,Froze,2,2
fructify,Fructify,2,2
frugal,Frugal,2,2
frugality,Frugality,2,2
fruitage,Fruitage,2,2
fruitery,Fruitery,2,2
fruiting,Fruiting,2,2
fruitless,Fruitless,2,2
frumpish,Frumpish,2,2
frustum,Frustum,2,2
frutage,Frutage,2,2
frying,Frying,2,2
fub,Fub,2,2
fucoidal,Fucoidal,2,2
fucus,Fucus,2,2
fud,Fud,2,2
fuddle,Fuddle,2,2
fuegian,Fuegian,2,2
fugacious,Fugacious,2,2
fugacity,Fugacity,2,2
fugato,Fugato,2,2
fugleman,Fugleman,2,2
fulcrate,Fulcrate,2,2
fulfill,Fulfill,2,2
fulfillment,Fulfillment,2,2
fulguration,Fulguration,2,2
fuliginous,Fuliginous,2,2
full-blooded,Full-blooded,2,2
full-blown,Full-blown,2,2
full-bottomed,Full-bottomed,2,2
full-winged,Full-winged,2,2
fulling,Fulling,2,2
fulmine,Fulmine,2,2
fumer,Fumer,2,2
fumet,Fumet,2,2
fumigate,Fumigate,2,2
fumigation,Fumigation,2,2
fuming,Fuming,2,2
fumous,Fumous,2,2
funambulatory,Funambulatory,2,2
functional,Functional,2,2
fundament,Fundament,2,2
fundamental,Fundamental,2,2
fungian,Fungian,2,2
fungibles,Fungibles,2,2
fungous,Fungous,2,2
fungus,Fungus,2,2
funicle,Funicle,2,2
funnel,Funnel,2,2
funny,Funny,2,2
furious,Furious,2,2
furlough,Furlough,2,2
furriery,Furriery,2,2
furthest,Furthest,2,2
fusain,Fusain,2,2
fusilier,Fusilier,2,2
fusillade,Fusillade,2,2
fust,Fust,2,2
fusty,Fusty,2,2
futile,Futile,2,2
futility,Futility,2,2
futurist,Futurist,2,2
fuzzy,Fuzzy,2,2
g,G,2,2
gabber,Gabber,2,2
gabion,Gabion,2,2
gabionade,Gabionade,2,2
gadding,Gadding,2,2
gade,Gade,2,2
gaditanian,Gaditanian,2,2
gadling,Gadling,2,2
gadoid,Gadoid,2,2
gaelic,Gaelic,2,2
gaffer,Gaffer,2,2
gaffle,Gaffle,2,2
gagger,Gagger,2,2
gaggle,Gaggle,2,2
gainage,Gainage,2,2
gainsome,Gainsome,2,2
gait,Gait,2,2
galactic,Galactic,2,2
galaxy,Galaxy,2,2
galeated,Galeated,2,2
galena,Galena,2,2
galenical,Galenical,2,2
galician,Galician,2,2
galiot,Galiot,2,2
gallantly,Gallantly,2,2
gallican,Gallican,2,2
gallimaufry,Gallimaufry,2,2
galling,Galling,2,2
galloon,Galloon,2,2
galloper,Galloper,2,2
galloping,Galloping,2,2
gally,Gally,2,2
galvanism,Galvanism,2,2
galvanography,Galvanography,2,2
gambier,Gambier,2,2
gamble,Gamble,2,2
gambol,Gambol,2,2
gaming,Gaming,2,2
gamy,Gamy,2,2
gan,Gan,2,2
gangrene,Gangrene,2,2
gantlet,Gantlet,2,2
garbage,Garbage,2,2
garbel,Garbel,2,2
gardening,Gardening,2,2
garfish,Garfish,2,2
garibaldi,Garibaldi,2,2
garish,Garish,2,2
garlic,Garlic,2,2
garner,Garner,2,2
garnet,Garnet,2,2
garret,Garret,2,2
garrot,Garrot,2,2
garrote,Garrote,2,2
garrulous,Garrulous,2,2
gascon,Gascon,2,2
gasconade,Gasconade,2,2
gaseous,Gaseous,2,2
gash,Gash,2,2
gasify,Gasify,2,2
gaslight,Gaslight,2,2
gasogen,Gasogen,2,2
gassing,Gassing,2,2
gastromancy,Gastromancy,2,2
gastrula,Gastrula,2,2
gat,Gat,2,2
gatepost,Gatepost,2,2
gatherer,Gatherer,2,2
gauche,Gauche,2,2
gauged,Gauged,2,2
gaul,Gaul,2,2
gauntry,Gauntry,2,2
gauze,Gauze,2,2
gave,Gave,2,2
gavelock,Gavelock,2,2
gayety,Gayety,2,2
gayly,Gayly,2,2
gazel,Gazel,2,2
gazette,Gazette,2,2
geese,Geese,2,2
gelatinate,Gelatinate,2,2
geldable,Geldable,2,2
gelsemium,Gelsemium,2,2
geminate,Geminate,2,2
gemma,Gemma,2,2
gemmary,Gemmary,2,2
gemmation,Gemmation,2,2
gemmiferous,Gemmiferous,2,2
gemmy,Gemmy,2,2
gena,Gena,2,2
gendarme,Gendarme,2,2
genealogy,Genealogy,2,2
generalization,Generalization,2,2
generalized,Generalized,2,2
generical,Generical,2,2
genesis,Genesis,2,2
genette,Genette,2,2
geneva,Geneva,2,2
genevese,Genevese,2,2
genially,Genially,2,2
geniculate,Geniculate,2,2
geniculated,Geniculated,2,2
geniculation,Geniculation,2,2
genitive,Genitive,2,2
genitor,Genitor,2,2
genoese,Genoese,2,2
genouillere,Genouillere,2,2
gens,Gens,2,2
gent,Gent,2,2
gentilism,Gentilism,2,2
gentilitious,Gentilitious,2,2
gentlewoman,Gentlewoman,2,2
genu,Genu,2,2
genus,Genus,2,2
geocentrical,Geocentrical,2,2
geocyclic,Geocyclic,2,2
geode,Geode,2,2
geodesic,Geodesic,2,2
geography,Geography,2,2
geology,Geology,2,2
geometer,Geometer,2,2
geometrid,Geometrid,2,2
geometry,Geometry,2,2
george,George,2,2
georgic,Georgic,2,2
geranine,Geranine,2,2
geranium,Geranium,2,2
germanism,Germanism,2,2
germanize,Germanize,2,2
germicide,Germicide,2,2
germinal,Germinal,2,2
germinate,Germinate,2,2
germogen,Germogen,2,2
gerund,Gerund,2,2
gerundive,Gerundive,2,2
gestatory,Gestatory,2,2
gestic,Gestic,2,2
gesticulate,Gesticulate,2,2
gewgaw,Gewgaw,2,2
gibber,Gibber,2,2
gibberish,Gibberish,2,2
gibbous,Gibbous,2,2
gibstaff,Gibstaff,2,2
gie,Gie,2,2
gigantic,Gigantic,2,2
giggle,Giggle,2,2
giggot,Giggot,2,2
giglot,Giglot,2,2
gilbbery,Gilbbery,2,2
gilder,Gilder,2,2
gillyflower,Gillyflower,2,2
gilt-edged,Gilt-edged,2,2
gimmal,Gimmal,2,2
ginger,Ginger,2,2
ginning,Ginning,2,2
gip,Gip,2,2
girding,Girding,2,2
girdlestead,Girdlestead,2,2
girondist,Girondist,2,2
gise,Gise,2,2
gist,Gist,2,2
gittern,Gittern,2,2
glabella,Glabella,2,2
glacial,Glacial,2,2
gladden,Gladden,2,2
gladiator,Gladiator,2,2
gladiolus,Gladiolus,2,2
gladly,Gladly,2,2
gladsome,Gladsome,2,2
glaive,Glaive,2,2
glaring,Glaring,2,2
glasseye,Glasseye,2,2
glassful,Glassful,2,2
glaucine,Glaucine,2,2
glaucous,Glaucous,2,2
glaver,Glaver,2,2
glazer,Glazer,2,2
gleaner,Gleaner,2,2
gleaning,Gleaning,2,2
glede,Glede,2,2
gley,Gley,2,2
gliff,Gliff,2,2
glim,Glim,2,2
glister,Glister,2,2
gloaming,Gloaming,2,2
globeflower,Globeflower,2,2
glomerate,Glomerate,2,2
glomeration,Glomeration,2,2
glomerule,Glomerule,2,2
glonoine,Glonoine,2,2
glooming,Glooming,2,2
gloomy,Gloomy,2,2
gloried,Gloried,2,2
glorification,Glorification,2,2
glorify,Glorify,2,2
glosser,Glosser,2,2
glossology,Glossology,2,2
glossy,Glossy,2,2
glout,Glout,2,2
glowlamp,Glowlamp,2,2
glue,Glue,2,2
glunch,Glunch,2,2
glutin,Glutin,2,2
glutinous,Glutinous,2,2
glycol,Glycol,2,2
glyconic,Glyconic,2,2
glycyrrhiza,Glycyrrhiza,2,2
glyptic,Glyptic,2,2
gnar,Gnar,2,2
gnarl,Gnarl,2,2
gnarled,Gnarled,2,2
gnash,Gnash,2,2
gnat,Gnat,2,2
gnawer,Gnawer,2,2
gnomical,Gnomical,2,2
goad,Goad,2,2
goatskin,Goatskin,2,2
goaves,Goaves,2,2
gobbet,Gobbet,2,2
gobbing,Gobbing,2,2
gobioid,Gobioid,2,2
goddess,Goddess,2,2
godfather,Godfather,2,2
godly,Godly,2,2
goff,Goff,2,2
goggle-eye,Goggle-eye,2,2
goggled,Goggled,2,2
goldfish,Goldfish,2,2
goldie,Goldie,2,2
goldsmith,Goldsmith,2,2
golet,Golet,2,2
goltschut,Goltschut,2,2
gome,Gome,2,2
gomer,Gomer,2,2
gon,Gon,2,2
gone,Gone,2,2
gonfanon,Gonfanon,2,2
gonidial,Gonidial,2,2
gonidium,Gonidium,2,2
gonophore,Gonophore,2,2
goodman,Goodman,2,2
gooseberry,Gooseberry,2,2
goosery,Goosery,2,2
goosewinged,Goosewinged,2,2
gorgonia,Gorgonia,2,2
goring,Goring,2,2
gorm,Gorm,2,2
gormand,Gormand,2,2
gory,Gory,2,2
gosling,Gosling,2,2
gospelize,Gospelize,2,2
gossipry,Gossipry,2,2
got,Got,2,2
goth,Goth,2,2
gothamite,Gothamite,2,2
gotten,Gotten,2,2
gour,Gour,2,2
gowan,Gowan,2,2
grabble,Grabble,2,2
graced,Graced,2,2
graceless,Graceless,2,2
graciously,Graciously,2,2
grackle,Grackle,2,2
gradate,Gradate,2,2
gradely,Gradely,2,2
gradine,Gradine,2,2
grading,Grading,2,2
gradually,Gradually,2,2
graith,Graith,2,2
gralloch,Gralloch,2,2
grame,Grame,2,2
grammarian,Grammarian,2,2
grammatical,Grammatical,2,2
grampus,Grampus,2,2
grandiose,Grandiose,2,2
granger,Granger,2,2
granitic,Granitic,2,2
grapsoid,Grapsoid,2,2
grasping,Grasping,2,2
grass tree,Grass tree,2,2
grass-green,Grass-green,2,2
grasshopper,Grasshopper,2,2
grassy,Grassy,2,2
grated,Grated,2,2
grateful,Grateful,2,2
gratify,Gratify,2,2
gratuitous,Gratuitous,2,2
gratuity,Gratuity,2,2
gratulate,Gratulate,2,2
graven,Graven,2,2
graver,Graver,2,2
gravigrade,Gravigrade,2,2
gravitation,Gravitation,2,2
gravy,Gravy,2,2
grayling,Grayling,2,2
greaser,Greaser,2,2
greasily,Greasily,2,2
great-hearted,Great-hearted,2,2
greaten,Greaten,2,2
greatly,Greatly,2,2
greatness,Greatness,2,2
greedy,Greedy,2,2
green-eyed,Green-eyed,2,2
greenbone,Greenbone,2,2
greenfinch,Greenfinch,2,2
greening,Greening,2,2
greenlet,Greenlet,2,2
greenly,Greenly,2,2
greenwood,Greenwood,2,2
greeter,Greeter,2,2
greeting,Greeting,2,2
gregarine,Gregarine,2,2
greith,Greith,2,2
grenadine,Grenadine,2,2
grew,Grew,2,2
grice,Grice,2,2
griddle,Griddle,2,2
grievance,Grievance,2,2
griff,Griff,2,2
grimace,Grimace,2,2
grime,Grime,2,2
grimly,Grimly,2,2
grinding,Grinding,2,2
gripper,Gripper,2,2
gripple,Gripple,2,2
grisaille,Grisaille,2,2
grison,Grison,2,2
grisons,Grisons,2,2
gritty,Gritty,2,2
groat,Groat,2,2
grocery,Grocery,2,2
grogginess,Grogginess,2,2
groined,Groined,2,2
grommet,Grommet,2,2
groover,Groover,2,2
grossification,Grossification,2,2
grossular,Grossular,2,2
grot,Grot,2,2
grotesque,Grotesque,2,2
grounding,Grounding,2,2
groundling,Groundling,2,2
grouping,Grouping,2,2
grouting,Grouting,2,2
grovel,Grovel,2,2
groveling,Groveling,2,2
grown,Grown,2,2
growth,Growth,2,2
grozing iron,Grozing iron,2,2
grubby,Grubby,2,2
grum,Grum,2,2
grumous,Grumous,2,2
gry,Gry,2,2
grype,Grype,2,2
guacho,Guacho,2,2
guaco,Guaco,2,2
guaiac,Guaiac,2,2
guaiacum,Guaiacum,2,2
guara,Guara,2,2
guarantor,Guarantor,2,2
guaranty,Guaranty,2,2
guarded,Guarded,2,2
guardsman,Guardsman,2,2
guerdon,Guerdon,2,2
guidage,Guidage,2,2
guile,Guile,2,2
guilt,Guilt,2,2
guiltless,Guiltless,2,2
guinea,Guinea,2,2
gule,Gule,2,2
gumbo,Gumbo,2,2
gummous,Gummous,2,2
gunnel,Gunnel,2,2
gurge,Gurge,2,2
gurgle,Gurgle,2,2
gurry,Gurry,2,2
gushingly,Gushingly,2,2
gustful,Gustful,2,2
gutta,Gutta,2,2
guttiferous,Guttiferous,2,2
guttural,Guttural,2,2
gybe,Gybe,2,2
gymnasium,Gymnasium,2,2
gymnastic,Gymnastic,2,2
gymnic,Gymnic,2,2
gymnospermous,Gymnospermous,2,2
gynophore,Gynophore,2,2
gypsyism,Gypsyism,2,2
gyral,Gyral,2,2
gyrate,Gyrate,2,2
gyration,Gyration,2,2
gyre,Gyre,2,2
gyri,Gyri,2,2
gyroscope,Gyroscope,2,2
gyve,Gyve,2,2
h,H,2,2
haberdasher,Haberdasher,2,2
habiliment,Habiliment,2,2
habilitate,Habilitate,2,2
habitant,Habitant,2,2
habitat,Habitat,2,2
habitation,Habitation,2,2
habitual,Habitual,2,2
hackly,Hackly,2,2
hadji,Hadji,2,2
haematogenesis,Haematogenesis,2,2
haematometer,Haematometer,2,2
hagged,Hagged,2,2
haggler,Haggler,2,2
hagiographa,Hagiographa,2,2
hairbreadth,Hairbreadth,2,2
haired,Haired,2,2
hairsplitting,Hairsplitting,2,2
hakim,Hakim,2,2
half-blooded,Half-blooded,2,2
half-bred,Half-bred,2,2
half-breed,Half-breed,2,2
half-hearted,Half-hearted,2,2
halfendeal,Halfendeal,2,2
halfer,Halfer,2,2
halfway,Halfway,2,2
halidom,Halidom,2,2
hallucination,Hallucination,2,2
haloed,Haloed,2,2
haloid,Haloid,2,2
halting,Halting,2,2
halved,Halved,2,2
halves,Halves,2,2
hamadryad,Hamadryad,2,2
hame,Hame,2,2
hamite,Hamite,2,2
hammock,Hammock,2,2
hamstring,Hamstring,2,2
hamulus,Hamulus,2,2
han,Han,2,2
hance,Hance,2,2
handbill,Handbill,2,2
handcuff,Handcuff,2,2
handicraft,Handicraft,2,2
handkerchief,Handkerchief,2,2
handsomely,Handsomely,2,2
handwriting,Handwriting,2,2
hangdog,Hangdog,2,2
hangnest,Hangnest,2,2
hanker,Hanker,2,2
hanoverian,Hanoverian,2,2
hansard,Hansard,2,2
hanse,Hanse,2,2
happen,Happen,2,2
hard-fisted,Hard-fisted,2,2
hardened,Hardened,2,2
harefoot,Harefoot,2,2
harem,Harem,2,2
haricot,Haricot,2,2
harl,Harl,2,2
harmless,Harmless,2,2
harmonica,Harmonica,2,2
harmonics,Harmonics,2,2
harper,Harper,2,2
harping,Harping,2,2
harpoon,Harpoon,2,2
harrower,Harrower,2,2
hart-tongue,Hart-tongue,2,2
hartshorn,Hartshorn,2,2
harvester,Harvester,2,2
harvesting,Harvesting,2,2
has,Has,2,2
hassock,Hassock,2,2
hast,Hast,2,2
hasten,Hasten,2,2
hastener,Hastener,2,2
hasty pudding,Hasty pudding,2,2
hatcher,Hatcher,2,2
hatchet,Hatchet,2,2
hatching,Hatching,2,2
hatchment,Hatchment,2,2
hateful,Hateful,2,2
hatte,Hatte,2,2
hatter,Hatter,2,2
haulm,Haulm,2,2
haunch,Haunch,2,2
haunted,Haunted,2,2
haustellate,Haustellate,2,2
hautboy,Hautboy,2,2
hautein,Hautein,2,2
havana,Havana,2,2
havanese,Havanese,2,2
having,Having,2,2
hawaiian,Hawaiian,2,2
hawked,Hawked,2,2
hawkweed,Hawkweed,2,2
haybird,Haybird,2,2
haymaker,Haymaker,2,2
haymow,Haymow,2,2
haytian,Haytian,2,2
hazardable,Hazardable,2,2
hazarder,Hazarder,2,2
hazardry,Hazardry,2,2
hazy,Hazy,2,2
headband,Headband,2,2
headborrow,Headborrow,2,2
headdress,Headdress,2,2
headgear,Headgear,2,2
headland,Headland,2,2
headline,Headline,2,2
headstone,Headstone,2,2
headstrong,Headstrong,2,2
headtire,Headtire,2,2
headway,Headway,2,2
healing,Healing,2,2
health,Health,2,2
healthless,Healthless,2,2
heard,Heard,2,2
heart's-ease,Heart's-ease,2,2
heart-robbing,Heart-robbing,2,2
hearten,Hearten,2,2
heartily,Heartily,2,2
heartstruck,Heartstruck,2,2
heater,Heater,2,2
heathendom,Heathendom,2,2
heathenism,Heathenism,2,2
heathenry,Heathenry,2,2
heating,Heating,2,2
heaver,Heaver,2,2
heavily,Heavily,2,2
heaving,Heaving,2,2
hebdomadary,Hebdomadary,2,2
hebe,Hebe,2,2
hebetation,Hebetation,2,2
hebraism,Hebraism,2,2
hebraize,Hebraize,2,2
hebridian,Hebridian,2,2
heddle,Heddle,2,2
hedonic,Hedonic,2,2
heeler,Heeler,2,2
heer,Heer,2,2
hegelian,Hegelian,2,2
heighten,Heighten,2,2
held,Held,2,2
hele,Hele,2,2
heliconian,Heliconian,2,2
hellebore,Hellebore,2,2
hellenic,Hellenic,2,2
hellenism,Hellenism,2,2
hellenist,Hellenist,2,2
hellenize,Hellenize,2,2
helmed,Helmed,2,2
helminthic,Helminthic,2,2
helmless,Helmless,2,2
helvetian,Helvetian,2,2
hematic,Hematic,2,2
hematin,Hematin,2,2
hematosis,Hematosis,2,2
hemicycle,Hemicycle,2,2
hemina,Hemina,2,2
hemitrope,Hemitrope,2,2
hemitropous,Hemitropous,2,2
hemorrhoidal,Hemorrhoidal,2,2
hemp,Hemp,2,2
hempen,Hempen,2,2
hemstitched,Hemstitched,2,2
hende,Hende,2,2
henfish,Henfish,2,2
henna,Henna,2,2
hent,Hent,2,2
hepar,Hepar,2,2
hepatica,Hepatica,2,2
hepatization,Hepatization,2,2
hepatize,Hepatize,2,2
her,Her,2,2
herb,Herb,2,2
herbage,Herbage,2,2
herbarium,Herbarium,2,2
herborization,Herborization,2,2
herborize,Herborize,2,2
herculean,Herculean,2,2
hercules,Hercules,2,2
hereabouts,Hereabouts,2,2
hereafter,Hereafter,2,2
hereby,Hereby,2,2
hereditable,Hereditable,2,2
hereditary,Hereditary,2,2
heretic,Heretic,2,2
heritable,Heritable,2,2
heritage,Heritage,2,2
hermaphrodite,Hermaphrodite,2,2
hermetically,Hermetically,2,2
hermit,Hermit,2,2
hermitage,Hermitage,2,2
heroine,Heroine,2,2
herself,Herself,2,2
hesitancy,Hesitancy,2,2
hesitant,Hesitant,2,2
hesitation,Hesitation,2,2
hesperides,Hesperides,2,2
hesperus,Hesperus,2,2
hete,Hete,2,2
heterodactyl,Heterodactyl,2,2
heterodont,Heterodont,2,2
heterodromous,Heterodromous,2,2
heterogamous,Heterogamous,2,2
heterogamy,Heterogamy,2,2
heterogenesis,Heterogenesis,2,2
heterology,Heterology,2,2
heteronomy,Heteronomy,2,2
heteroousian,Heteroousian,2,2
heteropod,Heteropod,2,2
heterotopy,Heterotopy,2,2
heugh,Heugh,2,2
hexahemeron,Hexahemeron,2,2
hexameter,Hexameter,2,2
hexapod,Hexapod,2,2
hexastyle,Hexastyle,2,2
hexatomic,Hexatomic,2,2
heyday,Heyday,2,2
hibernian,Hibernian,2,2
hiccough,Hiccough,2,2
hid,Hid,2,2
hidden,Hidden,2,2
hie,Hie,2,2
hieroglyphic,Hieroglyphic,2,2
hieroglyphical,Hieroglyphical,2,2
hieromnemon,Hieromnemon,2,2
higgle,Higgle,2,2
high-colored,High-colored,2,2
high-flown,High-flown,2,2
high-minded,High-minded,2,2
high-pressure,High-pressure,2,2
high-proof,High-proof,2,2
high-raised,High-raised,2,2
high-toned,High-toned,2,2
high-wrought,High-wrought,2,2
highness,Highness,2,2
hilding,Hilding,2,2
hilling,Hilling,2,2
hilly,Hilly,2,2
hilum,Hilum,2,2
him,Him,2,2
hindrance,Hindrance,2,2
hindustani,Hindustani,2,2
hinged,Hinged,2,2
hipped,Hipped,2,2
hippodrome,Hippodrome,2,2
hircinous,Hircinous,2,2
hireling,Hireling,2,2
his,His,2,2
hispid,Hispid,2,2
histogenesis,Histogenesis,2,2
historian,Historian,2,2
hitherto,Hitherto,2,2
hives,Hives,2,2
hoarse,Hoarse,2,2
hoax,Hoax,2,2
hobbler,Hobbler,2,2
hock,Hock,2,2
hockey,Hockey,2,2
hockle,Hockle,2,2
hod,Hod,2,2
hogged,Hogged,2,2
hogget,Hogget,2,2
hogging,Hogging,2,2
hognut,Hognut,2,2
hogshead,Hogshead,2,2
hogweed,Hogweed,2,2
holdback,Holdback,2,2
holdfast,Holdfast,2,2
holily,Holily,2,2
holiness,Holiness,2,2
hollander,Hollander,2,2
hollands,Hollands,2,2
hollo,Hollo,2,2
hollowness,Hollowness,2,2
holocaust,Holocaust,2,2
holothurian,Holothurian,2,2
holpen,Holpen,2,2
holy,Holy,2,2
holyday,Holyday,2,2
holystone,Holystone,2,2
home-bred,Home-bred,2,2
home-keeping,Home-keeping,2,2
homeborn,Homeborn,2,2
homeward,Homeward,2,2
homicide,Homicide,2,2
homiletical,Homiletical,2,2
homily,Homily,2,2
homodromous,Homodromous,2,2
homogeneous,Homogeneous,2,2
homogeny,Homogeny,2,2
homographic,Homographic,2,2
homography,Homography,2,2
homoiousian,Homoiousian,2,2
homonymous,Homonymous,2,2
homonymously,Homonymously,2,2
homonymy,Homonymy,2,2
homoousian,Homoousian,2,2
homophone,Homophone,2,2
homotropous,Homotropous,2,2
honestly,Honestly,2,2
honeycomb,Honeycomb,2,2
honeydew,Honeydew,2,2
hong,Hong,2,2
honorableness,Honorableness,2,2
honorably,Honorably,2,2
hoo,Hoo,2,2
hooper,Hooper,2,2
hopeful,Hopeful,2,2
hopped,Hopped,2,2
hoppet,Hoppet,2,2
hoppo,Hoppo,2,2
horary,Horary,2,2
hornbook,Hornbook,2,2
hornpipe,Hornpipe,2,2
horography,Horography,2,2
horologe,Horologe,2,2
horologiography,Horologiography,2,2
horoscopy,Horoscopy,2,2
horrid,Horrid,2,2
horse-chestnut,Horse-chestnut,2,2
horse-drench,Horse-drench,2,2
horse-jockey,Horse-jockey,2,2
horse-leech,Horse-leech,2,2
horseback,Horseback,2,2
horsefish,Horsefish,2,2
horseflesh,Horseflesh,2,2
horsefly,Horsefly,2,2
horsefoot,Horsefoot,2,2
horsehide,Horsehide,2,2
horsemint,Horsemint,2,2
horsetail,Horsetail,2,2
horsewhip,Horsewhip,2,2
horsiness,Horsiness,2,2
hortative,Hortative,2,2
hosiery,Hosiery,2,2
hospitable,Hospitable,2,2
hospitaler,Hospitaler,2,2
hospitate,Hospitate,2,2
hospitium,Hospitium,2,2
hostel,Hostel,2,2
hosteler,Hosteler,2,2
hostess,Hostess,2,2
hostile,Hostile,2,2
hostility,Hostility,2,2
hosting,Hosting,2,2
hostry,Hostry,2,2
hotbed,Hotbed,2,2
hotchpotch,Hotchpotch,2,2
hotel,Hotel,2,2
hotly,Hotly,2,2
hotness,Hotness,2,2
hotspur,Hotspur,2,2
hottentot,Hottentot,2,2
hourly,Hourly,2,2
housel,Housel,2,2
hoveling,Hoveling,2,2
howadji,Howadji,2,2
howel,Howel,2,2
howitzer,Howitzer,2,2
howler,Howler,2,2
howsoever,Howsoever,2,2
hoy,Hoy,2,2
huckle,Huckle,2,2
huckleberry,Huckleberry,2,2
huffcap,Huffcap,2,2
huffy,Huffy,2,2
hugger,Hugger,2,2
hulled,Hulled,2,2
human,Human,2,2
humanism,Humanism,2,2
humanistic,Humanistic,2,2
humanitarianism,Humanitarianism,2,2
humanly,Humanly,2,2
humectant,Humectant,2,2
humerus,Humerus,2,2
humiliation,Humiliation,2,2
humility,Humility,2,2
hummel,Hummel,2,2
hummer,Hummer,2,2
humoralism,Humoralism,2,2
humorism,Humorism,2,2
humorously,Humorously,2,2
humorousness,Humorousness,2,2
humorsome,Humorsome,2,2
hump,Hump,2,2
hung,Hung,2,2
hungarian,Hungarian,2,2
hungered,Hungered,2,2
hungerly,Hungerly,2,2
hunting,Hunting,2,2
huntsman,Huntsman,2,2
hurdy-gurdy,Hurdy-gurdy,2,2
husbandman,Husbandman,2,2
husbandry,Husbandry,2,2
hushing,Hushing,2,2
huskiness,Huskiness,2,2
husky,Husky,2,2
huso,Huso,2,2
hustle,Hustle,2,2
huswifely,Huswifely,2,2
hybrid,Hybrid,2,2
hydr-,Hydr-,2,2
hydragogue,Hydragogue,2,2
hydrated,Hydrated,2,2
hydrocarbonate,Hydrocarbonate,2,2
hydrography,Hydrography,2,2
hydroid,Hydroid,2,2
hydrometer,Hydrometer,2,2
hydrometry,Hydrometry,2,2
hydrophobia,Hydrophobia,2,2
hydroscope,Hydroscope,2,2
hydrotic,Hydrotic,2,2
hydrous,Hydrous,2,2
hydrozoa,Hydrozoa,2,2
hyemation,Hyemation,2,2
hygrometrical,Hygrometrical,2,2
hygroscopic,Hygroscopic,2,2
hymenean,Hymenean,2,2
hymnographer,Hymnographer,2,2
hymnology,Hymnology,2,2
hyoglossal,Hyoglossal,2,2
hyomandibular,Hyomandibular,2,2
hyoscyamus,Hyoscyamus,2,2
hyosternal,Hyosternal,2,2
hyp,Hyp,2,2
hyper-,Hyper-,2,2
hyperbolical,Hyperbolical,2,2
hyperbolically,Hyperbolically,2,2
hyperbolize,Hyperbolize,2,2
hyperboloid,Hyperboloid,2,2
hypercritic,Hypercritic,2,2
hypercritical,Hypercritical,2,2
hypermeter,Hypermeter,2,2
hyperplastic,Hyperplastic,2,2
hyphen,Hyphen,2,2
hypo,Hypo,2,2
hypo-,Hypo-,2,2
hypobranchial,Hypobranchial,2,2
hypochondria,Hypochondria,2,2
hypoderma,Hypoderma,2,2
hypoglossal,Hypoglossal,2,2
hypohyal,Hypohyal,2,2
hypostatize,Hypostatize,2,2
hypostrophe,Hypostrophe,2,2
hyposulphite,Hyposulphite,2,2
hypothecation,Hypothecation,2,2
hypothenar,Hypothenar,2,2
hypothesis,Hypothesis,2,2
hyracoid,Hyracoid,2,2
hysteron proteron,Hysteron proteron,2,2
ical,ical,2,2
ice-built,Ice-built,2,2
icelandic,Icelandic,2,2
iceman,Iceman,2,2
ichneumon,Ichneumon,2,2
ichneumonidan,Ichneumonidan,2,2
ichor,Ichor,2,2
ichthyosaurian,Ichthyosaurian,2,2
icing,Icing,2,2
iconoclast,Iconoclast,2,2
iconographic,Iconographic,2,2
iconography,Iconography,2,2
icterical,Icterical,2,2
ictus,Ictus,2,2
icy,Icy,2,2
idealist,Idealist,2,2
idealization,Idealization,2,2
identical,Identical,2,2
ideology,Ideology,2,2
idioelectric,Idioelectric,2,2
idiomorphous,Idiomorphous,2,2
idiopathy,Idiopathy,2,2
idiotical,Idiotical,2,2
idiotism,Idiotism,2,2
idle-headed,Idle-headed,2,2
idolater,Idolater,2,2
idolatrize,Idolatrize,2,2
idolatrous,Idolatrous,2,2
idolatry,Idolatry,2,2
idumean,Idumean,2,2
if,If,2,2
igloo,Igloo,2,2
igneous,Igneous,2,2
ignis fatuus,Ignis fatuus,2,2
ignition,Ignition,2,2
ignominy,Ignominy,2,2
ignoramus,Ignoramus,2,2
ignorance,Ignorance,2,2
ignote,Ignote,2,2
ileum,Ileum,2,2
ilex,Ilex,2,2
ill-tempered,Ill-tempered,2,2
illapse,Illapse,2,2
illaqueation,Illaqueation,2,2
illative,Illative,2,2
illegitimation,Illegitimation,2,2
illinition,Illinition,2,2
illiteracy,Illiteracy,2,2
illuminating,Illuminating,2,2
illuminator,Illuminator,2,2
illustrative,Illustrative,2,2
imaginal,Imaginal,2,2
imaginant,Imaginant,2,2
imaginary,Imaginary,2,2
imago,Imago,2,2
imaum,Imaum,2,2
imbase,Imbase,2,2
imbosk,Imbosk,2,2
imbosom,Imbosom,2,2
imbroglio,Imbroglio,2,2
imbrute,Imbrute,2,2
imbue,Imbue,2,2
imbursement,Imbursement,2,2
imitable,Imitable,2,2
immaterial,Immaterial,2,2
immaterialism,Immaterialism,2,2
immaterially,Immaterially,2,2
immature,Immature,2,2
immerge,Immerge,2,2
immersible,Immersible,2,2
imminence,Imminence,2,2
immodest,Immodest,2,2
immolation,Immolation,2,2
immorality,Immorality,2,2
immortality,Immortality,2,2
immunity,Immunity,2,2
impacted,Impacted,2,2
impaction,Impaction,2,2
impanate,Impanate,2,2
imparl,Imparl,2,2
imparsonee,Imparsonee,2,2
impartibility,Impartibility,2,2
impartible,Impartible,2,2
impaste,Impaste,2,2
impasting,Impasting,2,2
impearl,Impearl,2,2
impeccable,Impeccable,2,2
impediment,Impediment,2,2
impedite,Impedite,2,2
impellent,Impellent,2,2
impend,Impend,2,2
impending,Impending,2,2
impenitent,Impenitent,2,2
impennate,Impennate,2,2
imperatorial,Imperatorial,2,2
imperiality,Imperiality,2,2
imperially,Imperially,2,2
impersonal,Impersonal,2,2
impetrate,Impetrate,2,2
impetration,Impetration,2,2
impetuosity,Impetuosity,2,2
impetuous,Impetuous,2,2
impiety,Impiety,2,2
impishly,Impishly,2,2
implacable,Implacable,2,2
implacental,Implacental,2,2
implead,Implead,2,2
impletion,Impletion,2,2
implicate,Implicate,2,2
implication,Implication,2,2
implicitly,Implicitly,2,2
implied,Implied,2,2
imploring,Imploring,2,2
implosion,Implosion,2,2
implosive,Implosive,2,2
imponderable,Imponderable,2,2
importable,Importable,2,2
importing,Importing,2,2
importunate,Importunate,2,2
importunee,Importunee,2,2
impossible,Impossible,2,2
impost,Impost,2,2
imposthumation,Imposthumation,2,2
impoundage,Impoundage,2,2
impoverish,Impoverish,2,2
imprecate,Imprecate,2,2
impregnable,Impregnable,2,2
impregnant,Impregnant,2,2
imprescriptible,Imprescriptible,2,2
impressive,Impressive,2,2
imprest,Imprest,2,2
imprison,Imprison,2,2
improbation,Improbation,2,2
impropriety,Impropriety,2,2
improvable,Improvable,2,2
improving,Improving,2,2
improvisate,Improvisate,2,2
improvisation,Improvisation,2,2
impulsion,Impulsion,2,2
imputable,Imputable,2,2
in-,In-,2,2
in-going,In-going,2,2
inaccuracy,Inaccuracy,2,2
inactivity,Inactivity,2,2
inadherent,Inadherent,2,2
inadvertency,Inadvertency,2,2
inane,Inane,2,2
inanimate,Inanimate,2,2
inanimation,Inanimation,2,2
inarching,Inarching,2,2
inaugural,Inaugural,2,2
inauguration,Inauguration,2,2
inaurate,Inaurate,2,2
inboard,Inboard,2,2
inbred,Inbred,2,2
inbreed,Inbreed,2,2
inca,Inca,2,2
incantation,Incantation,2,2
incapability,Incapability,2,2
incapacitate,Incapacitate,2,2
incapacity,Incapacity,2,2
incarn,Incarn,2,2
incarnadine,Incarnadine,2,2
incarnative,Incarnative,2,2
incasement,Incasement,2,2
inception,Inception,2,2
inceptive,Inceptive,2,2
inceptor,Inceptor,2,2
inched,Inched,2,2
inchmeal,Inchmeal,2,2
inchoate,Inchoate,2,2
inchoative,Inchoative,2,2
incidence,Incidence,2,2
incinerate,Incinerate,2,2
incise,Incise,2,2
incisive,Incisive,2,2
incisor,Incisor,2,2
incitant,Incitant,2,2
incitation,Incitation,2,2
incitement,Incitement,2,2
inclemency,Inclemency,2,2
inclement,Inclement,2,2
inclinable,Inclinable,2,2
included,Included,2,2
inclusion,Inclusion,2,2
inclusive,Inclusive,2,2
incognita,Incognita,2,2
incoherent,Incoherent,2,2
incomer,Incomer,2,2
incommensurable,Incommensurable,2,2
incommensurate,Incommensurate,2,2
incommode,Incommode,2,2
incompetency,Incompetency,2,2
incomplete,Incomplete,2,2
incompliance,Incompliance,2,2
incomprehensible,Incomprehensible,2,2
inconsiderate,Inconsiderate,2,2
inconsistent,Inconsistent,2,2
incontinency,Incontinency,2,2
incontinently,Incontinently,2,2
inconvenient,Inconvenient,2,2
incorporated,Incorporated,2,2
incorporeal,Incorporeal,2,2
incorrigible,Incorrigible,2,2
incorrupt,Incorrupt,2,2
incorruptness,Incorruptness,2,2
incrassate,Incrassate,2,2
incrassation,Incrassation,2,2
incrassative,Incrassative,2,2
increate,Increate,2,2
increated,Increated,2,2
incredibility,Incredibility,2,2
increscent,Increscent,2,2
incrust,Incrust,2,2
incrustate,Incrustate,2,2
incumbrance,Incumbrance,2,2
incursion,Incursion,2,2
incurvate,Incurvate,2,2
incurved,Incurved,2,2
incuse,Incuse,2,2
indebtedness,Indebtedness,2,2
indecency,Indecency,2,2
indeciduate,Indeciduate,2,2
indecinable,Indecinable,2,2
indecinably,Indecinably,2,2
indecisive,Indecisive,2,2
indecorum,Indecorum,2,2
indelible,Indelible,2,2
indemnification,Indemnification,2,2
indemnify,Indemnify,2,2
indemnity,Indemnity,2,2
indenting,Indenting,2,2
independence,Independence,2,2
independency,Independency,2,2
indeterminable,Indeterminable,2,2
indetermination,Indetermination,2,2
indican,Indican,2,2
indicant,Indicant,2,2
indicated,Indicated,2,2
indiction,Indiction,2,2
indigenous,Indigenous,2,2
indigent,Indigent,2,2
indigest,Indigest,2,2
indigestible,Indigestible,2,2
indigitate,Indigitate,2,2
indignation,Indignation,2,2
indirectness,Indirectness,2,2
indiscrete,Indiscrete,2,2
indiscretion,Indiscretion,2,2
indisposition,Indisposition,2,2
indissoluble,Indissoluble,2,2
indistinct,Indistinct,2,2
individualism,Individualism,2,2
individuality,Individuality,2,2
individually,Individually,2,2
individuate,Individuate,2,2
indolence,Indolence,2,2
indorsed,Indorsed,2,2
indraught,Indraught,2,2
indubious,Indubious,2,2
indubitable,Indubitable,2,2
indubitate,Indubitate,2,2
inducible,Inducible,2,2
induct,Induct,2,2
inductor,Inductor,2,2
indue,Indue,2,2
induline,Induline,2,2
indulto,Indulto,2,2
induplicate,Induplicate,2,2
induplicative,Induplicative,2,2
indurated,Indurated,2,2
industrialism,Industrialism,2,2
industrious,Industrious,2,2
indwelling,Indwelling,2,2
inebriant,Inebriant,2,2
inefficient,Inefficient,2,2
inelegancy,Inelegancy,2,2
inept,Inept,2,2
ineptitude,Ineptitude,2,2
inequilateral,Inequilateral,2,2
inertness,Inertness,2,2
inessential,Inessential,2,2
inevitable,Inevitable,2,2
inexistent,Inexistent,2,2
inexpert,Inexpert,2,2
inexpiable,Inexpiable,2,2
inexpressive,Inexpressive,2,2
inextricable,Inextricable,2,2
infanticide,Infanticide,2,2
infantry,Infantry,2,2
infatuated,Infatuated,2,2
infelicity,Infelicity,2,2
inference,Inference,2,2
infest,Infest,2,2
infeudation,Infeudation,2,2
infibulation,Infibulation,2,2
infidel,Infidel,2,2
infiltrate,Infiltrate,2,2
infiltration,Infiltration,2,2
infinitely,Infinitely,2,2
infinitesimal,Infinitesimal,2,2
infirmity,Infirmity,2,2
inflammable,Inflammable,2,2
inflective,Inflective,2,2
inflexed,Inflexed,2,2
inflexive,Inflexive,2,2
infliction,Infliction,2,2
influent,Influent,2,2
infold,Infold,2,2
informal,Informal,2,2
informality,Informality,2,2
informed,Informed,2,2
infract,Infract,2,2
infralapsarian,Infralapsarian,2,2
inframaxillary,Inframaxillary,2,2
infrangible,Infrangible,2,2
infraspinal,Infraspinal,2,2
infrastapedial,Infrastapedial,2,2
infrequency,Infrequency,2,2
infringement,Infringement,2,2
infumated,Infumated,2,2
infundibuliform,Infundibuliform,2,2
infuriate,Infuriate,2,2
infuriated,Infuriated,2,2
infusibility,Infusibility,2,2
infusible,Infusible,2,2
infusory,Infusory,2,2
ingate,Ingate,2,2
ingeminate,Ingeminate,2,2
ingenerate,Ingenerate,2,2
ingenuousness,Ingenuousness,2,2
ingirt,Ingirt,2,2
inglorious,Inglorious,2,2
ingot,Ingot,2,2
ingraft,Ingraft,2,2
ingraftment,Ingraftment,2,2
ingrate,Ingrate,2,2
ingrateful,Ingrateful,2,2
ingrave,Ingrave,2,2
ingrediency,Ingrediency,2,2
ingredient,Ingredient,2,2
inhabile,Inhabile,2,2
inhabit,Inhabit,2,2
inhabitable,Inhabitable,2,2
inhabitancy,Inhabitancy,2,2
inhabitant,Inhabitant,2,2
inhabited,Inhabited,2,2
inhalant,Inhalant,2,2
inharmonious,Inharmonious,2,2
inhibit,Inhibit,2,2
inhospitable,Inhospitable,2,2
inhuman,Inhuman,2,2
inhume,Inhume,2,2
inimical,Inimical,2,2
initiation,Initiation,2,2
injector,Injector,2,2
injoint,Injoint,2,2
injudicious,Injudicious,2,2
injurious,Injurious,2,2
injustice,Injustice,2,2
inkhorn,Inkhorn,2,2
inking,Inking,2,2
inkle,Inkle,2,2
inlay,Inlay,2,2
inly,Inly,2,2
inmate,Inmate,2,2
inner,Inner,2,2
innominate,Innominate,2,2
innoxious,Innoxious,2,2
innuendo,Innuendo,2,2
inquiring,Inquiring,2,2
inquiry,Inquiry,2,2
inquisitorial,Inquisitorial,2,2
inroad,Inroad,2,2
inrush,Inrush,2,2
insalutary,Insalutary,2,2
insanity,Insanity,2,2
insatisfaction,Insatisfaction,2,2
inscient,Inscient,2,2
insectivora,Insectivora,2,2
insecure,Insecure,2,2
insecurity,Insecurity,2,2
insensibility,Insensibility,2,2
inseparable,Inseparable,2,2
inserted,Inserted,2,2
insession,Insession,2,2
insessores,Insessores,2,2
insessorial,Insessorial,2,2
inshore,Inshore,2,2
insidious,Insidious,2,2
insight,Insight,2,2
insignia,Insignia,2,2
insincere,Insincere,2,2
insinuating,Insinuating,2,2
insinuative,Insinuative,2,2
insipid,Insipid,2,2
insipient,Insipient,2,2
insist,Insist,2,2
insistent,Insistent,2,2
insnare,Insnare,2,2
insociable,Insociable,2,2
insolubility,Insolubility,2,2
insolvency,Insolvency,2,2
inspectorship,Inspectorship,2,2
inspecttion,Inspecttion,2,2
inspiring,Inspiring,2,2
inspissate,Inspissate,2,2
instability,Instability,2,2
install,Install,2,2
installation,Installation,2,2
instantaneous,Instantaneous,2,2
instantly,Instantly,2,2
instead,Instead,2,2
instep,Instep,2,2
instimulate,Instimulate,2,2
institutionary,Institutionary,2,2
institutive,Institutive,2,2
instrumentally,Instrumentally,2,2
insufferable,Insufferable,2,2
insufficiency,Insufficiency,2,2
insufficient,Insufficient,2,2
insularity,Insularity,2,2
insulation,Insulation,2,2
insulator,Insulator,2,2
insultation,Insultation,2,2
insulting,Insulting,2,2
insurgent,Insurgent,2,2
insurrection,Insurrection,2,2
intellectualism,Intellectualism,2,2
intellectualist,Intellectualist,2,2
intellectualize,Intellectualize,2,2
intelligential,Intelligential,2,2
intemperance,Intemperance,2,2
intemperateness,Intemperateness,2,2
intendancy,Intendancy,2,2
intendant,Intendant,2,2
intenerate,Intenerate,2,2
intense,Intense,2,2
intensely,Intensely,2,2
intensify,Intensify,2,2
interact,Interact,2,2
interaction,Interaction,2,2
intercalary,Intercalary,2,2
intercalate,Intercalate,2,2
intercalation,Intercalation,2,2
intercessor,Intercessor,2,2
interchangeable,Interchangeable,2,2
intercipient,Intercipient,2,2
interclavicular,Interclavicular,2,2
intercommon,Intercommon,2,2
intercommune,Intercommune,2,2
intercommunicate,Intercommunicate,2,2
interdental,Interdental,2,2
interdigitate,Interdigitate,2,2
interesting,Interesting,2,2
interhaemal,Interhaemal,2,2
interhyal,Interhyal,2,2
interim,Interim,2,2
interject,Interject,2,2
interjection,Interjection,2,2
interjectional,Interjectional,2,2
interjoist,Interjoist,2,2
interlard,Interlard,2,2
interlineary,Interlineary,2,2
interlineation,Interlineation,2,2
interlining,Interlining,2,2
interlink,Interlink,2,2
interlock,Interlock,2,2
interlocutor,Interlocutor,2,2
intermeddle,Intermeddle,2,2
intermediary,Intermediary,2,2
intermediate,Intermediate,2,2
interminate,Interminate,2,2
intermingle,Intermingle,2,2
intermit,Intermit,2,2
intermittent,Intermittent,2,2
intermix,Intermix,2,2
intermixture,Intermixture,2,2
intern,Intern,2,2
internally,Internally,2,2
internationalism,Internationalism,2,2
internationalist,Internationalist,2,2
interneural,Interneural,2,2
internode,Internode,2,2
internuncial,Internuncial,2,2
internuncio,Internuncio,2,2
interosculant,Interosculant,2,2
interosculate,Interosculate,2,2
interpale,Interpale,2,2
interparietal,Interparietal,2,2
interpellant,Interpellant,2,2
interpenetrate,Interpenetrate,2,2
interpercular,Interpercular,2,2
interpleader,Interpleader,2,2
interposition,Interposition,2,2
interpretative,Interpretative,2,2
interregnum,Interregnum,2,2
interrenal,Interrenal,2,2
interrogative,Interrogative,2,2
interrogatory,Interrogatory,2,2
interrupter,Interrupter,2,2
interscapular,Interscapular,2,2
intersect,Intersect,2,2
intersection,Intersection,2,2
intersperse,Intersperse,2,2
interstapedial,Interstapedial,2,2
interstice,Interstice,2,2
interweave,Interweave,2,2
interwoven,Interwoven,2,2
intinction,Intinction,2,2
intolerable,Intolerable,2,2
intolerance,Intolerance,2,2
intone,Intone,2,2
intorsion,Intorsion,2,2
intoxicating,Intoxicating,2,2
intramural,Intramural,2,2
intransitive,Intransitive,2,2
intrant,Intrant,2,2
intricate,Intricate,2,2
intrinsical,Intrinsical,2,2
intromittent,Intromittent,2,2
introspective,Introspective,2,2
introvert,Introvert,2,2
intruded,Intruded,2,2
intumescence,Intumescence,2,2
intwine,Intwine,2,2
inundate,Inundate,2,2
inundation,Inundation,2,2
inure,Inure,2,2
invaginated,Invaginated,2,2
invagination,Invagination,2,2
invalidity,Invalidity,2,2
invariable,Invariable,2,2
invective,Invective,2,2
inventory,Inventory,2,2
invertebrate,Invertebrate,2,2
investigable,Investigable,2,2
investigate,Investigate,2,2
investure,Investure,2,2
inveteracy,Inveteracy,2,2
inviolated,Inviolated,2,2
inviscerate,Inviscerate,2,2
invitatory,Invitatory,2,2
inviting,Inviting,2,2
invocation,Invocation,2,2
involved,Involved,2,2
invulgar,Invulgar,2,2
invulnerable,Invulnerable,2,2
inwall,Inwall,2,2
inwards,Inwards,2,2
inwrap,Inwrap,2,2
ionian,Ionian,2,2
iota,Iota,2,2
iranian,Iranian,2,2
iridic,Iridic,2,2
iridize,Iridize,2,2
irksome,Irksome,2,2
iron-gray,Iron-gray,2,2
ironbound,Ironbound,2,2
ironical,Ironical,2,2
ironsmith,Ironsmith,2,2
irp,Irp,2,2
irradiancy,Irradiancy,2,2
irreducible,Irreducible,2,2
irregular,Irregular,2,2
irreligious,Irreligious,2,2
irresoluble,Irresoluble,2,2
irrespective,Irrespective,2,2
irresponsible,Irresponsible,2,2
irretractile,Irretractile,2,2
irreversible,Irreversible,2,2
irrigate,Irrigate,2,2
irriguous,Irriguous,2,2
irritancy,Irritancy,2,2
irritative,Irritative,2,2
irrorate,Irrorate,2,2
irruption,Irruption,2,2
ischium,Ischium,2,2
ischuretic,Ischuretic,2,2
ishmaelite,Ishmaelite,2,2
isinglass,Isinglass,2,2
islam,Islam,2,2
isobar,Isobar,2,2
isodiametric,Isodiametric,2,2
isogeothermic,Isogeothermic,2,2
isogonic,Isogonic,2,2
isohyetose,Isohyetose,2,2
isolated,Isolated,2,2
isometrical,Isometrical,2,2
isonicotinic,Isonicotinic,2,2
isopod,Isopod,2,2
isopycnic,Isopycnic,2,2
isothermal,Isothermal,2,2
issuable,Issuable,2,2
italianate,Italianate,2,2
italianism,Italianism,2,2
italianize,Italianize,2,2
italicism,Italicism,2,2
itinerancy,Itinerancy,2,2
itinerant,Itinerant,2,2
itinerary,Itinerary,2,2
izzard,Izzard,2,2
jab,Jab,2,2
jabot,Jabot,2,2
jacaranda,Jacaranda,2,2
jackal,Jackal,2,2
jackanapes,Jackanapes,2,2
jackass,Jackass,2,2
jackman,Jackman,2,2
jacksnipe,Jacksnipe,2,2
jackstone,Jackstone,2,2
jackstraw,Jackstraw,2,2
jactitation,Jactitation,2,2
jaculator,Jaculator,2,2
jadish,Jadish,2,2
jager,Jager,2,2
jagged,Jagged,2,2
jagger,Jagger,2,2
jail,Jail,2,2
jamaican,Jamaican,2,2
jamb,Jamb,2,2
jane,Jane,2,2
jangler,Jangler,2,2
japanned,Japanned,2,2
japanner,Japanner,2,2
japanning,Japanning,2,2
jape,Jape,2,2
jarvy,Jarvy,2,2
jaundice,Jaundice,2,2
jaundiced,Jaundiced,2,2
java,Java,2,2
javanese,Javanese,2,2
javelin,Javelin,2,2
jawed,Jawed,2,2
jawing,Jawing,2,2
jehovist,Jehovist,2,2
jejune,Jejune,2,2
jellied,Jellied,2,2
jeopardy,Jeopardy,2,2
jerkin,Jerkin,2,2
jerking,Jerking,2,2
jester,Jester,2,2
jesuit,Jesuit,2,2
jesuitical,Jesuitical,2,2
jesuitism,Jesuitism,2,2
jetson,Jetson,2,2
jew's-harp,Jew's-harp,2,2
jewelry,Jewelry,2,2
jigging,Jigging,2,2
jiggish,Jiggish,2,2
jigjog,Jigjog,2,2
jim-crow,Jim-crow,2,2
jingling,Jingling,2,2
jingo,Jingo,2,2
jinn,Jinn,2,2
jobbery,Jobbery,2,2
jockeying,Jockeying,2,2
jocular,Jocular,2,2
jocund,Jocund,2,2
jogging,Jogging,2,2
johnny,Johnny,2,2
jointed,Jointed,2,2
jointing,Jointing,2,2
joist,Joist,2,2
jongler,Jongler,2,2
jorden,Jorden,2,2
jot,Jot,2,2
jotter,Jotter,2,2
jounce,Jounce,2,2
journalism,Journalism,2,2
journalist,Journalist,2,2
journalize,Journalize,2,2
joust,Joust,2,2
jowl,Jowl,2,2
juba,Juba,2,2
jube,Jube,2,2
judaism,Judaism,2,2
judaize,Judaize,2,2
judas,Judas,2,2
judean,Judean,2,2
judiciary,Judiciary,2,2
judicious,Judicious,2,2
jugal,Jugal,2,2
juggler,Juggler,2,2
jugglery,Jugglery,2,2
jugum,Jugum,2,2
juice,Juice,2,2
jumping,Jumping,2,2
junction,Junction,2,2
juneberry,Juneberry,2,2
junketing,Junketing,2,2
jupiter,Jupiter,2,2
juppon,Juppon,2,2
jura,Jura,2,2
jural,Jural,2,2
jurassic,Jurassic,2,2
jurat,Jurat,2,2
jurisprudent,Jurisprudent,2,2
juror,Juror,2,2
jutting,Jutting,2,2
jutty,Jutty,2,2
juvenility,Juvenility,2,2
kafir,Kafir,2,2
kantian,Kantian,2,2
keck,Keck,2,2
keckle,Keckle,2,2
keckling,Keckling,2,2
kedge,Kedge,2,2
keeler,Keeler,2,2
keeling,Keeling,2,2
keloid,Keloid,2,2
kelp,Kelp,2,2
kempt,Kempt,2,2
kept,Kept,2,2
keratose,Keratose,2,2
kerchief,Kerchief,2,2
kermes,Kermes,2,2
kerned,Kerned,2,2
kerneled,Kerneled,2,2
kernelled,Kernelled,2,2
kettledrum,Kettledrum,2,2
kex,Kex,2,2
keynote,Keynote,2,2
khan,Khan,2,2
kibble,Kibble,2,2
kibitka,Kibitka,2,2
kickshaws,Kickshaws,2,2
kicksy-wicksy,Kicksy-wicksy,2,2
kidde,Kidde,2,2
kiddy,Kiddy,2,2
kidneywort,Kidneywort,2,2
kike,Kike,2,2
killer,Killer,2,2
killesse,Killesse,2,2
killing,Killing,2,2
kiln,Kiln,2,2
kilting,Kilting,2,2
kincob,Kincob,2,2
kinding,Kinding,2,2
kindness,Kindness,2,2
kine,Kine,2,2
kingbird,Kingbird,2,2
kinglet,Kinglet,2,2
kingly,Kingly,2,2
kinky,Kinky,2,2
kirkman,Kirkman,2,2
kist,Kist,2,2
kithe,Kithe,2,2
kitte,Kitte,2,2
kitten,Kitten,2,2
kiver,Kiver,2,2
knab,Knab,2,2
knavery,Knavery,2,2
knavish,Knavish,2,2
knavishly,Knavishly,2,2
knead,Knead,2,2
knee-deep,Knee-deep,2,2
kneebrush,Kneebrush,2,2
kneecap,Kneecap,2,2
kneed,Kneed,2,2
kneejoint,Kneejoint,2,2
knelt,Knelt,2,2
knew,Knew,2,2
knighthood,Knighthood,2,2
knightly,Knightly,2,2
knives,Knives,2,2
knockdown,Knockdown,2,2
knocking,Knocking,2,2
knop,Knop,2,2
knotgrass,Knotgrass,2,2
knottiness,Knottiness,2,2
knout,Knout,2,2
knowingly,Knowingly,2,2
known,Known,2,2
knuckled,Knuckled,2,2
knurled,Knurled,2,2
kolarian,Kolarian,2,2
kotow,Kotow,2,2
kraal,Kraal,2,2
krumhorn,Krumhorn,2,2
kudos,Kudos,2,2
kurilian,Kurilian,2,2
kutch,Kutch,2,2
kyaboca wood,Kyaboca wood,2,2
kyanol,Kyanol,2,2
kydde,Kydde,2,2
kyrie eleison,Kyrie eleison,2,2
kythe,Kythe,2,2
l'envoy,L'envoy,2,2
lab,Lab,2,2
labellum,Labellum,2,2
labiodental,Labiodental,2,2
labionasal,Labionasal,2,2
labored,Labored,2,2
laborious,Laborious,2,2
laborsome,Laborsome,2,2
labyrinthibranch,Labyrinthibranch,2,2
labyrinthodont,Labyrinthodont,2,2
lac,Lac,2,2
lacedaemonian,Lacedaemonian,2,2
laceration,Laceration,2,2
lacertian,Lacertian,2,2
laciniated,Laciniated,2,2
lackadaisy,Lackadaisy,2,2
lacker,Lacker,2,2
lacklustre,Lacklustre,2,2
laconian,Laconian,2,2
laconism,Laconism,2,2
lacquer,Lacquer,2,2
lacquering,Lacquering,2,2
lactary,Lactary,2,2
lactean,Lactean,2,2
lacteous,Lacteous,2,2
lactescence,Lactescence,2,2
lactescent,Lactescent,2,2
lactonic,Lactonic,2,2
lactose,Lactose,2,2
lacuna,Lacuna,2,2
ladder,Ladder,2,2
lady's seal,Lady's seal,2,2
ladyfish,Ladyfish,2,2
lafayette,Lafayette,2,2
laggard,Laggard,2,2
lagoon,Lagoon,2,2
laic,Laic,2,2
laid,Laid,2,2
lain,Lain,2,2
laky,Laky,2,2
lama,Lama,2,2
lambative,Lambative,2,2
lambda,Lambda,2,2
lambent,Lambent,2,2
lambskin,Lambskin,2,2
lamellibranchiate,Lamellibranchiate,2,2
lamentation,Lamentation,2,2
lamented,Lamented,2,2
lamenting,Lamenting,2,2
laminated,Laminated,2,2
laminating,Laminating,2,2
lammaking,Lammaking,2,2
lamplighter,Lamplighter,2,2
lampoon,Lampoon,2,2
lancet,Lancet,2,2
lancinating,Lancinating,2,2
landamman,Landamman,2,2
lander,Lander,2,2
landfall,Landfall,2,2
landgraviate,Landgraviate,2,2
landlady,Landlady,2,2
landlocked,Landlocked,2,2
landlord,Landlord,2,2
landman,Landman,2,2
landmark,Landmark,2,2
landowning,Landowning,2,2
landslide,Landslide,2,2
landsman,Landsman,2,2
lane,Lane,2,2
languaged,Languaged,2,2
languet,Languet,2,2
languishment,Languishment,2,2
lanier,Lanier,2,2
lansquenet,Lansquenet,2,2
lanyard,Lanyard,2,2
laocoon,Laocoon,2,2
lapidescent,Lapidescent,2,2
lapidify,Lapidify,2,2
lappet,Lappet,2,2
lappic,Lappic,2,2
lapping,Lapping,2,2
lappish,Lappish,2,2
lar,Lar,2,2
larboard,Larboard,2,2
largesse,Largesse,2,2
largo,Largo,2,2
lariat,Lariat,2,2
larker,Larker,2,2
larva,Larva,2,2
las,Las,2,2
lascivious,Lascivious,2,2
lasso,Lasso,2,2
lastly,Lastly,2,2
latching,Latching,2,2
later,Later,2,2
lath,Lath,2,2
lathing,Lathing,2,2
latreutical,Latreutical,2,2
latten,Latten,2,2
laudable,Laudable,2,2
laudative,Laudative,2,2
laudator,Laudator,2,2
laugher,Laugher,2,2
laughing,Laughing,2,2
launce,Launce,2,2
laundering,Laundering,2,2
laundress,Laundress,2,2
laundry,Laundry,2,2
lavender,Lavender,2,2
lawful,Lawful,2,2
lawing,Lawing,2,2
lawn,Lawn,2,2
lawny,Lawny,2,2
layman,Layman,2,2
laystall,Laystall,2,2
laze,Laze,2,2
leafed,Leafed,2,2
leafy,Leafy,2,2
leakage,Leakage,2,2
leaky,Leaky,2,2
leam,Leam,2,2
lean-faced,Lean-faced,2,2
lean-to,Lean-to,2,2
leaning,Leaning,2,2
leaper,Leaper,2,2
leaping,Leaping,2,2
learned,Learned,2,2
leasehold,Leasehold,2,2
leaser,Leaser,2,2
leasing,Leasing,2,2
least,Least,2,2
leaved,Leaved,2,2
leaves,Leaves,2,2
leavings,Leavings,2,2
lecher,Lecher,2,2
lechery,Lechery,2,2
lection,Lection,2,2
led,Led,2,2
ledgment,Ledgment,2,2
leese,Leese,2,2
legacy,Legacy,2,2
legality,Legality,2,2
legalize,Legalize,2,2
legatine,Legatine,2,2
legge,Legge,2,2
legging,Legging,2,2
legible,Legible,2,2
legionary,Legionary,2,2
legislative,Legislative,2,2
legitimation,Legitimation,2,2
legitimist,Legitimist,2,2
leguleian,Leguleian,2,2
legume,Legume,2,2
leguminous,Leguminous,2,2
leiotrichan,Leiotrichan,2,2
leisurable,Leisurable,2,2
leisurely,Leisurely,2,2
leme,Leme,2,2
lemon,Lemon,2,2
lemuroid,Lemuroid,2,2
lengthen,Lengthen,2,2
lenticel,Lenticel,2,2
lentor,Lentor,2,2
leo,Leo,2,2
leonese,Leonese,2,2
lepidodendroid,Lepidodendroid,2,2
leprous,Leprous,2,2
leptocardian,Leptocardian,2,2
leptothrix,Leptothrix,2,2
lessen,Lessen,2,2
lesser,Lesser,2,2
lethal,Lethal,2,2
letted,Letted,2,2
letterless,Letterless,2,2
lettish,Lettish,2,2
leucite,Leucite,2,2
levanter,Levanter,2,2
levator,Levator,2,2
leveler,Leveler,2,2
leviathan,Leviathan,2,2
levitate,Levitate,2,2
levitation,Levitation,2,2
levite,Levite,2,2
lewisson,Lewisson,2,2
li,Li,2,2
li bella,Li bella,2,2
liable,Liable,2,2
liard,Liard,2,2
liassic,Liassic,2,2
liberality,Liberality,2,2
libertarian,Libertarian,2,2
liberticide,Liberticide,2,2
libra,Libra,2,2
librarian,Librarian,2,2
library,Library,2,2
librate,Librate,2,2
libration,Libration,2,2
libretto,Libretto,2,2
lice,Lice,2,2
licensed,Licensed,2,2
licentious,Licentious,2,2
lich,Lich,2,2
lichen,Lichen,2,2
licorice,Licorice,2,2
lied,Lied,2,2
lienteric,Lienteric,2,2
lieutenancy,Lieutenancy,2,2
lifeblood,Lifeblood,2,2
lifter,Lifter,2,2
lifting,Lifting,2,2
ligation,Ligation,2,2
light-headed,Light-headed,2,2
light-horseman,Light-horseman,2,2
light-o'-love,Light-o'-love,2,2
lighterage,Lighterage,2,2
lighting,Lighting,2,2
lightsome,Lightsome,2,2
lign-aloes,Lign-aloes,2,2
lignify,Lignify,2,2
ligula,Ligula,2,2
ligulated,Ligulated,2,2
likeliness,Likeliness,2,2
liken,Liken,2,2
lilac,Lilac,2,2
liliaceous,Liliaceous,2,2
limature,Limature,2,2
limbec,Limbec,2,2
limenean,Limenean,2,2
limited,Limited,2,2
limiter,Limiter,2,2
limn,Limn,2,2
limning,Limning,2,2
linden,Linden,2,2
linear,Linear,2,2
lineated,Lineated,2,2
lineman,Lineman,2,2
lineolate,Lineolate,2,2
lingel,Lingel,2,2
lingua,Lingua,2,2
linguadental,Linguadental,2,2
lingual,Lingual,2,2
linguist,Linguist,2,2
lingula,Lingula,2,2
linkwork,Linkwork,2,2
linoleum,Linoleum,2,2
lint,Lint,2,2
lion's foot,Lion's foot,2,2
lionize,Lionize,2,2
liquate,Liquate,2,2
liquation,Liquation,2,2
liquefacient,Liquefacient,2,2
liquefy,Liquefy,2,2
liquidambar,Liquidambar,2,2
liquidator,Liquidator,2,2
liss,Liss,2,2
lissome,Lissome,2,2
lister,Lister,2,2
lit,Lit,2,2
literalism,Literalism,2,2
literally,Literally,2,2
literary,Literary,2,2
literati,Literati,2,2
lith,Lith,2,2
lithograph,Lithograph,2,2
lithological,Lithological,2,2
lithology,Lithology,2,2
lithontriptic,Lithontriptic,2,2
lithophagous,Lithophagous,2,2
lithotint,Lithotint,2,2
lithotome,Lithotome,2,2
lithotype,Lithotype,2,2
lithuanian,Lithuanian,2,2
litigant,Litigant,2,2
litigate,Litigate,2,2
littoral,Littoral,2,2
liturate,Liturate,2,2
livable,Livable,2,2
lived,Lived,2,2
livelihood,Livelihood,2,2
livelong,Livelong,2,2
liverwort,Liverwort,2,2
lixivited,Lixivited,2,2
lloyd's,Lloyd's,2,2
loaning,Loaning,2,2
loath,Loath,2,2
loathful,Loathful,2,2
loathing,Loathing,2,2
loaves,Loaves,2,2
locale,Locale,2,2
localism,Localism,2,2
locative,Locative,2,2
loch,Loch,2,2
locken,Locken,2,2
locker,Locker,2,2
locket,Locket,2,2
loco,Loco,2,2
locofoco,Locofoco,2,2
locomotion,Locomotion,2,2
loculus,Loculus,2,2
locus,Locus,2,2
locust,Locust,2,2
lode,Lode,2,2
lodemanage,Lodemanage,2,2
lodgeable,Lodgeable,2,2
lodged,Lodged,2,2
lofty,Lofty,2,2
loggat,Loggat,2,2
logged,Logged,2,2
logging,Logging,2,2
logic,Logic,2,2
logistical,Logistical,2,2
logistics,Logistics,2,2
logographer,Logographer,2,2
logography,Logography,2,2
logomachy,Logomachy,2,2
logos,Logos,2,2
logrolling,Logrolling,2,2
loiter,Loiter,2,2
loiterer,Loiterer,2,2
lollard,Lollard,2,2
lombar-house,Lombar-house,2,2
londonize,Londonize,2,2
lonesome,Lonesome,2,2
long-sighted,Long-sighted,2,2
long-suffering,Long-suffering,2,2
long-tongued,Long-tongued,2,2
long-waisted,Long-waisted,2,2
longe,Longe,2,2
longicorn,Longicorn,2,2
longing,Longing,2,2
longirostres,Longirostres,2,2
longly,Longly,2,2
loobily,Loobily,2,2
looming,Looming,2,2
loon,Loon,2,2
looper,Looper,2,2
loophole,Loophole,2,2
loosestrife,Loosestrife,2,2
loper,Loper,2,2
lophobranch,Lophobranch,2,2
lopper,Lopper,2,2
lopping,Lopping,2,2
lopsided,Lopsided,2,2
loral,Loral,2,2
lordlike,Lordlike,2,2
lordosis,Lordosis,2,2
lorgnette,Lorgnette,2,2
loricata,Loricata,2,2
lorn,Lorn,2,2
losel,Losel,2,2
lotion,Lotion,2,2
lottery,Lottery,2,2
lough,Lough,2,2
lousy,Lousy,2,2
love-sick,Love-sick,2,2
loveless,Loveless,2,2
lowering,Lowering,2,2
lowing,Lowing,2,2
lowliness,Lowliness,2,2
loyal,Loyal,2,2
lubbard,Lubbard,2,2
lubberly,Lubberly,2,2
lubrical,Lubrical,2,2
lubricant,Lubricant,2,2
lubricate,Lubricate,2,2
lubricator,Lubricator,2,2
lucernarian,Lucernarian,2,2
lucernarida,lucernarida,2,2
luckiness,Luckiness,2,2
lucky,Lucky,2,2
lucrative,Lucrative,2,2
lucubrate,Lucubrate,2,2
lucubration,Lucubration,2,2
lugger,Lugger,2,2
lullaby,lullaby,2,2
lumbering,Lumbering,2,2
lumbrical,Lumbrical,2,2
luminary,Luminary,2,2
lumping,Lumping,2,2
luna,Luna,2,2
lunacy,Lunacy,2,2
lunch,Lunch,2,2
lunged,Lunged,2,2
lungwort,Lungwort,2,2
lunt,Lunt,2,2
lupercal,Lupercal,2,2
lupine,Lupine,2,2
lupulin,Lupulin,2,2
lupus,Lupus,2,2
lurdan,Lurdan,2,2
lurk,Lurk,2,2
lurker,Lurker,2,2
lusitanian,Lusitanian,2,2
lustless,Lustless,2,2
lustral,Lustral,2,2
lustration,Lustration,2,2
lustring,Lustring,2,2
luteic,Luteic,2,2
luter,Luter,2,2
lutheran,Lutheran,2,2
luxate,Luxate,2,2
lycanthrope,Lycanthrope,2,2
lycanthropy,Lycanthropy,2,2
lying-in,Lying-in,2,2
lynx,Lynx,2,2
lyra,Lyra,2,2
lyrated,Lyrated,2,2
lyre,Lyre,2,2
lyrical,Lyrical,2,2
lythe,Lythe,2,2
maalin,Maalin,2,2
macaroon,Macaroon,2,2
maccabees,Maccabees,2,2
machiavelian,Machiavelian,2,2
machicolation,Machicolation,2,2
machinate,Machinate,2,2
machination,Machination,2,2
machining,Machining,2,2
mackerel,Mackerel,2,2
mackle,Mackle,2,2
macrocephalous,Macrocephalous,2,2
macrodont,Macrodont,2,2
macula,Macula,2,2
maculate,Maculate,2,2
madbrain,Madbrain,2,2
madden,Madden,2,2
madding,Madding,2,2
madecassee,Madecassee,2,2
mademoiselle,Mademoiselle,2,2
madge,Madge,2,2
madness,Madness,2,2
madonna,Madonna,2,2
madreporite,Madreporite,2,2
madrigal,Madrigal,2,2
madrilenian,Madrilenian,2,2
maelstrom,Maelstrom,2,2
maenad,Maenad,2,2
magazining,Magazining,2,2
maggot,Maggot,2,2
maggoty,Maggoty,2,2
magian,Magian,2,2
magical,Magical,2,2
magisterial,Magisterial,2,2
magistracy,Magistracy,2,2
magna charta,Magna Charta,2,2
magnanimous,Magnanimous,2,2
magnate,Magnate,2,2
magnet,Magnet,2,2
magnetic,Magnetic,2,2
magneto-electricity,Magneto-electricity,2,2
magnificent,Magnificent,2,2
magnifico,Magnifico,2,2
magnum,Magnum,2,2
magyar,Magyar,2,2
mahratta,Mahratta,2,2
maia,Maia,2,2
maidenhood,Maidenhood,2,2
maidenly,Maidenly,2,2
maidmarian,Maidmarian,2,2
maieutical,Maieutical,2,2
mailing,Mailing,2,2
mainly,Mainly,2,2
mainstay,Mainstay,2,2
maister,Maister,2,2
majorat,Majorat,2,2
majorate,Majorate,2,2
majorcan,Majorcan,2,2
make-believe,Make-believe,2,2
makeless,Makeless,2,2
making-up,Making-up,2,2
mala,Mala,2,2
malady,Malady,2,2
malapert,Malapert,2,2
malar,Malar,2,2
malaria,Malaria,2,2
malassimilation,Malassimilation,2,2
malay,Malay,2,2
malayan,Malayan,2,2
malcontent,Malcontent,2,2
malefactor,Malefactor,2,2
mallard,Mallard,2,2
malleolus,Malleolus,2,2
maltese,Maltese,2,2
maltha,Maltha,2,2
malting,Malting,2,2
mamma,Mamma,2,2
mammillary,Mammillary,2,2
mammillated,Mammillated,2,2
mammock,Mammock,2,2
mammoth,Mammoth,2,2
manacle,Manacle,2,2
managery,Managery,2,2
manakin,Manakin,2,2
manchu,Manchu,2,2
mandarin,Mandarin,2,2
mandatary,Mandatary,2,2
mandator,Mandator,2,2
mandible,Mandible,2,2
mandibular,Mandibular,2,2
mandibulate,Mandibulate,2,2
mandrake,Mandrake,2,2
mandrel,Mandrel,2,2
manege,Manege,2,2
manganite,Manganite,2,2
manger,Manger,2,2
mangler,Mangler,2,2
mango,Mango,2,2
mangonist,Mangonist,2,2
mangrove,Mangrove,2,2
manhood,Manhood,2,2
mania,Mania,2,2
maniac,Maniac,2,2
manichaean,Manichaean,2,2
manichean,Manichean,2,2
manifolded,Manifolded,2,2
manifoldness,Manifoldness,2,2
manikin,Manikin,2,2
manipular,Manipular,2,2
manks,Manks,2,2
manless,Manless,2,2
manly,Manly,2,2
manna croup,Manna croup,2,2
mannered,Mannered,2,2
mannerly,Mannerly,2,2
mannite,Mannite,2,2
manor,Manor,2,2
manse,Manse,2,2
manslaughter,Manslaughter,2,2
manteau,Manteau,2,2
mantilla,Mantilla,2,2
mantling,Mantling,2,2
mantrap,Mantrap,2,2
mantua,Mantua,2,2
mantuan,Mantuan,2,2
manuary,Manuary,2,2
manubrium,Manubrium,2,2
manurable,Manurable,2,2
manuring,Manuring,2,2
manus,Manus,2,2
manx,Manx,2,2
many-sided,Many-sided,2,2
maori,Maori,2,2
marabou,Marabou,2,2
maraud,Maraud,2,2
marbler,Marbler,2,2
marching,Marching,2,2
marcid,Marcid,2,2
mare,Mare,2,2
mare's-tail,Mare's-tail,2,2
margarite,Margarite,2,2
margent,Margent,2,2
marginal,Marginal,2,2
marginate,Marginate,2,2
margrave,Margrave,2,2
marionette,Marionette,2,2
maritime,Maritime,2,2
marked,Marked,2,2
marking,Marking,2,2
marksman,Marksman,2,2
marline,Marline,2,2
marmot,Marmot,2,2
marrried,Marrried,2,2
marseillaise,Marseillaise,2,2
marshy,Marshy,2,2
marsupium,Marsupium,2,2
martin,Martin,2,2
martinet,Martinet,2,2
martlet,Martlet,2,2
martyrdom,Martyrdom,2,2
marvelous,Marvelous,2,2
mary,Mary,2,2
masher,Masher,2,2
masker,Masker,2,2
massive,Massive,2,2
mastax,Mastax,2,2
masted,Masted,2,2
masterful,Masterful,2,2
masthead,Masthead,2,2
masticator,Masticator,2,2
masticatory,Masticatory,2,2
masting,Masting,2,2
mastless,Mastless,2,2
mastoid,Mastoid,2,2
matador,Matador,2,2
matchless,Matchless,2,2
matchmaker,Matchmaker,2,2
materia medica,Materia medica,2,2
materialist,Materialist,2,2
materiality,Materiality,2,2
matricide,Matricide,2,2
matrimony,Matrimony,2,2
matron,Matron,2,2
matronage,Matronage,2,2
matronize,Matronize,2,2
matronly,Matronly,2,2
matte,Matte,2,2
matterless,Matterless,2,2
mattery,Mattery,2,2
mattress,Mattress,2,2
maturative,Maturative,2,2
maturing,Maturing,2,2
maturity,Maturity,2,2
maugre,Maugre,2,2
mauling,Mauling,2,2
maunch,Maunch,2,2
maund,Maund,2,2
mawk,Mawk,2,2
mawkish,Mawkish,2,2
mawworm,Mawworm,2,2
maxilloturbinal,Maxilloturbinal,2,2
maxim,Maxim,2,2
maximum,Maximum,2,2
mayweed,Mayweed,2,2
mazarine,Mazarine,2,2
me,Me,2,2
mealy,Mealy,2,2
meanly,Meanly,2,2
meanness,Meanness,2,2
meant,Meant,2,2
meanwhile,Meanwhile,2,2
measle,Measle,2,2
measly,Measly,2,2
measurable,Measurable,2,2
measured,Measured,2,2
measurement,Measurement,2,2
measuring,Measuring,2,2
meated,Meated,2,2
meccawee,Meccawee,2,2
mechanist,Mechanist,2,2
mechanographic,Mechanographic,2,2
meconium,Meconium,2,2
medal,Medal,2,2
medallion,Medallion,2,2
meddling,Meddling,2,2
mediation,Mediation,2,2
medic,Medic,2,2
medical,Medical,2,2
medicate,Medicate,2,2
medicinal,Medicinal,2,2
mediocrity,Mediocrity,2,2
mediostapedial,Mediostapedial,2,2
meditation,Meditation,2,2
medusa,Medusa,2,2
medusoid,Medusoid,2,2
meer,Meer,2,2
meerschaum,Meerschaum,2,2
megalo-,Megalo-,2,2
megalops,Megalops,2,2
meiny,Meiny,2,2
melancholize,Melancholize,2,2
melanic,Melanic,2,2
melanism,Melanism,2,2
meliorate,Meliorate,2,2
meliphagan,Meliphagan,2,2
melisma,Melisma,2,2
mellitic,Mellitic,2,2
melocotoon,Melocotoon,2,2
melodeon,Melodeon,2,2
melodize,Melodize,2,2
melon,Melon,2,2
melpomene,Melpomene,2,2
membered,Membered,2,2
membership,Membership,2,2
membranous,Membranous,2,2
memorandum,Memorandum,2,2
memorize,Memorize,2,2
menagerie,Menagerie,2,2
mendacious,Mendacious,2,2
mendacity,Mendacity,2,2
mendicant,Mendicant,2,2
menology,Menology,2,2
menorrhagia,Menorrhagia,2,2
mensal,Mensal,2,2
mense,Mense,2,2
menstruate,Menstruate,2,2
menstruous,Menstruous,2,2
mensuration,Mensuration,2,2
ment,Ment,2,2
mention,Mention,2,2
mentomeckelian,Mentomeckelian,2,2
mephitical,Mephitical,2,2
mephitis,Mephitis,2,2
merchantman,Merchantman,2,2
merchantry,Merchantry,2,2
merciful,Merciful,2,2
mercurialist,Mercurialist,2,2
mercurification,Mercurification,2,2
mercurify,Mercurify,2,2
merely,Merely,2,2
meretricious,Meretricious,2,2
merge,Merge,2,2
merger,Merger,2,2
meridional,Meridional,2,2
meridionality,Meridionality,2,2
merk,Merk,2,2
meros,Meros,2,2
merovingian,Merovingian,2,2
merrimake,Merrimake,2,2
merrymake,Merrymake,2,2
merrymaking,Merrymaking,2,2
mes-,Mes-,2,2
mesentery,Mesentery,2,2
mesethmoid,Mesethmoid,2,2
meshed,Meshed,2,2
mesoblast,Mesoblast,2,2
mesogastrium,Mesogastrium,2,2
mesosternum,Mesosternum,2,2
mesozoic,Mesozoic,2,2
mesprise,Mesprise,2,2
messieurs,Messieurs,2,2
metabola,Metabola,2,2
metabolic,Metabolic,2,2
metacarpal,Metacarpal,2,2
metage,Metage,2,2
metagenesis,Metagenesis,2,2
metallic,Metallic,2,2
metameric,Metameric,2,2
metamerism,Metamerism,2,2
metantimonic,Metantimonic,2,2
metaphrase,Metaphrase,2,2
metaphysics,Metaphysics,2,2
metasternum,Metasternum,2,2
metatarsal,Metatarsal,2,2
meteor,Meteor,2,2
meteoroscope,Meteoroscope,2,2
methylate,Methylate,2,2
metisse,Metisse,2,2
metoche,Metoche,2,2
metope,Metope,2,2
metric,Metric,2,2
metrical,Metrical,2,2
metropolis,Metropolis,2,2
mette,Mette,2,2
mexican,Mexican,2,2
mexicanize,Mexicanize,2,2
mezzanine,Mezzanine,2,2
mezzo-rilievo,Mezzo-rilievo,2,2
mezzotint,Mezzotint,2,2
mezzotinto,Mezzotinto,2,2
miaul,Miaul,2,2
mice,Mice,2,2
microcoustic,Microcoustic,2,2
microlite,Microlite,2,2
micrology,Micrology,2,2
microphotograph,Microphotograph,2,2
micropyle,Micropyle,2,2
midday,Midday,2,2
midden,Midden,2,2
middest,Middest,2,2
middlings,Middlings,2,2
midfeather,Midfeather,2,2
midge,Midge,2,2
midget,Midget,2,2
midheaven,Midheaven,2,2
midnight,Midnight,2,2
midships,Midships,2,2
midward,Midward,2,2
midwifery,Midwifery,2,2
miff,Miff,2,2
mightily,Mightily,2,2
mightiness,Mightiness,2,2
migrant,Migrant,2,2
migrate,Migrate,2,2
migratory,Migratory,2,2
milanese,Milanese,2,2
milch,Milch,2,2
mileage,Mileage,2,2
miliolite,Miliolite,2,2
militancy,Militancy,2,2
militarism,Militarism,2,2
militia,Militia,2,2
milker,Milker,2,2
milled,Milled,2,2
millenarian,Millenarian,2,2
millenary,Millenary,2,2
millerite,Millerite,2,2
milliary,Milliary,2,2
milliner,Milliner,2,2
millinery,Millinery,2,2
milling,Milling,2,2
millionth,Millionth,2,2
millwork,Millwork,2,2
milvine,Milvine,2,2
mimetical,Mimetical,2,2
mimicker,Mimicker,2,2
mimicry,Mimicry,2,2
mina,Mina,2,2
minded,Minded,2,2
minder,Minder,2,2
minding,Minding,2,2
mindless,Mindless,2,2
mineralogist,Mineralogist,2,2
mineralogy,Mineralogy,2,2
minge,Minge,2,2
mingle-mangle,Mingle-mangle,2,2
miniate,Miniate,2,2
minify,Minify,2,2
minimus,Minimus,2,2
minionette,Minionette,2,2
ministrant,Ministrant,2,2
minnow,Minnow,2,2
mintage,Mintage,2,2
minuet,Minuet,2,2
minum,Minum,2,2
minute-jack,Minute-jack,2,2
miocene,Miocene,2,2
mirk,Mirk,2,2
mirth,Mirth,2,2
mirthful,Mirthful,2,2
misbehaved,Misbehaved,2,2
misbode,Misbode,2,2
misboden,Misboden,2,2
miscall,Miscall,2,2
miscarry,Miscarry,2,2
miscast,Miscast,2,2
miscellanarian,Miscellanarian,2,2
miscellany,Miscellany,2,2
miscensure,Miscensure,2,2
mischance,Mischance,2,2
mischarge,Mischarge,2,2
mischief-making,Mischief-making,2,2
mischoose,Mischoose,2,2
misconjecture,Misconjecture,2,2
miscopy,Miscopy,2,2
miscount,Miscount,2,2
miscreate,Miscreate,2,2
misdeal,Misdeal,2,2
misdemeanor,Misdemeanor,2,2
misderive,Misderive,2,2
misdiet,Misdiet,2,2
misdirection,Misdirection,2,2
misdoing,Misdoing,2,2
misfare,Misfare,2,2
misfit,Misfit,2,2
misfortune,Misfortune,2,2
misgiving,Misgiving,2,2
misguide,Misguide,2,2
mishap,Mishap,2,2
misinform,Misinform,2,2
misintelligence,Misintelligence,2,2
mislay,Mislay,2,2
misle,Misle,2,2
misleading,Misleading,2,2
mislike,Mislike,2,2
misliking,Misliking,2,2
misnomer,Misnomer,2,2
misorder,Misorder,2,2
misprint,Misprint,2,2
misprise,Misprise,2,2
misprofess,Misprofess,2,2
misread,Misread,2,2
misreport,Misreport,2,2
misrepresent,Misrepresent,2,2
missal,Missal,2,2
misseem,Misseem,2,2
missile,Missile,2,2
missing,Missing,2,2
missionary,Missionary,2,2
misspeak,Misspeak,2,2
misspelling,Misspelling,2,2
misspent,Misspent,2,2
misstep,Misstep,2,2
mistaking,Mistaking,2,2
mistaught,Mistaught,2,2
misthink,Misthink,2,2
mistook,Mistook,2,2
mistressship,Mistressship,2,2
mistura,Mistura,2,2
misty,Misty,2,2
misuser,Misuser,2,2
misword,Misword,2,2
misworship,Misworship,2,2
mitigate,Mitigate,2,2
mitten,Mitten,2,2
mittimus,Mittimus,2,2
mixed,Mixed,2,2
mixtion,Mixtion,2,2
mizzen,Mizzen,2,2
moat,Moat,2,2
mobility,Mobility,2,2
moccasin,Moccasin,2,2
moche,Moche,2,2
mocking,Mocking,2,2
modal,Modal,2,2
modality,Modality,2,2
modeling,Modeling,2,2
modenese,Modenese,2,2
modesty,Modesty,2,2
modify,Modify,2,2
moesogothic,Moesogothic,2,2
mogul,Mogul,2,2
mohammedan,Mohammedan,2,2
mohawk,Mohawk,2,2
moiety,Moiety,2,2
moire,Moire,2,2
moisten,Moisten,2,2
moisture,Moisture,2,2
moither,Moither,2,2
moke,Moke,2,2
molest,Molest,2,2
mollify,Mollify,2,2
molluscan,Molluscan,2,2
molluscoid,Molluscoid,2,2
molly,Molly,2,2
moloch,Moloch,2,2
moly,Moly,2,2
momently,Momently,2,2
momentum,Momentum,2,2
monarchize,Monarchize,2,2
monastical,Monastical,2,2
monatomic,Monatomic,2,2
mone,Mone,2,2
monera,Monera,2,2
moneran,Moneran,2,2
money-maker,Money-maker,2,2
moneyage,Moneyage,2,2
moneyer,Moneyer,2,2
mongol,Mongol,2,2
mongolian,Mongolian,2,2
monitorial,Monitorial,2,2
monitory,Monitory,2,2
monkery,Monkery,2,2
monkfish,Monkfish,2,2
monkhood,Monkhood,2,2
monocardian,Monocardian,2,2
monoceros,Monoceros,2,2
monocular,Monocular,2,2
monogamic,Monogamic,2,2
monogamous,Monogamous,2,2
monogamy,Monogamy,2,2
monogenetic,Monogenetic,2,2
monogenic,Monogenic,2,2
monogeny,Monogeny,2,2
monography,Monography,2,2
monogynian,Monogynian,2,2
monogyny,Monogyny,2,2
monologue,Monologue,2,2
monomaniac,Monomaniac,2,2
monomerous,Monomerous,2,2
monomial,Monomial,2,2
monomyary,Monomyary,2,2
monophthong,Monophthong,2,2
monopode,Monopode,2,2
monoptote,Monoptote,2,2
monotocous,Monotocous,2,2
monotone,Monotone,2,2
monotony,Monotony,2,2
montant,Montant,2,2
monumental,Monumental,2,2
monumentally,Monumentally,2,2
moody,Moody,2,2
mooncalf,Mooncalf,2,2
mooned,Mooned,2,2
moonflower,Moonflower,2,2
moonlight,Moonlight,2,2
moonwort,Moonwort,2,2
moorish,Moorish,2,2
moory,Moory,2,2
moosewood,Moosewood,2,2
moppet,Moppet,2,2
mopsy,Mopsy,2,2
moralist,Moralist,2,2
moralization,Moralization,2,2
moravian,Moravian,2,2
morbid,Morbid,2,2
morbidezza,Morbidezza,2,2
moresque,Moresque,2,2
moribund,Moribund,2,2
morion,Morion,2,2
morisco,Morisco,2,2
mormonite,Mormonite,2,2
morose,Morose,2,2
morphew,Morphew,2,2
morse,Morse,2,2
morsel,Morsel,2,2
mortified,Mortified,2,2
mortling,Mortling,2,2
mossy,Mossy,2,2
moste,Moste,2,2
mothered,Mothered,2,2
mothering,Mothering,2,2
motherly,Motherly,2,2
motherwort,Motherwort,2,2
motile,Motile,2,2
motivity,Motivity,2,2
mottle,Mottle,2,2
mottled,Mottled,2,2
motto,Motto,2,2
mouldboard,Mouldboard,2,2
moun,Moun,2,2
mounter,Mounter,2,2
mourner,Mourner,2,2
mouse-ear,Mouse-ear,2,2
mouser,Mouser,2,2
mouthful,Mouthful,2,2
movent,Movent,2,2
mown,Mown,2,2
moxa,Moxa,2,2
mucific,Mucific,2,2
mucilage,Mucilage,2,2
mucin,Mucin,2,2
mucker,Mucker,2,2
muckworm,Muckworm,2,2
mucky,Mucky,2,2
mucous,Mucous,2,2
muddiness,Muddiness,2,2
mudhole,Mudhole,2,2
mufti,Mufti,2,2
mug,Mug,2,2
muggy,Muggy,2,2
muharram,Muharram,2,2
mulada,Mulada,2,2
mulberry,Mulberry,2,2
mulch,Mulch,2,2
muliebrity,Muliebrity,2,2
mulligrubs,Mulligrubs,2,2
multifarious,Multifarious,2,2
multifariousness,Multifariousness,2,2
multifoil,Multifoil,2,2
multijugous,Multijugous,2,2
multiped,Multiped,2,2
multiple,Multiple,2,2
multitudinous,Multitudinous,2,2
multivalent,Multivalent,2,2
multivalvular,Multivalvular,2,2
multivocal,Multivocal,2,2
multure,Multure,2,2
mumbling,Mumbling,2,2
mummery,Mummery,2,2
mummified,Mummified,2,2
mumps,Mumps,2,2
mundificant,Mundificant,2,2
mundificative,Mundificative,2,2
municipal,Municipal,2,2
munificence,Munificence,2,2
munition,Munition,2,2
mural,Mural,2,2
murderer,Murderer,2,2
mure,Mure,2,2
murine,Murine,2,2
murmuring,Murmuring,2,2
murrain,Murrain,2,2
murrey,Murrey,2,2
murrion,Murrion,2,2
musca,Musca,2,2
musciform,Musciform,2,2
muscoid,Muscoid,2,2
muscovado,Muscovado,2,2
muscovite,Muscovite,2,2
musette,Musette,2,2
mush,Mush,2,2
musket,Musket,2,2
musketoon,Musketoon,2,2
musketry,Musketry,2,2
muskwood,Muskwood,2,2
mussel,Mussel,2,2
mustard,Mustard,2,2
mutable,Mutable,2,2
mutine,Mutine,2,2
mutual,Mutual,2,2
mutuality,Mutuality,2,2
mux,Mux,2,2
mycoderma,Mycoderma,2,2
mydriatic,Mydriatic,2,2
myelencephalon,Myelencephalon,2,2
myelin,Myelin,2,2
myoepithelial,Myoepithelial,2,2
myotic,Myotic,2,2
myrmidon,Myrmidon,2,2
mystagogue,Mystagogue,2,2
mysteriousness,Mysteriousness,2,2
mystical,Mystical,2,2
mystify,Mystify,2,2
myth,Myth,2,2
mythologize,Mythologize,2,2
mythology,Mythology,2,2
myxinoid,Myxinoid,2,2
n,N,2,2
nabob,Nabob,2,2
nacarat,Nacarat,2,2
nadir,Nadir,2,2
nagging,Nagging,2,2
naif,Naif,2,2
nailer,Nailer,2,2
nakedness,Nakedness,2,2
naker,Naker,2,2
namby-pamby,Namby-pamby,2,2
namely,Namely,2,2
naphtha,Naphtha,2,2
naphthalic,Naphthalic,2,2
napkin,Napkin,2,2
narcissus,Narcissus,2,2
narcotic,Narcotic,2,2
narthex,Narthex,2,2
nas,Nas,2,2
nasalize,Nasalize,2,2
nascent,Nascent,2,2
nasoturbinal,Nasoturbinal,2,2
nasturtium,Nasturtium,2,2
nasute,Nasute,2,2
nat,Nat,2,2
natal,Natal,2,2
natant,Natant,2,2
national,National,2,2
nativism,Nativism,2,2
naturalism,Naturalism,2,2
naturalist,Naturalist,2,2
naturalistic,Naturalistic,2,2
naumachy,Naumachy,2,2
nautiloid,Nautiloid,2,2
navarrese,Navarrese,2,2
navies,Navies,2,2
nazarene,Nazarene,2,2
ne,Ne,2,2
neal,Neal,2,2
neapolitan,Neapolitan,2,2
nebule,Nebule,2,2
nebulous,Nebulous,2,2
nebuly,Nebuly,2,2
necessarian,Necessarian,2,2
necessitarian,Necessitarian,2,2
necessitate,Necessitate,2,2
necessitous,Necessitous,2,2
necessitude,Necessitude,2,2
necklace,Necklace,2,2
neckweed,Neckweed,2,2
necromantic,Necromantic,2,2
necrophagan,Necrophagan,2,2
necrosis,Necrosis,2,2
nectar,Nectar,2,2
nectareal,Nectareal,2,2
nectarine,Nectarine,2,2
nectocalyx,Nectocalyx,2,2
needful,Needful,2,2
needlefish,Needlefish,2,2
needlework,Needlework,2,2
needly,Needly,2,2
needment,Needment,2,2
needy,Needy,2,2
neesing,Neesing,2,2
negation,Negation,2,2
negatively,Negatively,2,2
negro,Negro,2,2
negroid,Negroid,2,2
neif,Neif,2,2
neighboring,Neighboring,2,2
neighborly,Neighborly,2,2
neither,Neither,2,2
nematoid,Nematoid,2,2
nemetean,Nemetean,2,2
neocomian,Neocomian,2,2
neologian,Neologian,2,2
neologist,Neologist,2,2
neologize,Neologize,2,2
neology,Neology,2,2
neonomian,Neonomian,2,2
neophyte,Neophyte,2,2
neoteric,Neoteric,2,2
nepaulese,Nepaulese,2,2
nepenthes,Nepenthes,2,2
neptune,Neptune,2,2
nereid,Nereid,2,2
nereides,Nereides,2,2
nereis,Nereis,2,2
nerveless,Nerveless,2,2
nervine,Nervine,2,2
nervure,Nervure,2,2
nettle,Nettle,2,2
network,Network,2,2
neurapophysis,Neurapophysis,2,2
neurilemma,Neurilemma,2,2
neurotome,Neurotome,2,2
neurotomy,Neurotomy,2,2
neutralization,Neutralization,2,2
never,Never,2,2
newel,Newel,2,2
newfangle,Newfangle,2,2
newfangled,Newfangled,2,2
newfoundland,Newfoundland,2,2
newly,Newly,2,2
newsman,Newsman,2,2
newtonian,Newtonian,2,2
nickel,Nickel,2,2
nickeline,Nickeline,2,2
nicker,Nicker,2,2
nickname,Nickname,2,2
nicotian,Nicotian,2,2
nidulant,Nidulant,2,2
niece,Niece,2,2
niggardly,Niggardly,2,2
nightcap,Nightcap,2,2
nighted,Nighted,2,2
nightingale,Nightingale,2,2
nightly,Nightly,2,2
nihilist,Nihilist,2,2
nil,Nil,2,2
nimbus,Nimbus,2,2
ninepence,Ninepence,2,2
ninescore,Ninescore,2,2
nipping,Nipping,2,2
nitency,Nitency,2,2
nitid,Nitid,2,2
nitrated,Nitrated,2,2
nitre,Nitre,2,2
nitro-,Nitro-,2,2
nitrous,Nitrous,2,2
nitty,Nitty,2,2
no-man's land,No-man's land,2,2
nob,Nob,2,2
nobiliary,Nobiliary,2,2
noblesse,Noblesse,2,2
nobley,Nobley,2,2
nobody,Nobody,2,2
noctiluca,Noctiluca,2,2
noctograph,Noctograph,2,2
noctuid,Noctuid,2,2
nocturn,Nocturn,2,2
nodding,Nodding,2,2
noddle,Noddle,2,2
nodosarine,Nodosarine,2,2
nodose,Nodose,2,2
nodosity,Nodosity,2,2
noggin,Noggin,2,2
noisome,Noisome,2,2
noisy,Noisy,2,2
nomad,Nomad,2,2
nomen,Nomen,2,2
nomenclator,Nomenclator,2,2
nomic,Nomic,2,2
nomination,Nomination,2,2
nominative,Nominative,2,2
nomology,Nomology,2,2
non obstante,Non obstante,2,2
nonability,Nonability,2,2
nonage,Nonage,2,2
nonagesimal,Nonagesimal,2,2
nondescript,Nondescript,2,2
noneffective,Noneffective,2,2
nonelectric,Nonelectric,2,2
nonessential,Nonessential,2,2
nonexistence,Nonexistence,2,2
nonmetallic,Nonmetallic,2,2
nonplus,Nonplus,2,2
nonresistant,Nonresistant,2,2
nonsense,Nonsense,2,2
nonsolvent,Nonsolvent,2,2
nonsonant,Nonsonant,2,2
nonuser,Nonuser,2,2
nonvocal,Nonvocal,2,2
noodle,Noodle,2,2
noonday,Noonday,2,2
noose,Noose,2,2
norm,Norm,2,2
norna,Norna,2,2
norse,Norse,2,2
northeasterly,Northeasterly,2,2
northerly,Northerly,2,2
northern,Northern,2,2
northerner,Northerner,2,2
northing,Northing,2,2
northumbrian,Northumbrian,2,2
northward,Northward,2,2
northwardly,Northwardly,2,2
nosebleed,Nosebleed,2,2
nosed,Nosed,2,2
nosing,Nosing,2,2
nosology,Nosology,2,2
nostril,Nostril,2,2
nostrum,Nostrum,2,2
notary,Notary,2,2
notebook,Notebook,2,2
noted,Noted,2,2
noter,Noter,2,2
nothingness,Nothingness,2,2
notify,Notify,2,2
notobranchiata,Notobranchiata,2,2
nott,Nott,2,2
notwithstanding,Notwithstanding,2,2
nourishable,Nourishable,2,2
nourishing,Nourishing,2,2
nourishment,Nourishment,2,2
novation,Novation,2,2
novelize,Novelize,2,2
novelty,Novelty,2,2
novenary,Novenary,2,2
novercal,Novercal,2,2
noxious,Noxious,2,2
noy,Noy,2,2
nub,Nub,2,2
nubian,Nubian,2,2
nucleate,Nucleate,2,2
nucleobranch,Nucleobranch,2,2
nucleolus,Nucleolus,2,2
nude,Nude,2,2
nudge,Nudge,2,2
nudibranch,Nudibranch,2,2
nudity,Nudity,2,2
nugatory,Nugatory,2,2
nullifidian,Nullifidian,2,2
numeration,Numeration,2,2
numerator,Numerator,2,2
numerical,Numerical,2,2
numerosity,Numerosity,2,2
numerous,Numerous,2,2
nummulary,Nummulary,2,2
nuncio,Nuncio,2,2
nuncius,Nuncius,2,2
nuncupate,Nuncupate,2,2
nundinal,Nundinal,2,2
nuptial,Nuptial,2,2
nursing,Nursing,2,2
nutbreaker,Nutbreaker,2,2
nuthook,Nuthook,2,2
nutrient,Nutrient,2,2
nutriment,Nutriment,2,2
nutting,Nutting,2,2
nutty,Nutty,2,2
ny,Ny,2,2
nyctalopia,Nyctalopia,2,2
nye,Nye,2,2
o',O',2,2
oak,Oak,2,2
oakum,Oakum,2,2
oat,Oat,2,2
oaten,Oaten,2,2
oatmeal,Oatmeal,2,2
obdure,Obdure,2,2
obeisance,Obeisance,2,2
obfuscate,Obfuscate,2,2
obi,Obi,2,2
obituary,Obituary,2,2
oblati,Oblati,2,2
obligate,Obligate,2,2
obliging,Obliging,2,2
obliquation,Obliquation,2,2
obliquity,Obliquity,2,2
oblivion,Oblivion,2,2
oblivious,Oblivious,2,2
oblong,Oblong,2,2
obloquy,Obloquy,2,2
obmutescence,Obmutescence,2,2
obolus,Obolus,2,2
obreption,Obreption,2,2
obrok,Obrok,2,2
obsecration,Obsecration,2,2
obsequiously,Obsequiously,2,2
obsequy,Obsequy,2,2
observator,Observator,2,2
observing,Observing,2,2
obsession,Obsession,2,2
obsoleteness,Obsoleteness,2,2
obstetricate,Obstetricate,2,2
obstinacy,Obstinacy,2,2
obstinate,Obstinate,2,2
obstipation,Obstipation,2,2
obstruct,Obstruct,2,2
obstructionist,Obstructionist,2,2
obstructive,Obstructive,2,2
obstruent,Obstruent,2,2
obtected,Obtected,2,2
obtend,Obtend,2,2
obtrusion,Obtrusion,2,2
obtusion,Obtusion,2,2
obversion,Obversion,2,2
obviate,Obviate,2,2
occasional,Occasional,2,2
occidental,Occidental,2,2
occipital,Occipital,2,2
occiput,Occiput,2,2
occlude,Occlude,2,2
occludent,Occludent,2,2
occlusion,Occlusion,2,2
occult,Occult,2,2
occultation,Occultation,2,2
occulted,Occulted,2,2
occupant,Occupant,2,2
occupation,Occupation,2,2
occupier,Occupier,2,2
occurrence,Occurrence,2,2
oceanic,Oceanic,2,2
ocellated,Ocellated,2,2
ocellus,Ocellus,2,2
ochre,Ochre,2,2
ochrea,Ochrea,2,2
ochreated,Ochreated,2,2
octa-,Octa-,2,2
octagon,Octagon,2,2
octavo,Octavo,2,2
octic,Octic,2,2
october,October,2,2
octodecimo,Octodecimo,2,2
octopoda,Octopoda,2,2
octostyle,Octostyle,2,2
octosyllable,Octosyllable,2,2
octroi,Octroi,2,2
oculated,Oculated,2,2
oculomotor,Oculomotor,2,2
oculus,Oculus,2,2
oddity,Oddity,2,2
oddness,Oddness,2,2
odds,Odds,2,2
odfend,Odfend,2,2
odious,Odious,2,2
odium,Odium,2,2
odontalgic,Odontalgic,2,2
odontoblast,Odontoblast,2,2
odontoid,Odontoid,2,2
oenomania,Oenomania,2,2
oestrian,Oestrian,2,2
oestrus,Oestrus,2,2
offcut,Offcut,2,2
offhand,Offhand,2,2
officiate,Officiate,2,2
officinal,Officinal,2,2
oft,Oft,2,2
often,Often,2,2
ogee,Ogee,2,2
ogeechee lime,Ogeechee lime,2,2
ogle,Ogle,2,2
oil,Oil,2,2
oiled,Oiled,2,2
oiler,Oiler,2,2
oillet,Oillet,2,2
oke,Oke,2,2
olden,Olden,2,2
oleaster,Oleaster,2,2
oleograph,Oleograph,2,2
oleomargarine,Oleomargarine,2,2
oleoresin,Oleoresin,2,2
olfactory,Olfactory,2,2
olifant,Olifant,2,2
oligist,Oligist,2,2
oligocene,Oligocene,2,2
olivewood,Olivewood,2,2
olla,Olla,2,2
olla-podrida,Olla-podrida,2,2
ombre,Ombre,2,2
omega,Omega,2,2
omen,Omen,2,2
omened,Omened,2,2
omission,Omission,2,2
omit,Omit,2,2
omnibus,Omnibus,2,2
omnipotency,Omnipotency,2,2
omnipotent,Omnipotent,2,2
omosternum,Omosternum,2,2
on dit,On dit,2,2
onager,Onager,2,2
one-horse,One-horse,2,2
one-sided,One-sided,2,2
oneirocritic,Oneirocritic,2,2
onslaught,Onslaught,2,2
onycha,Onycha,2,2
onychia,Onychia,2,2
oo,Oo,2,2
oospere,Oospere,2,2
oospore,Oospore,2,2
opacity,Opacity,2,2
ope,Ope,2,2
openly,Openly,2,2
openwork,Openwork,2,2
operant,Operant,2,2
opercle,Opercle,2,2
operculated,Operculated,2,2
ophidia,Ophidia,2,2
ophidian,Ophidian,2,2
ophidioid,Ophidioid,2,2
ophiuran,Ophiuran,2,2
ophiurioid,Ophiurioid,2,2
ophthalmoscopy,Ophthalmoscopy,2,2
opiated,Opiated,2,2
opiniatre,Opiniatre,2,2
opining,Opining,2,2
opinionative,Opinionative,2,2
opisthobranchiate,Opisthobranchiate,2,2
opodeldoc,Opodeldoc,2,2
opportune,Opportune,2,2
opposable,Opposable,2,2
opprobrious,Opprobrious,2,2
oppugnant,Oppugnant,2,2
optic,Optic,2,2
optician,Optician,2,2
optimacy,Optimacy,2,2
optimate,Optimate,2,2
optimism,Optimism,2,2
optimist,Optimist,2,2
optimistic,Optimistic,2,2
optional,Optional,2,2
ora,Ora,2,2
oracular,Oracular,2,2
oral,Oral,2,2
orally,Orally,2,2
oration,Oration,2,2
oratorio,Oratorio,2,2
oratory,Oratory,2,2
orbed,Orbed,2,2
orbiculate,Orbiculate,2,2
orbitosphenoid,Orbitosphenoid,2,2
orchard,Orchard,2,2
orcharding,Orcharding,2,2
orchis,Orchis,2,2
orderer,Orderer,2,2
ordering,Ordering,2,2
ordinant,Ordinant,2,2
ordovician,Ordovician,2,2
ordure,Ordure,2,2
organism,Organism,2,2
organist,Organist,2,2
organogenesis,Organogenesis,2,2
organology,Organology,2,2
orgue,Orgue,2,2
orientalism,Orientalism,2,2
orientalist,Orientalist,2,2
oriflamme,Oriflamme,2,2
originally,Originally,2,2
originary,Originary,2,2
originate,Originate,2,2
origination,Origination,2,2
oriole,Oriole,2,2
orle,Orle,2,2
orleans,Orleans,2,2
ornament,Ornament,2,2
ornamentation,Ornamentation,2,2
ornitholite,Ornitholite,2,2
ornithology,Ornithology,2,2
orotund,Orotund,2,2
orphanage,Orphanage,2,2
orphanotrophy,Orphanotrophy,2,2
orpin,Orpin,2,2
orthographical,Orthographical,2,2
oryctology,Oryctology,2,2
oscan,Oscan,2,2
oscillate,Oscillate,2,2
oscillating,Oscillating,2,2
oscillation,Oscillation,2,2
oscinian,Oscinian,2,2
oscitancy,Oscitancy,2,2
oscitant,Oscitant,2,2
osculation,Osculation,2,2
osculatory,Osculatory,2,2
osmose,Osmose,2,2
osselet,Osselet,2,2
ossicle,Ossicle,2,2
ossification,Ossification,2,2
ossified,Ossified,2,2
ossifrage,Ossifrage,2,2
ossifying,Ossifying,2,2
ostensible,Ostensible,2,2
ostent,Ostent,2,2
ostentation,Ostentation,2,2
osteoclast,Osteoclast,2,2
osteocolla,Osteocolla,2,2
osteoplastic,Osteoplastic,2,2
osteotomy,Osteotomy,2,2
ostiary,Ostiary,2,2
ostiole,Ostiole,2,2
ostracism,Ostracism,2,2
ostracize,Ostracize,2,2
ostracoid,Ostracoid,2,2
otacoustic,Otacoustic,2,2
otaheite apple,Otaheite apple,2,2
otalgic,Otalgic,2,2
otoconite,Otoconite,2,2
oul,Oul,2,2
our,Our,2,2
ourselves,Ourselves,2,2
outbid,Outbid,2,2
outbrave,Outbrave,2,2
outbray,Outbray,2,2
outbreaking,Outbreaking,2,2
outbuilding,Outbuilding,2,2
outburn,Outburn,2,2
outcry,Outcry,2,2
outerly,Outerly,2,2
outfall,Outfall,2,2
outfangthef,Outfangthef,2,2
outflow,Outflow,2,2
outgrow,Outgrow,2,2
outgush,Outgush,2,2
outing,Outing,2,2
outlandish,Outlandish,2,2
outlaugh,Outlaugh,2,2
outlawry,Outlawry,2,2
outleap,Outleap,2,2
outlearn,Outlearn,2,2
outlet,Outlet,2,2
outname,Outname,2,2
outness,Outness,2,2
outpost,Outpost,2,2
outpour,Outpour,2,2
output,Output,2,2
outray,Outray,2,2
outright,Outright,2,2
outrun,Outrun,2,2
outsell,Outsell,2,2
outshine,Outshine,2,2
outswell,Outswell,2,2
outthrow,Outthrow,2,2
outwear,Outwear,2,2
outwell,Outwell,2,2
outwent,Outwent,2,2
outwit,Outwit,2,2
outwork,Outwork,2,2
ovary,Ovary,2,2
ovate,Ovate,2,2
ovation,Ovation,2,2
overalls,Overalls,2,2
overbearing,Overbearing,2,2
overbend,Overbend,2,2
overbuild,Overbuild,2,2
overburden,Overburden,2,2
overbuy,Overbuy,2,2
overcoming,Overcoming,2,2
overdose,Overdose,2,2
overdraw,Overdraw,2,2
overeat,Overeat,2,2
overestimate,Overestimate,2,2
overeye,Overeye,2,2
overfall,Overfall,2,2
overfatigue,Overfatigue,2,2
overflourish,Overflourish,2,2
overflowing,Overflowing,2,2
overget,Overget,2,2
overhauling,Overhauling,2,2
overhear,Overhear,2,2
overissue,Overissue,2,2
overjoy,Overjoy,2,2
overlabor,Overlabor,2,2
overland,Overland,2,2
overlaying,Overlaying,2,2
overlight,Overlight,2,2
overlive,Overlive,2,2
overload,Overload,2,2
overlying,Overlying,2,2
overmeasure,Overmeasure,2,2
overnight,Overnight,2,2
overpoise,Overpoise,2,2
overpower,Overpower,2,2
overpowering,Overpowering,2,2
overpress,Overpress,2,2
overrate,Overrate,2,2
overruling,Overruling,2,2
overscented,Overscented,2,2
oversea,Oversea,2,2
oversell,Oversell,2,2
overshadow,Overshadow,2,2
overshine,Overshine,2,2
overshot,Overshot,2,2
oversize,Oversize,2,2
overslaugh,Overslaugh,2,2
oversleep,Oversleep,2,2
overslow,Overslow,2,2
oversman,Oversman,2,2
overstare,Overstare,2,2
overstock,Overstock,2,2
overstrain,Overstrain,2,2
oversupply,Oversupply,2,2
overt,Overt,2,2
overtire,Overtire,2,2
overtoil,Overtoil,2,2
overtower,Overtower,2,2
overtrust,Overtrust,2,2
overvalue,Overvalue,2,2
overwatch,Overwatch,2,2
overweening,Overweening,2,2
overwhelming,Overwhelming,2,2
overwrought,Overwrought,2,2
ovicapsule,Ovicapsule,2,2
oviposit,Oviposit,2,2
ovipositing,Ovipositing,2,2
ovisac,Ovisac,2,2
ovoid,Ovoid,2,2
ovule,Ovule,2,2
ovum,Ovum,2,2
owling,Owling,2,2
oxhide,Oxhide,2,2
oxidator,Oxidator,2,2
oxonian,Oxonian,2,2
oxychloric,Oxychloric,2,2
oxygen,Oxygen,2,2
oxytocic,Oxytocic,2,2
oyster,Oyster,2,2
ozonize,Ozonize,2,2
paas,Paas,2,2
pabulation,Pabulation,2,2
paced,Paced,2,2
pacha,Pacha,2,2
pachydermatous,Pachydermatous,2,2
pagan,Pagan,2,2
paganize,Paganize,2,2
paging,Paging,2,2
pagod,Pagod,2,2
pah,Pah,2,2
painstaking,Painstaking,2,2
pairing,Pairing,2,2
palatic,Palatic,2,2
palatinate,Palatinate,2,2
paleography,Paleography,2,2
paleotheroid,Paleotheroid,2,2
palestra,Palestra,2,2
paletot,Paletot,2,2
palfrey,Palfrey,2,2
palingenesy,Palingenesy,2,2
palinode,Palinode,2,2
palisading,Palisading,2,2
palisado,Palisado,2,2
palissander,Palissander,2,2
palliard,Palliard,2,2
palliative,Palliative,2,2
palmar,Palmar,2,2
palmary,Palmary,2,2
palmed,Palmed,2,2
palmerworm,Palmerworm,2,2
palmin,Palmin,2,2
palmiped,Palmiped,2,2
palmistry,Palmistry,2,2
palmy,Palmy,2,2
palp,Palp,2,2
palpable,Palpable,2,2
palpation,Palpation,2,2
palpi,Palpi,2,2
palsied,Palsied,2,2
palsy,Palsy,2,2
paludinous,Paludinous,2,2
paly,Paly,2,2
pamper,Pamper,2,2
pampered,Pampered,2,2
pamphleteer,Pamphleteer,2,2
panacea,Panacea,2,2
panade,Panade,2,2
panary,Panary,2,2
pancratic,Pancratic,2,2
pancratium,Pancratium,2,2
pandect,Pandect,2,2
pandemic,Pandemic,2,2
pandemonium,Pandemonium,2,2
pandora,Pandora,2,2
paned,Paned,2,2
panegyric,Panegyric,2,2
panegyrize,Panegyrize,2,2
paneling,Paneling,2,2
pang,Pang,2,2
pannage,Pannage,2,2
panopticon,Panopticon,2,2
panorpian,Panorpian,2,2
panspermy,Panspermy,2,2
pantagruelism,Pantagruelism,2,2
pantaloonery,Pantaloonery,2,2
pantheon,Pantheon,2,2
panther,Panther,2,2
papa,Papa,2,2
papal,Papal,2,2
papalize,Papalize,2,2
papaw,Papaw,2,2
papboat,Papboat,2,2
paphian,Paphian,2,2
papillate,Papillate,2,2
papula,Papula,2,2
papular,Papular,2,2
para-,Para-,2,2
parabola,Parabola,2,2
parabolically,Parabolically,2,2
paracelsian,Paracelsian,2,2
parachordal,Parachordal,2,2
parachute,Parachute,2,2
paradigmatic,Paradigmatic,2,2
paradoxical,Paradoxical,2,2
paradoxy,Paradoxy,2,2
paragnathus,Paragnathus,2,2
paragoge,Paragoge,2,2
paraguayan,Paraguayan,2,2
parallax,Parallax,2,2
paralyze,Paralyze,2,2
paramagnetic,Paramagnetic,2,2
paramount,Paramount,2,2
parapet,Parapet,2,2
paraph,Paraph,2,2
paraphernalia,Paraphernalia,2,2
parasceve,Parasceve,2,2
parasita,Parasita,2,2
parasitical,Parasitical,2,2
parasitism,Parasitism,2,2
parasol,Parasol,2,2
parasphenoid,Parasphenoid,2,2
paravant,Paravant,2,2
parboil,Parboil,2,2
parbreak,Parbreak,2,2
parching,Parching,2,2
parchment,Parchment,2,2
pardoner,Pardoner,2,2
pardoning,Pardoning,2,2
paregoric,Paregoric,2,2
parelle,Parelle,2,2
parent,Parent,2,2
parental,Parental,2,2
parenthesis,Parenthesis,2,2
parenthetical,Parenthetical,2,2
parentticide,Parentticide,2,2
parethmoid,Parethmoid,2,2
pargeting,Pargeting,2,2
pariah,Pariah,2,2
paris,Paris,2,2
parisian,Parisian,2,2
parle,Parle,2,2
parley,Parley,2,2
parlous,Parlous,2,2
parnassian,Parnassian,2,2
parochian,Parochian,2,2
paronymous,Paronymous,2,2
parotoid,Parotoid,2,2
parousia,Parousia,2,2
paroxysm,Paroxysm,2,2
parquet,Parquet,2,2
parr,Parr,2,2
parrel,Parrel,2,2
parricide,Parricide,2,2
parsee,Parsee,2,2
parson,Parson,2,2
partage,Partage,2,2
partaker,Partaker,2,2
partenope,Partenope,2,2
parterre,Parterre,2,2
parthenogenesis,Parthenogenesis,2,2
parthian,Parthian,2,2
partialist,Partialist,2,2
partiality,Partiality,2,2
partially,Partially,2,2
participant,Participant,2,2
participial,Participial,2,2
participle,Participle,2,2
particularize,Particularize,2,2
particularly,Particularly,2,2
partitive,Partitive,2,2
partlet,Partlet,2,2
partook,Partook,2,2
parturition,Parturition,2,2
pas,Pas,2,2
pasquin,Pasquin,2,2
pasquinade,Pasquinade,2,2
passado,Passado,2,2
passenger,Passenger,2,2
passerine,Passerine,2,2
passional,Passional,2,2
passionately,Passionately,2,2
passively,Passively,2,2
passover,Passover,2,2
passus,Passus,2,2
pasteboard,Pasteboard,2,2
pastel,Pastel,2,2
paster,Paster,2,2
pasteurism,Pasteurism,2,2
pasteurize,Pasteurize,2,2
pastille,Pastille,2,2
pastime,Pastime,2,2
pastorale,Pastorale,2,2
pastorally,Pastorally,2,2
pastry,Pastry,2,2
pasty,Pasty,2,2
patagium,Patagium,2,2
patagonian,Patagonian,2,2
patchouly,Patchouly,2,2
patelliform,Patelliform,2,2
paten,Paten,2,2
patena,Patena,2,2
patency,Patency,2,2
patera,Patera,2,2
paternal,Paternal,2,2
pathetic,Pathetic,2,2
pathic,Pathic,2,2
pathogeny,Pathogeny,2,2
patina,Patina,2,2
patrial,Patrial,2,2
patriarchy,Patriarchy,2,2
patricide,Patricide,2,2
patrimony,Patrimony,2,2
patriot,Patriot,2,2
patronizing,Patronizing,2,2
patronymic,Patronymic,2,2
patten,Patten,2,2
pattypan,Pattypan,2,2
paucity,Paucity,2,2
paul,Paul,2,2
pavement,Pavement,2,2
pavo,Pavo,2,2
pavonine,Pavonine,2,2
pawl,Pawl,2,2
pax,Pax,2,2
peaceful,Peaceful,2,2
peacock,Peacock,2,2
peaky,Peaky,2,2
pean,Pean,2,2
pearly,Pearly,2,2
peasant,Peasant,2,2
peasantry,Peasantry,2,2
peasweep,Peasweep,2,2
peat,Peat,2,2
pebbled,Pebbled,2,2
peccancy,Peccancy,2,2
pecker,Pecker,2,2
pectinal,Pectinal,2,2
pectineal,Pectineal,2,2
peculium,Peculium,2,2
pedagogic,Pedagogic,2,2
pedant,Pedant,2,2
peddlery,Peddlery,2,2
pedestrian,Pedestrian,2,2
pedigree,Pedigree,2,2
pedipalpi,Pedipalpi,2,2
peerage,Peerage,2,2
pegging,Pegging,2,2
pegmatite,Pegmatite,2,2
peise,Peise,2,2
pelasgic,Pelasgic,2,2
pelican,Pelican,2,2
pelioma,Pelioma,2,2
pellicle,Pellicle,2,2
peloponnesian,Peloponnesian,2,2
pelta,Pelta,2,2
pelter,Pelter,2,2
pelting,Pelting,2,2
pelvis,Pelvis,2,2
pemmican,Pemmican,2,2
penalize,Penalize,2,2
pence,Pence,2,2
pencraft,Pencraft,2,2
pendency,Pendency,2,2
pendent,Pendent,2,2
pendentive,Pendentive,2,2
penetralia,Penetralia,2,2
penetration,Penetration,2,2
penguin,Penguin,2,2
penitential,Penitential,2,2
penman,Penman,2,2
pennant,Pennant,2,2
penner,Penner,2,2
pennon,Pennon,2,2
pensive,Pensive,2,2
penstock,Penstock,2,2
pent,Pent,2,2
penta-,Penta-,2,2
pentachord,Pentachord,2,2
pentad,Pentad,2,2
pentadactyle,Pentadactyle,2,2
pentamerous,Pentamerous,2,2
pentameter,Pentameter,2,2
pentastyle,Pentastyle,2,2
pentatomic,Pentatomic,2,2
pentecost,Pentecost,2,2
penthouse,Penthouse,2,2
penultimate,Penultimate,2,2
penury,Penury,2,2
peopled,Peopled,2,2
peplus,Peplus,2,2
peppercorn,Peppercorn,2,2
peppergrass,Peppergrass,2,2
peppering,Peppering,2,2
peppery,Peppery,2,2
peptone,Peptone,2,2
per-,Per-,2,2
peradventure,Peradventure,2,2
perambulate,Perambulate,2,2
perceptibility,Perceptibility,2,2
percipient,Percipient,2,2
perclose,Perclose,2,2
percoid,Percoid,2,2
percolate,Percolate,2,2
percuss,Percuss,2,2
percutient,Percutient,2,2
perdition,Perdition,2,2
perdu,Perdu,2,2
perdue,Perdue,2,2
peregrinate,Peregrinate,2,2
peregrine,Peregrine,2,2
peregrinity,Peregrinity,2,2
perennibranchiate,Perennibranchiate,2,2
perficient,Perficient,2,2
perfidious,Perfidious,2,2
perfoliate,Perfoliate,2,2
perforata,Perforata,2,2
perforate,Perforate,2,2
perforated,Perforated,2,2
perforation,Perforation,2,2
perforce,Perforce,2,2
performance,Performance,2,2
perfumer,Perfumer,2,2
perfumery,Perfumery,2,2
perfunctory,Perfunctory,2,2
perianth,Perianth,2,2
peribranchial,Peribranchial,2,2
periclitation,Periclitation,2,2
periculum,Periculum,2,2
periderm,Periderm,2,2
periergy,Periergy,2,2
perilous,Perilous,2,2
perilymphatic,Perilymphatic,2,2
perimeter,Perimeter,2,2
perimysial,Perimysial,2,2
periotic,Periotic,2,2
peripheral,Peripheral,2,2
periphery,Periphery,2,2
peripterous,Peripterous,2,2
periscope,Periscope,2,2
periscopic,Periscopic,2,2
perish,Perish,2,2
peritreme,Peritreme,2,2
peritropal,Peritropal,2,2
periwig,Periwig,2,2
periwinkle,Periwinkle,2,2
perjured,Perjured,2,2
perjury,Perjury,2,2
permeate,Permeate,2,2
permian,Permian,2,2
permissive,Permissive,2,2
permute,Permute,2,2
pern,Pern,2,2
pernicious,Pernicious,2,2
perpend,Perpend,2,2
perpetration,Perpetration,2,2
perpetuate,Perpetuate,2,2
perplexed,Perplexed,2,2
perplexing,Perplexing,2,2
perquisite,Perquisite,2,2
perry,Perry,2,2
pers,Pers,2,2
persecute,Persecute,2,2
perseus,Perseus,2,2
persevering,Persevering,2,2
persic,Persic,2,2
persistent,Persistent,2,2
persisting,Persisting,2,2
personalty,Personalty,2,2
personification,Personification,2,2
personify,Personify,2,2
perspectively,Perspectively,2,2
perspicacious,Perspicacious,2,2
perspicuous,Perspicuous,2,2
perspirable,Perspirable,2,2
perspiration,Perspiration,2,2
perstringe,Perstringe,2,2
persuaded,Persuaded,2,2
persuasible,Persuasible,2,2
persuasive,Persuasive,2,2
pertain,Pertain,2,2
pertinacious,Pertinacious,2,2
pertinacy,Pertinacy,2,2
pertinent,Pertinent,2,2
perturb,Perturb,2,2
perturbate,Perturbate,2,2
perturbation,Perturbation,2,2
pertusion,Pertusion,2,2
peruke,Peruke,2,2
perula,Perula,2,2
perusal,Perusal,2,2
peruse,Peruse,2,2
peruvian,Peruvian,2,2
pervade,Pervade,2,2
perverse,Perverse,2,2
pessary,Pessary,2,2
pessimism,Pessimism,2,2
pest,Pest,2,2
pestalozzian,Pestalozzian,2,2
pester,Pester,2,2
pestiferous,Pestiferous,2,2
pestilence,Pestilence,2,2
pestilential,Pestilential,2,2
petal,Petal,2,2
peter,Peter,2,2
petiole,Petiole,2,2
petitionary,Petitionary,2,2
petitioning,Petitioning,2,2
petrifactive,Petrifactive,2,2
petrography,Petrography,2,2
petrology,Petrology,2,2
pettifog,Pettifog,2,2
petulant,Petulant,2,2
pewee,Pewee,2,2
pewfellow,Pewfellow,2,2
pewter,Pewter,2,2
phaethon,Phaethon,2,2
phaeton,Phaeton,2,2
phagedena,Phagedena,2,2
phagedenical,PhagedenicAL,2,2
phalanges,Phalanges,2,2
phalansterian,Phalansterian,2,2
phalanstery,Phalanstery,2,2
phantasm,Phantasm,2,2
pharaoh,Pharaoh,2,2
phare,Phare,2,2
pharisaical,Pharisaical,2,2
pharisaism,Pharisaism,2,2
pharmacology,Pharmacology,2,2
pharmacopoeia,Pharmacopoeia,2,2
pharmacy,Pharmacy,2,2
pharo,Pharo,2,2
pharyngeal,Pharyngeal,2,2
pharyngobranchial,Pharyngobranchial,2,2
pharyngotomy,Pharyngotomy,2,2
phases,Phases,2,2
pheasant,Pheasant,2,2
pheese,Pheese,2,2
phenicine,Phenicine,2,2
phenol,Phenol,2,2
phenomenon,Phenomenon,2,2
phial,Phial,2,2
philip,Philip,2,2
philippian,Philippian,2,2
philippic,Philippic,2,2
philippize,Philippize,2,2
philomathic,Philomathic,2,2
philomela,Philomela,2,2
phlogistic,Phlogistic,2,2
phoebus,Phoebus,2,2
phoenician,Phoenician,2,2
phonetic,Phonetic,2,2
phonetics,Phonetics,2,2
phonetist,Phonetist,2,2
phonogram,Phonogram,2,2
phonograph,Phonograph,2,2
phonographer,Phonographer,2,2
phonographical,Phonographical,2,2
phonoscope,Phonoscope,2,2
phosphor,Phosphor,2,2
phosphorescence,Phosphorescence,2,2
phosphorescent,Phosphorescent,2,2
phosphoric,Phosphoric,2,2
photogene,Photogene,2,2
photography,Photography,2,2
photolithograph,Photolithograph,2,2
photomicrograph,Photomicrograph,2,2
phraseology,Phraseology,2,2
phrenetic,Phrenetic,2,2
phrenitis,Phrenitis,2,2
phrenology,Phrenology,2,2
phrensy,Phrensy,2,2
phthongal,Phthongal,2,2
phyla,Phyla,2,2
phyllite,Phyllite,2,2
phyllophagan,Phyllophagan,2,2
phylloxera,Phylloxera,2,2
physeter,Physeter,2,2
physically,Physically,2,2
physician,Physician,2,2
physicist,Physicist,2,2
physicking,Physicking,2,2
physiognomist,Physiognomist,2,2
physiology,Physiology,2,2
physostomous,Physostomous,2,2
pi,Pi,2,2
piacular,Piacular,2,2
pianet,Pianet,2,2
piano,Piano,2,2
picarian,Picarian,2,2
pici,Pici,2,2
pickedness,Pickedness,2,2
pickle-herring,Pickle-herring,2,2
pickled,Pickled,2,2
picklock,Picklock,2,2
picnic,Picnic,2,2
pictural,Pictural,2,2
pictured,Pictured,2,2
picturize,Picturize,2,2
piddling,Piddling,2,2
piebald,Piebald,2,2
piecer,Piecer,2,2
pierced,Pierced,2,2
piercing,Piercing,2,2
piet,Piet,2,2
pietism,Pietism,2,2
piety,Piety,2,2
piezometer,Piezometer,2,2
pigeonhole,Pigeonhole,2,2
pigfish,Pigfish,2,2
pignerate,Pignerate,2,2
pignoration,Pignoration,2,2
pikestaff,Pikestaff,2,2
pilcher,Pilcher,2,2
pileated,Pileated,2,2
pilfer,Pilfer,2,2
pilgrimage,Pilgrimage,2,2
piliferous,Piliferous,2,2
pilled,Pilled,2,2
pillowed,Pillowed,2,2
pimelic,Pimelic,2,2
pimp,Pimp,2,2
pimple,Pimple,2,2
pinchbeck,Pinchbeck,2,2
pinching,Pinching,2,2
pindaric,Pindaric,2,2
pinefinch,Pinefinch,2,2
pinery,Pinery,2,2
piney,Piney,2,2
pinfish,Pinfish,2,2
ping,Ping,2,2
pinioned,Pinioned,2,2
pinked,Pinked,2,2
pinnated,Pinnated,2,2
pinnatiped,Pinnatiped,2,2
pinniped,Pinniped,2,2
pinnock,Pinnock,2,2
pinnule,Pinnule,2,2
pinole,Pinole,2,2
pint,Pint,2,2
pintail,Pintail,2,2
pious,Pious,2,2
pipe layer,Pipe layer,2,2
pipe laying,Pipe laying,2,2
pipeclay,Pipeclay,2,2
piped,Piped,2,2
pippin,Pippin,2,2
piracy,Piracy,2,2
pirl,Pirl,2,2
pish,Pish,2,2
pisiform,Pisiform,2,2
piss,Piss,2,2
pistil,Pistil,2,2
pistol,Pistol,2,2
pita,Pita,2,2
pitapat,Pitapat,2,2
pitchfork,Pitchfork,2,2
pithecoid,Pithecoid,2,2
pithy,Pithy,2,2
pitiless,Pitiless,2,2
pitman,Pitman,2,2
pittance,Pittance,2,2
pitter,Pitter,2,2
pituitary,Pituitary,2,2
pitying,Pitying,2,2
pixie,Pixie,2,2
pi�on,Pi�on,2,2
placebo,Placebo,2,2
placement,Placement,2,2
placenta,Placenta,2,2
placentation,Placentation,2,2
placer,Placer,2,2
placet,Placet,2,2
plagiarism,Plagiarism,2,2
plaice,Plaice,2,2
plaided,Plaided,2,2
plaintive,Plaintive,2,2
plaited,Plaited,2,2
planch,Planch,2,2
planchette,Planchette,2,2
planching,Planching,2,2
planer,Planer,2,2
planet,Planet,2,2
planing,Planing,2,2
planishing,Planishing,2,2
planted,Planted,2,2
planula,Planula,2,2
plashy,Plashy,2,2
plasmatical,Plasmatical,2,2
plasmodium,Plasmodium,2,2
plasterer,Plasterer,2,2
plasticity,Plasticity,2,2
plastide,Plastide,2,2
plastography,Plastography,2,2
plateau,Plateau,2,2
plater,Plater,2,2
platinoid,Platinoid,2,2
platinotype,Platinotype,2,2
platitude,Platitude,2,2
platonical,Platonical,2,2
platonism,Platonism,2,2
platonize,Platonize,2,2
platoon,Platoon,2,2
platter,Platter,2,2
platting,Platting,2,2
platyrhine,Platyrhine,2,2
plausibly,Plausibly,2,2
plausive,Plausive,2,2
playgoing,Playgoing,2,2
playhouse,Playhouse,2,2
playing,Playing,2,2
pleader,Pleader,2,2
pleading,Pleading,2,2
pleasance,Pleasance,2,2
pleased,Pleased,2,2
plebe,Plebe,2,2
plebeiance,Plebeiance,2,2
plebeianism,Plebeianism,2,2
plectognath,Plectognath,2,2
pled,Pled,2,2
pleiades,Pleiades,2,2
pleistocene,Pleistocene,2,2
plenary,Plenary,2,2
plenipotentiary,Plenipotentiary,2,2
plenish,Plenish,2,2
plenitude,Plenitude,2,2
plenty,Plenty,2,2
pleomorphism,Pleomorphism,2,2
plethora,Plethora,2,2
pleuritical,Pleuritical,2,2
pleurodont,Pleurodont,2,2
pliable,Pliable,2,2
pliant,Pliant,2,2
plied,Plied,2,2
pliocene,Pliocene,2,2
plodding,Plodding,2,2
ploughman,Ploughman,2,2
plougland,Plougland,2,2
plover,Plover,2,2
ploy,Ploy,2,2
plucked,Plucked,2,2
plucker,Plucker,2,2
plumbago,Plumbago,2,2
plumbeous,Plumbeous,2,2
plumbery,Plumbery,2,2
plumiped,Plumiped,2,2
plumous,Plumous,2,2
plumula,Plumula,2,2
pluperfect,Pluperfect,2,2
plural,Plural,2,2
pluralism,Pluralism,2,2
plurality,Plurality,2,2
pluriliteral,Pluriliteral,2,2
plurilocular,Plurilocular,2,2
plus,Plus,2,2
plutonian,Plutonian,2,2
plutonic,Plutonic,2,2
pneumatics,Pneumatics,2,2
pneumatology,Pneumatology,2,2
pneumogastric,Pneumogastric,2,2
poachard,Poachard,2,2
poacher,Poacher,2,2
podagrical,Podagrical,2,2
podded,Podded,2,2
podesta,Podesta,2,2
podge,Podge,2,2
podophthalmous,Podophthalmous,2,2
podophyllous,Podophyllous,2,2
podophyllum,Podophyllum,2,2
podurid,Podurid,2,2
poecilitic,Poecilitic,2,2
poecilopoda,Poecilopoda,2,2
poem,Poem,2,2
poetical,Poetical,2,2
poetry,Poetry,2,2
poignant,Poignant,2,2
poind,Poind,2,2
poinder,Poinder,2,2
point-devise,Point-devise,2,2
poisonable,Poisonable,2,2
pokerish,Pokerish,2,2
poking,Poking,2,2
poky,Poky,2,2
polarity,Polarity,2,2
polecat,Polecat,2,2
poler,Poler,2,2
polestar,Polestar,2,2
poley,Poley,2,2
policed,Policed,2,2
policied,Policied,2,2
polished,Polished,2,2
polishing,Polishing,2,2
politely,Politely,2,2
politeness,Politeness,2,2
politically,Politically,2,2
politics,Politics,2,2
polka,Polka,2,2
pollack,Pollack,2,2
polled,Polled,2,2
pollen,Pollen,2,2
pollicitation,Pollicitation,2,2
pollinate,Pollinate,2,2
polluted,Polluted,2,2
polluting,Polluting,2,2
pollution,Pollution,2,2
pollux,Pollux,2,2
polo,Polo,2,2
polt,Polt,2,2
poltroon,Poltroon,2,2
polyacoustic,Polyacoustic,2,2
polyatomic,Polyatomic,2,2
polycarpous,Polycarpous,2,2
polychromate,Polychromate,2,2
polychrome,Polychrome,2,2
polychromic,Polychromic,2,2
polycystine,Polycystine,2,2
polygamia,Polygamia,2,2
polygenetic,Polygenetic,2,2
polygraphical,Polygraphical,2,2
polyhedron,Polyhedron,2,2
polymerism,Polymerism,2,2
polymerize,Polymerize,2,2
polymerous,Polymerous,2,2
polymorphism,Polymorphism,2,2
polymorphous,Polymorphous,2,2
polyonym,Polyonym,2,2
polyp,Polyp,2,2
polypharmacy,Polypharmacy,2,2
polyphonist,Polyphonist,2,2
polypi,Polypi,2,2
polypode,Polypode,2,2
polypoid,Polypoid,2,2
polyscope,Polyscope,2,2
polystome,Polystome,2,2
polystyle,Polystyle,2,2
polysynthesis,Polysynthesis,2,2
polytocous,Polytocous,2,2
polyzoan,Polyzoan,2,2
pomade,Pomade,2,2
pomander,Pomander,2,2
pomatum,Pomatum,2,2
pomegranate,Pomegranate,2,2
pomeranian,Pomeranian,2,2
pomfret,Pomfret,2,2
pomiferous,Pomiferous,2,2
pompano,Pompano,2,2
pompholyx,Pompholyx,2,2
pompon,Pompon,2,2
pompous,Pompous,2,2
poncho,Poncho,2,2
ponderate,Ponderate,2,2
pondering,Pondering,2,2
poniard,Poniard,2,2
pontific,Pontific,2,2
pontifician,Pontifician,2,2
pontoon,Pontoon,2,2
pooling,Pooling,2,2
pooping,Pooping,2,2
popedom,Popedom,2,2
popeling,Popeling,2,2
poplar,Poplar,2,2
popper,Popper,2,2
poppet,Poppet,2,2
poppied,Poppied,2,2
popping,Popping,2,2
poppy,Poppy,2,2
population,Population,2,2
porcelain,Porcelain,2,2
porcellaneous,Porcellaneous,2,2
porch,Porch,2,2
porcupine,Porcupine,2,2
porism,Porism,2,2
pornography,Pornography,2,2
porousness,Porousness,2,2
porpoise,Porpoise,2,2
porta,Porta,2,2
portable,Portable,2,2
portative,Portative,2,2
ported,Ported,2,2
portend,Portend,2,2
portentous,Portentous,2,2
porterage,Porterage,2,2
portfolio,Portfolio,2,2
portingal,Portingal,2,2
portionist,Portionist,2,2
portliness,Portliness,2,2
portly,Portly,2,2
portuguese,Portuguese,2,2
posed,Posed,2,2
posit,Posit,2,2
positivist,Positivist,2,2
posse comitatus,Posse comitatus,2,2
possessioner,Possessioner,2,2
possibility,Possibility,2,2
post-temporal,Post-temporal,2,2
postboy,Postboy,2,2
postcomminion,Postcomminion,2,2
postdiluvian,Postdiluvian,2,2
postentry,Postentry,2,2
posterity,Posterity,2,2
postfact,Postfact,2,2
postfix,Postfix,2,2
postfrontal,Postfrontal,2,2
posthaste,Posthaste,2,2
posthouse,Posthouse,2,2
postliminy,Postliminy,2,2
postman,Postman,2,2
postmark,Postmark,2,2
postmaster,Postmaster,2,2
postmeridian,Postmeridian,2,2
postorbital,Postorbital,2,2
postpone,Postpone,2,2
postposition,Postposition,2,2
postticous,Postticous,2,2
postulated,Postulated,2,2
posy,Posy,2,2
pot-walloper,Pot-walloper,2,2
potable,Potable,2,2
potash,Potash,2,2
potassa,Potassa,2,2
potato,Potato,2,2
potentially,Potentially,2,2
potgun,Potgun,2,2
pothook,Pothook,2,2
potion,Potion,2,2
potman,Potman,2,2
pottery,Pottery,2,2
potto,Potto,2,2
potulent,Potulent,2,2
poultice,Poultice,2,2
pounced,Pounced,2,2
pounded,Pounded,2,2
poussette,Poussette,2,2
pouter,Pouter,2,2
pouting,Pouting,2,2
poverty,Poverty,2,2
powdering,Powdering,2,2
powerable,Powerable,2,2
powerful,Powerful,2,2
powwow,Powwow,2,2
pox,Pox,2,2
practic,Practic,2,2
practicable,Practicable,2,2
praecipe,Praecipe,2,2
pragmatic,Pragmatic,2,2
prairie,Prairie,2,2
praiseer,Praiseer,2,2
pratique,Pratique,2,2
praxis,Praxis,2,2
praying,Praying,2,2
preacher,Preacher,2,2
preaching,Preaching,2,2
preadamite,Preadamite,2,2
preamble,Preamble,2,2
preambulation,Preambulation,2,2
prease,Prease,2,2
prebend,Prebend,2,2
prebendary,Prebendary,2,2
precarious,Precarious,2,2
precedency,Precedency,2,2
precent,Precent,2,2
preceptor,Preceptor,2,2
preceptory,Preceptory,2,2
precipice,Precipice,2,2
precise,Precise,2,2
precisian,Precisian,2,2
preclude,Preclude,2,2
precocious,Precocious,2,2
precognition,Precognition,2,2
preconcert,Preconcert,2,2
preconcerted,Preconcerted,2,2
preconization,Preconization,2,2
precursory,Precursory,2,2
prede,Prede,2,2
predecease,Predecease,2,2
predestinarian,Predestinarian,2,2
predestinate,Predestinate,2,2
predestination,Predestination,2,2
predestinator,Predestinator,2,2
predicant,Predicant,2,2
predication,Predication,2,2
predict,Predict,2,2
predigestion,Predigestion,2,2
predisponent,Predisponent,2,2
predispose,Predispose,2,2
predisposition,Predisposition,2,2
predominance,Predominance,2,2
predominate,Predominate,2,2
preexistence,Preexistence,2,2
preference,Preference,2,2
prefrontal,Prefrontal,2,2
pregnancy,Pregnancy,2,2
pregnantly,Pregnantly,2,2
prejudicial,Prejudicial,2,2
prelacy,Prelacy,2,2
prelate,Prelate,2,2
prelatize,Prelatize,2,2
prelect,Prelect,2,2
prelibation,Prelibation,2,2
preliminary,Preliminary,2,2
premaxillary,Premaxillary,2,2
premolar,Premolar,2,2
prenominate,Prenominate,2,2
preoccupate,Preoccupate,2,2
preoccupation,Preoccupation,2,2
preoccupy,Preoccupy,2,2
preocular,Preocular,2,2
preopercular,Preopercular,2,2
prepollent,Prepollent,2,2
preponderancy,Preponderancy,2,2
preposition,Preposition,2,2
prepositive,Prepositive,2,2
prepossess,Prepossess,2,2
prepossessing,Prepossessing,2,2
prepossession,Prepossession,2,2
preposterous,Preposterous,2,2
prepotency,Prepotency,2,2
prepotent,Prepotent,2,2
preraphaelite,Preraphaelite,2,2
prerequisite,Prerequisite,2,2
prerogative,Prerogative,2,2
presagement,Presagement,2,2
presbyterian,Presbyterian,2,2
prescind,Prescind,2,2
presentable,Presentable,2,2
preservative,Preservative,2,2
preserver,Preserver,2,2
preside,Preside,2,2
presidential,Presidential,2,2
presiding,Presiding,2,2
presphenoid,Presphenoid,2,2
pressing,Pressing,2,2
pression,Pression,2,2
pressurage,Pressurage,2,2
prestige,Prestige,2,2
presto,Presto,2,2
presumptive,Presumptive,2,2
presupposition,Presupposition,2,2
pretended,Pretended,2,2
pretension,Pretension,2,2
preterist,Preterist,2,2
pretor,Pretor,2,2
pretorian,Pretorian,2,2
pretorium,Pretorium,2,2
prevalent,Prevalent,2,2
preve,Preve,2,2
previse,Previse,2,2
preyful,Preyful,2,2
priced,Priced,2,2
priceless,Priceless,2,2
prie,Prie,2,2
pried,Pried,2,2
priesthood,Priesthood,2,2
priggism,Priggism,2,2
primacy,Primacy,2,2
primate,Primate,2,2
primely,Primely,2,2
primeness,Primeness,2,2
primogenitive,Primogenitive,2,2
primogeniture,Primogeniture,2,2
prink,Prink,2,2
printing,Printing,2,2
prior,Prior,2,2
priority,Priority,2,2
prisage,Prisage,2,2
prisoner,Prisoner,2,2
pritch,Pritch,2,2
privateering,Privateering,2,2
privately,Privately,2,2
privateness,Privateness,2,2
privileged,Privileged,2,2
prizer,Prizer,2,2
prizing,Prizing,2,2
pro,Pro,2,2
probabilist,Probabilist,2,2
probationer,Probationer,2,2
probator,Probator,2,2
probatory,Probatory,2,2
problem,Problem,2,2
proboscidian,Proboscidian,2,2
proboscidifera,Proboscidifera,2,2
proclaim,Proclaim,2,2
proclamation,Proclamation,2,2
proclivity,Proclivity,2,2
proclivous,Proclivous,2,2
procoelia,Procoelia,2,2
procoelian,Procoelian,2,2
proconsulary,Proconsulary,2,2
procrastinate,Procrastinate,2,2
procreant,Procreant,2,2
proctucha,Proctucha,2,2
procumbent,Procumbent,2,2
procuracy,Procuracy,2,2
procurator,Procurator,2,2
procurement,Procurement,2,2
procurer,Procurer,2,2
procyon,Procyon,2,2
prodigal,Prodigal,2,2
prodigalize,Prodigalize,2,2
prodigious,Prodigious,2,2
prodigiously,Prodigiously,2,2
proditorious,Proditorious,2,2
prodromus,Prodromus,2,2
proem,Proem,2,2
proembryo,Proembryo,2,2
profanation,Profanation,2,2
profanity,Profanity,2,2
professor,Professor,2,2
professoriate,Professoriate,2,2
proficient,Proficient,2,2
profiling,Profiling,2,2
profiting,Profiting,2,2
profusion,Profusion,2,2
prognostication,Prognostication,2,2
progressionist,Progressionist,2,2
progressive,Progressive,2,2
prohibit,Prohibit,2,2
prohibition,Prohibition,2,2
prohibitionist,Prohibitionist,2,2
proin,Proin,2,2
prolapse,Prolapse,2,2
prolate,Prolate,2,2
proletarian,Proletarian,2,2
proliferate,Proliferate,2,2
proliferation,Proliferation,2,2
prolification,Prolification,2,2
prolix,Prolix,2,2
proll,Proll,2,2
prolocutor,Prolocutor,2,2
prolongation,Prolongation,2,2
promerit,Promerit,2,2
prominency,Prominency,2,2
promiscuous,Promiscuous,2,2
promising,Promising,2,2
promontory,Promontory,2,2
prompter,Prompter,2,2
promptness,Promptness,2,2
promptuary,Promptuary,2,2
prongbuck,Prongbuck,2,2
pronounced,Pronounced,2,2
pronunciative,Pronunciative,2,2
prootic,Prootic,2,2
propagable,Propagable,2,2
propagation,Propagation,2,2
propendency,Propendency,2,2
properly,Properly,2,2
properness,Properness,2,2
prophylactic,Prophylactic,2,2
propitiate,Propitiate,2,2
propitiation,Propitiation,2,2
propitiatory,Propitiatory,2,2
propitious,Propitious,2,2
propodium,Propodium,2,2
proportionate,Proportionate,2,2
proposal,Proposal,2,2
proposer,Proposer,2,2
propound,Propound,2,2
propulsion,Propulsion,2,2
prorogation,Prorogation,2,2
prosaical,Prosaical,2,2
proscenium,Proscenium,2,2
proscribe,Proscribe,2,2
proscript,Proscript,2,2
proscription,Proscription,2,2
prosecutor,Prosecutor,2,2
proselyte,Proselyte,2,2
proselytism,Proselytism,2,2
proselytize,Proselytize,2,2
prosencephalon,Prosencephalon,2,2
proser,Proser,2,2
prosing,Prosing,2,2
proslavery,Proslavery,2,2
prosperous,Prosperous,2,2
prostate,Prostate,2,2
prosthesis,Prosthesis,2,2
prostitution,Prostitution,2,2
prostyle,Prostyle,2,2
prosy,Prosy,2,2
protean,Protean,2,2
protectorate,Protectorate,2,2
protestation,Protestation,2,2
protester,Protester,2,2
protista,Protista,2,2
protoplasmic,Protoplasmic,2,2
protoplast,Protoplast,2,2
protozoa,Protozoa,2,2
protozoan,Protozoan,2,2
protozoic,Protozoic,2,2
protozoon,Protozoon,2,2
protracted,Protracted,2,2
protrusion,Protrusion,2,2
protrusive,Protrusive,2,2
provant,Provant,2,2
provence rose,Provence rose,2,2
provender,Provender,2,2
proverbial,Proverbial,2,2
provided,Provided,2,2
provisory,Provisory,2,2
provocative,Provocative,2,2
provoking,Provoking,2,2
provost,Provost,2,2
prowling,Prowling,2,2
prudent,Prudent,2,2
prunella,Prunella,2,2
prunello,Prunello,2,2
pruner,Pruner,2,2
prussian,Prussian,2,2
prying,Prying,2,2
psalmist,Psalmist,2,2
psalterium,Psalterium,2,2
pseudembryo,Pseudembryo,2,2
pseudo-dipteral,Pseudo-dipteral,2,2
pseudodox,Pseudodox,2,2
pseudomorph,Pseudomorph,2,2
pseudopod,Pseudopod,2,2
pseuso-peripteral,Pseuso-peripteral,2,2
pshaw,Pshaw,2,2
psittacid,Psittacid,2,2
psoriasis,Psoriasis,2,2
psychical,Psychical,2,2
psychography,Psychography,2,2
psychosis,Psychosis,2,2
pterotic,Pterotic,2,2
ptisan,Ptisan,2,2
puberty,Puberty,2,2
pubescence,Pubescence,2,2
pubescent,Pubescent,2,2
pubic,Pubic,2,2
public-spirited,Public-spirited,2,2
publican,Publican,2,2
publicly,Publicly,2,2
publicness,Publicness,2,2
publishment,Publishment,2,2
puck,Puck,2,2
puckery,Puckery,2,2
pud,Pud,2,2
puddening,Puddening,2,2
puerility,Puerility,2,2
puffing,Puffing,2,2
puffy,Puffy,2,2
puker,Puker,2,2
pulchritude,Pulchritude,2,2
pule,Pule,2,2
pullback,Pullback,2,2
pulled,Pulled,2,2
pulley,Pulley,2,2
pulmonary,Pulmonary,2,2
pulmonic,Pulmonic,2,2
pulsatile,Pulsatile,2,2
pulsator,Pulsator,2,2
pulsometer,Pulsometer,2,2
pulverize,Pulverize,2,2
pulvil,Pulvil,2,2
pulvinated,Pulvinated,2,2
pumping,Pumping,2,2
punctated,Punctated,2,2
puncto,Puncto,2,2
punic,Punic,2,2
punice,Punice,2,2
punter,Punter,2,2
puny,Puny,2,2
pupa,Pupa,2,2
pupillary,Pupillary,2,2
pupiparous,Pupiparous,2,2
purblind,Purblind,2,2
purchaser,Purchaser,2,2
purely,Purely,2,2
purfle,Purfle,2,2
purflew,Purflew,2,2
purgament,Purgament,2,2
purgation,Purgation,2,2
purgative,Purgative,2,2
purgatorian,Purgatorian,2,2
purgatory,Purgatory,2,2
purist,Purist,2,2
puritanical,Puritanical,2,2
purlieu,Purlieu,2,2
purling,Purling,2,2
purloin,Purloin,2,2
purposer,Purposer,2,2
purpura,Purpura,2,2
purpurate,Purpurate,2,2
purpuric,Purpuric,2,2
purr,Purr,2,2
pursuance,Pursuance,2,2
pursuant,Pursuant,2,2
pursuer,Pursuer,2,2
puseyite,Puseyite,2,2
pushing,Pushing,2,2
pusillanimous,Pusillanimous,2,2
puss,Puss,2,2
pustulant,Pustulant,2,2
pustular,Pustular,2,2
pustulate,Pustulate,2,2
putrefaction,Putrefaction,2,2
putrefactive,Putrefactive,2,2
putrescent,Putrescent,2,2
putrescible,Putrescible,2,2
putrid,Putrid,2,2
putry,Putry,2,2
putting,Putting,2,2
putty,Putty,2,2
pygopod,Pygopod,2,2
pylon,Pylon,2,2
pylorus,Pylorus,2,2
pyramidal,Pyramidal,2,2
pyrene,Pyrene,2,2
pyrenean,Pyrenean,2,2
pyrites,Pyrites,2,2
pyroelectric,Pyroelectric,2,2
pyrogen,Pyrogen,2,2
pyromantic,Pyromantic,2,2
pyrometer,Pyrometer,2,2
pyrotechny,Pyrotechny,2,2
pyrotic,Pyrotic,2,2
pythagorean,Pythagorean,2,2
python,Python,2,2
pythoness,Pythoness,2,2
pyxidium,Pyxidium,2,2
quab,Quab,2,2
quadra,Quadra,2,2
quadrangle,Quadrangle,2,2
quadrans,Quadrans,2,2
quadrat,Quadrat,2,2
quadrel,Quadrel,2,2
quadrennial,Quadrennial,2,2
quadrivalve,Quadrivalve,2,2
quadrivial,Quadrivial,2,2
quadruped,Quadruped,2,2
quaff,Quaff,2,2
quaintise,Quaintise,2,2
quaking,Quaking,2,2
quandary,Quandary,2,2
quantum,Quantum,2,2
quaquaversal,Quaquaversal,2,2
quarreling,Quarreling,2,2
quarried,Quarried,2,2
quartermaster,Quartermaster,2,2
quartern,Quartern,2,2
quarteron,Quarteron,2,2
quarto,Quarto,2,2
quaternity,Quaternity,2,2
quay,Quay,2,2
queach,Queach,2,2
queachy,Queachy,2,2
quean,Quean,2,2
queasy,Queasy,2,2
queening,Queening,2,2
queller,Queller,2,2
quercitron,Quercitron,2,2
querent,Querent,2,2
querl,Querl,2,2
querquedule,Querquedule,2,2
questionable,Questionable,2,2
questionary,Questionary,2,2
questionist,Questionist,2,2
questionless,Questionless,2,2
questuary,Questuary,2,2
quid,Quid,2,2
quiddity,Quiddity,2,2
quiddle,Quiddle,2,2
quietism,Quietism,2,2
quilled,Quilled,2,2
quince,Quince,2,2
quincuncial,Quincuncial,2,2
quinquepartite,Quinquepartite,2,2
quint,Quint,2,2
quintal,Quintal,2,2
quintan,Quintan,2,2
quintic,Quintic,2,2
quintuple,Quintuple,2,2
quire,Quire,2,2
quitch,Quitch,2,2
quitclaim,Quitclaim,2,2
quitter,Quitter,2,2
quod,Quod,2,2
quodlibet,Quodlibet,2,2
quondam,Quondam,2,2
quotidian,Quotidian,2,2
quotient,Quotient,2,2
rabbate,Rabbate,2,2
rabbinic,Rabbinic,2,2
rabbinism,Rabbinism,2,2
racemation,Racemation,2,2
rachitis,Rachitis,2,2
racing,Racing,2,2
rack-rent,Rack-rent,2,2
rack-renter,Rack-renter,2,2
racker,Racker,2,2
racking,Racking,2,2
racy,Racy,2,2
radiale,Radiale,2,2
radiation,Radiation,2,2
radicality,Radicality,2,2
radically,Radically,2,2
radication,Radication,2,2
radicle,Radicle,2,2
radii,Radii,2,2
radiolarian,Radiolarian,2,2
radiometer,Radiometer,2,2
radious,Radious,2,2
radius vector,Radius vector,2,2
rafting,Rafting,2,2
raging,Raging,2,2
ragman,Ragman,2,2
railway,Railway,2,2
raiment,Raiment,2,2
raisin,Raisin,2,2
rakehell,Rakehell,2,2
rakish,Rakish,2,2
ramadan,Ramadan,2,2
rambling,Rambling,2,2
rament,Rament,2,2
rampage,Rampage,2,2
rampire,Rampire,2,2
rampler,Rampler,2,2
ramshackle,Ramshackle,2,2
rance,Rance,2,2
ranch,Ranch,2,2
ranchero,Ranchero,2,2
rancho,Rancho,2,2
randan,Randan,2,2
randing,Randing,2,2
randon,Randon,2,2
rang,Rang,2,2
ranine,Ranine,2,2
rant,Rant,2,2
rapacity,Rapacity,2,2
rapeful,Rapeful,2,2
raphe,Raphe,2,2
rapper,Rapper,2,2
rarefy,Rarefy,2,2
rarely,Rarely,2,2
rareripe,Rareripe,2,2
rarity,Rarity,2,2
rascality,Rascality,2,2
rasher,Rasher,2,2
raspberry,Raspberry,2,2
rasure,Rasure,2,2
ratch,Ratch,2,2
ratchet,Ratchet,2,2
rater,Rater,2,2
rathe,Rathe,2,2
rathripe,Rathripe,2,2
ratio,Ratio,2,2
rationalism,Rationalism,2,2
ratite,Ratite,2,2
ratter,Ratter,2,2
rattoon,Rattoon,2,2
ravage,Ravage,2,2
ravener,Ravener,2,2
ravenous,Ravenous,2,2
raving,Raving,2,2
ravishing,Ravishing,2,2
rawly,Rawly,2,2
razed,Razed,2,2
razee,Razee,2,2
razor,Razor,2,2
razure,Razure,2,2
reacher,Reacher,2,2
reactionary,Reactionary,2,2
readily,Readily,2,2
reak,Reak,2,2
realist,Realist,2,2
realizing,Realizing,2,2
really,Really,2,2
realm,Realm,2,2
reaper,Reaper,2,2
rearward,Rearward,2,2
reascend,Reascend,2,2
reasonably,Reasonably,2,2
reasonless,Reasonless,2,2
reassure,Reassure,2,2
reaumur,Reaumur,2,2
rebec,Rebec,2,2
rebellion,Rebellion,2,2
reboil,Reboil,2,2
recalcitrate,Recalcitrate,2,2
recant,Recant,2,2
recapitulate,Recapitulate,2,2
recent,Recent,2,2
receptary,Receptary,2,2
receptibility,Receptibility,2,2
receptivity,Receptivity,2,2
recession,Recession,2,2
recharge,Recharge,2,2
recharter,Recharter,2,2
recheat,Recheat,2,2
recipient,Recipient,2,2
reciprocally,Reciprocally,2,2
reciprocate,Reciprocate,2,2
reciprocation,Reciprocation,2,2
reciprocity,Reciprocity,2,2
recitative,Recitative,2,2
reckless,Reckless,2,2
reckling,Reckling,2,2
reclamation,Reclamation,2,2
reclined,Reclined,2,2
recoinage,Recoinage,2,2
recompensation,Recompensation,2,2
recompose,Recompose,2,2
reconciliation,Reconciliation,2,2
recondite,Recondite,2,2
reconnoitre,Reconnoitre,2,2
reconsider,Reconsider,2,2
reconstruction,Reconstruction,2,2
reconvert,Reconvert,2,2
reconvey,Reconvey,2,2
recording,Recording,2,2
recreate,Recreate,2,2
recriminate,Recriminate,2,2
recrudescency,Recrudescency,2,2
recrudescent,Recrudescent,2,2
rectangle,Rectangle,2,2
rectifiable,Rectifiable,2,2
rectification,Rectification,2,2
rectifier,Rectifier,2,2
recto,Recto,2,2
rectoress,Rectoress,2,2
rectorship,Rectorship,2,2
rectory,Rectory,2,2
rectrix,Rectrix,2,2
recule,Recule,2,2
recuperate,Recuperate,2,2
recurrent,Recurrent,2,2
recurvate,Recurvate,2,2
recusation,Recusation,2,2
red-gum,Red-gum,2,2
redan,Redan,2,2
redcap,Redcap,2,2
redden,Redden,2,2
reddition,Reddition,2,2
redeemable,Redeemable,2,2
redeemer,Redeemer,2,2
redelivery,Redelivery,2,2
redemand,Redemand,2,2
redemise,Redemise,2,2
redemptioner,Redemptioner,2,2
redeye,Redeye,2,2
redintegrate,Redintegrate,2,2
redlegs,Redlegs,2,2
redouble,Redouble,2,2
redraw,Redraw,2,2
redstart,Redstart,2,2
redstreak,Redstreak,2,2
redtail,Redtail,2,2
reducent,Reducent,2,2
reducing,Reducing,2,2
reductive,Reductive,2,2
redundant,Redundant,2,2
redwood,Redwood,2,2
ree,Ree,2,2
reedbird,Reedbird,2,2
reeded,Reeded,2,2
reeding,Reeding,2,2
reedy,Reedy,2,2
reefer,Reefer,2,2
reefing,Reefing,2,2
reeky,Reeky,2,2
reeler,Reeler,2,2
reem,Reem,2,2
reenforcement,Reenforcement,2,2
reentry,Reentry,2,2
reexport,Reexport,2,2
refective,Refective,2,2
referendum,Referendum,2,2
refined,Refined,2,2
refinement,Refinement,2,2
refinery,Refinery,2,2
reflectent,Reflectent,2,2
reflux,Reflux,2,2
reformado,Reformado,2,2
reformation,Reformation,2,2
reformatory,Reformatory,2,2
reformer,Reformer,2,2
refract,Refract,2,2
refracting,Refracting,2,2
refractor,Refractor,2,2
refracture,Refracture,2,2
refresher,Refresher,2,2
refreshing,Refreshing,2,2
refreshment,Refreshment,2,2
refrigerant,Refrigerant,2,2
refrigerative,Refrigerative,2,2
refugee,Refugee,2,2
refusal,Refusal,2,2
refusion,Refusion,2,2
regal,Regal,2,2
regality,Regality,2,2
regarder,Regarder,2,2
regarding,Regarding,2,2
regardless,Regardless,2,2
regenerator,Regenerator,2,2
regicide,Regicide,2,2
regime,Regime,2,2
registering,Registering,2,2
registration,Registration,2,2
reglet,Reglet,2,2
regnant,Regnant,2,2
regorge,Regorge,2,2
regreet,Regreet,2,2
regressive,Regressive,2,2
regulation,Regulation,2,2
regulative,Regulative,2,2
regurgitate,Regurgitate,2,2
rehash,Rehash,2,2
reheat,Reheat,2,2
reigle,Reigle,2,2
reimburse,Reimburse,2,2
reins,Reins,2,2
reinsurance,Reinsurance,2,2
reinsure,Reinsure,2,2
reissue,Reissue,2,2
reiterate,Reiterate,2,2
reiterative,Reiterative,2,2
rejoint,Rejoint,2,2
rejolt,Rejolt,2,2
rejuvenescence,Rejuvenescence,2,2
relaid,Relaid,2,2
reland,Reland,2,2
relapsing,Relapsing,2,2
relational,Relational,2,2
relator,Relator,2,2
relaxation,Relaxation,2,2
relaxative,Relaxative,2,2
relevancy,Relevancy,2,2
reliance,Reliance,2,2
relieving,Relieving,2,2
religionary,Religionary,2,2
religionism,Religionism,2,2
relinquent,Relinquent,2,2
relinquish,Relinquish,2,2
reliquiae,Reliquiae,2,2
relive,Relive,2,2
relocation,Relocation,2,2
reluctant,Reluctant,2,2
relumine,Relumine,2,2
remand,Remand,2,2
remanent,Remanent,2,2
remediless,Remediless,2,2
remembrancer,Remembrancer,2,2
reminiscence,Reminiscence,2,2
reminiscent,Reminiscent,2,2
remise,Remise,2,2
remiss,Remiss,2,2
remittance,Remittance,2,2
remittitur,Remittitur,2,2
remonstrate,Remonstrate,2,2
remord,Remord,2,2
remorse,Remorse,2,2
remotion,Remotion,2,2
remount,Remount,2,2
remuneration,Remuneration,2,2
renascent,Renascent,2,2
renderer,Renderer,2,2
rendible,Rendible,2,2
rendition,Rendition,2,2
reng,Reng,2,2
renitent,Renitent,2,2
renne,Renne,2,2
rennet,Rennet,2,2
rental,Rental,2,2
renunciation,Renunciation,2,2
renverse,Renverse,3,2
renvoy,Renvoy,2,2
rep,Rep,2,2
repaid,Repaid,2,2
reparation,Reparation,2,2
reparative,Reparative,2,2
repartee,Repartee,2,2
repass,Repass,2,2
repayment,Repayment,2,2
repeating,Repeating,2,2
replacement,Replacement,2,2
replenishment,Replenishment,2,2
replete,Replete,2,2
repletion,Repletion,2,2
replica,Replica,2,2
replicate,Replicate,2,2
reposal,Reposal,2,2
reposed,Reposed,2,2
representant,Representant,2,2
representer,Representer,2,2
repression,Repression,2,2
repreve,Repreve,2,2
reprive,Reprive,2,2
reproachablr,Reproachablr,2,2
reproachful,Reproachful,2,2
reprobation,Reprobation,2,2
reproof,Reproof,2,2
reptant,Reptant,2,2
reptilian,Reptilian,2,2
republic,Republic,2,2
repudiation,Repudiation,2,2
repulsive,Repulsive,2,2
repurchase,Repurchase,2,2
requirement,Requirement,2,2
requisite,Requisite,2,2
requisitive,Requisitive,2,2
reremouse,Reremouse,2,2
res,Res,2,2
rescat,Rescat,2,2
rescind,Rescind,2,2
rescribe,Rescribe,2,2
research,Research,2,2
reseat,Reseat,2,2
resection,Resection,2,2
reseda,Reseda,2,2
reseizer,Reseizer,2,2
resentingly,Resentingly,2,2
reservoir,Reservoir,2,2
resetter,Resetter,2,2
resettle,Resettle,2,2
reship,Reship,2,2
resiant,Resiant,2,2
residency,Residency,2,2
residential,Residential,2,2
resignation,Resignation,2,2
resigned,Resigned,2,2
resiliency,Resiliency,2,2
resistant,Resistant,2,2
resistibility,Resistibility,2,2
resisting,Resisting,2,2
resistless,Resistless,2,2
resolved,Resolved,2,2
resolvedly,Resolvedly,2,2
resonance,Resonance,2,2
resoun,Resoun,2,2
resource,Resource,2,2
respeak,Respeak,2,2
respectable,Respectable,2,2
respecting,Respecting,2,2
respectuous,Respectuous,2,2
responsion,Responsion,2,2
restem,Restem,2,2
restful,Restful,2,2
restiff,Restiff,2,2
resting,Resting,2,2
restitute,Restitute,2,2
restorative,Restorative,2,2
restrict,Restrict,2,2
restriction,Restriction,2,2
restrictive,Restrictive,2,2
restringent,Restringent,2,2
resumption,Resumption,2,2
resurgent,Resurgent,2,2
resurrect,Resurrect,2,2
resurvey,Resurvey,2,2
ret,Ret,2,2
retake,Retake,2,2
retaliate,Retaliate,2,2
retch,Retch,2,2
retentive,Retentive,2,2
reticence,Reticence,2,2
reticle,Reticle,2,2
reticular,Reticular,2,2
reticulated,Reticulated,2,2
reticule,Reticule,2,2
reticulum,Reticulum,2,2
retirement,Retirement,2,2
retortion,Retortion,2,2
retractive,Retractive,2,2
retrenchment,Retrenchment,2,2
retriever,Retriever,2,2
retroaction,Retroaction,2,2
retrocede,Retrocede,2,2
retrogradation,Retrogradation,2,2
retrogression,Retrogression,2,2
retrogressive,Retrogressive,2,2
retromingent,Retromingent,2,2
retrospect,Retrospect,2,2
retrospective,Retrospective,2,2
retroverted,Retroverted,2,2
retting,Retting,2,2
returnable,Returnable,2,2
reunion,Reunion,2,2
reve,Reve,2,2
revel-rout,Revel-rout,2,2
revellent,Revellent,2,2
revenging,Revenging,2,2
reverberatory,Reverberatory,2,2
reverent,Reverent,2,2
reversible,Reversible,2,2
reversing,Reversing,2,2
reversionary,Reversionary,2,2
reverted,Reverted,2,2
reverter,Reverter,2,2
revery,Revery,2,2
revigorate,Revigorate,2,2
revile,Revile,2,2
revision,Revision,2,2
revisit,Revisit,2,2
revivification,Revivification,2,2
reviving,Reviving,2,2
revocation,Revocation,2,2
revolting,Revolting,2,2
revolutionary,Revolutionary,2,2
revolving,Revolving,2,2
revulsive,Revulsive,2,2
reword,Reword,2,2
reyse,Reyse,2,2
rhabdite,Rhabdite,2,2
rhapsodize,Rhapsodize,2,2
rhea,Rhea,2,2
rhematic,Rhematic,2,2
rhenish,Rhenish,2,2
rheometer,Rheometer,2,2
rheometry,Rheometry,2,2
rheophore,Rheophore,2,2
rhetorize,Rhetorize,2,2
rheum,Rheum,2,2
rhodian,Rhodian,2,2
rhomb,Rhomb,2,2
rhombic,Rhombic,2,2
rhomboid,Rhomboid,2,2
ribald,Ribald,2,2
ribaudequin,Ribaudequin,2,2
ribband,Ribband,2,2
ribbing,Ribbing,2,2
ricebird,Ricebird,2,2
riches,Riches,2,2
rick,Rick,2,2
rickety,Rickety,2,2
riddance,Riddance,2,2
ridden,Ridden,2,2
riddler,Riddler,2,2
riddling,Riddling,2,2
ridiculous,Ridiculous,2,2
ridotto,Ridotto,2,2
rife,Rife,2,2
rifleman,Rifleman,2,2
rigger,Rigger,2,2
rigging,Rigging,2,2
riggle,Riggle,2,2
right whale,Right whale,2,2
right-hand,Right-hand,2,2
rightfulness,Rightfulness,2,2
rightness,Rightness,2,2
rightwise,Rightwise,2,2
rigid,Rigid,2,2
rigmarole,Rigmarole,2,2
rigorism,Rigorism,2,2
rile,Rile,2,2
rimer,Rimer,2,2
rimose,Rimose,2,2
rimple,Rimple,2,2
rind,Rind,2,2
ringing,Ringing,2,2
ringleader,Ringleader,2,2
ringlet,Ringlet,2,2
ringneck,Ringneck,2,2
ringtail,Ringtail,2,2
rink,Rink,2,2
rioter,Rioter,2,2
riotous,Riotous,2,2
ripost,Ripost,2,2
riprap,Riprap,2,2
ritornello,Ritornello,2,2
ritualism,Ritualism,2,2
rivage,Rivage,2,2
rivality,Rivality,2,2
rivel,Rivel,2,2
riven,Riven,2,2
roasting,Roasting,2,2
robbery,Robbery,2,2
robbin,Robbin,2,2
robing,Robing,2,2
roborant,Roborant,2,2
rocking,Rocking,2,2
rockwork,Rockwork,2,2
rococo,Rococo,2,2
roddy,Roddy,2,2
rodomont,Rodomont,2,2
rodomontade,Rodomontade,2,2
rogation,Rogation,2,2
roin,Roin,2,2
roister,Roister,2,2
roisterly,Roisterly,2,2
roke,Roke,2,2
rolly-poly,Rolly-poly,2,2
romaic,Romaic,2,2
romany,Romany,2,2
romeward,Romeward,2,2
romping,Romping,2,2
rondeau,Rondeau,2,2
rondle,Rondle,2,2
rondo,Rondo,2,2
rondure,Rondure,2,2
rong,Rong,2,2
roofless,Roofless,2,2
roomer,Roomer,2,2
roomful,Roomful,2,2
rooted,Rooted,2,2
ropery,Ropery,2,2
roquet,Roquet,2,2
rorulent,Rorulent,2,2
rose-colored,Rose-colored,2,2
rose-pink,Rose-pink,2,2
roseate,Roseate,2,2
rosewort,Rosewort,2,2
rosicrucian,Rosicrucian,2,2
rosin,Rosin,2,2
rosinweed,Rosinweed,2,2
ross,Ross,2,2
rostrated,Rostrated,2,2
rotated,Rotated,2,2
rotator,Rotator,2,2
rotgut,Rotgut,2,2
rotiform,Rotiform,2,2
rotundity,Rotundity,2,2
roughen,Roughen,2,2
roughhew,Roughhew,2,2
roughhewn,Roughhewn,2,2
rought,Rought,2,2
rounceval,Rounceval,2,2
rounded,Rounded,2,2
roundfish,Roundfish,2,2
roussette,Roussette,2,2
roust,Roust,2,2
router,Router,2,2
routine,Routine,2,2
rowed,Rowed,2,2
rowen,Rowen,2,2
roy,Roy,2,2
rubbing,Rubbing,2,2
rubbish,Rubbish,2,2
rubefacient,Rubefacient,2,2
rubeola,Rubeola,2,2
rubrical,Rubrical,2,2
rubricate,Rubricate,2,2
ruche,Ruche,2,2
ruddock,Ruddock,2,2
rudimentary,Rudimentary,2,2
rueful,Rueful,2,2
ruffed,Ruffed,2,2
ruffler,Ruffler,2,2
rugine,Rugine,2,2
rukh,Rukh,2,2
ruler,Ruler,2,2
rumen,Rumen,2,2
ruminant,Ruminant,2,2
ruminated,Ruminated,2,2
rummager,Rummager,2,2
rumple,Rumple,2,2
rumpled,Rumpled,2,2
rundel,Rundel,2,2
rune,Rune,2,2
runlet,Runlet,2,2
runway,Runway,2,2
ruptured,Ruptured,2,2
rupturewort,Rupturewort,2,2
rural,Rural,2,2
ruralism,Ruralism,2,2
rurality,Rurality,2,2
ruralize,Ruralize,2,2
rushed,Rushed,2,2
rusher,Rusher,2,2
rushy,Rushy,2,2
russian,Russian,2,2
rusticate,Rusticate,2,2
rusticated,Rusticated,2,2
rustication,Rustication,2,2
rustler,Rustler,2,2
ruth,Ruth,2,2
rutter,Rutter,2,2
ryder,Ryder,2,2
rye,Rye,2,2
sabaoth,Sabaoth,2,2
sabellian,Sabellian,2,2
sabine,Sabine,2,2
sabot,Sabot,2,2
sabre,Sabre,2,2
saccate,Saccate,2,2
saccharate,Saccharate,2,2
saccharinate,Saccharinate,2,2
saccharine,Saccharine,2,2
saccharone,Saccharone,2,2
sacellum,Sacellum,2,2
sackful,Sackful,2,2
sacking,Sacking,2,2
saddle-backed,Saddle-backed,2,2
saddled,Saddled,2,2
saddler,Saddler,2,2
saddlery,Saddlery,2,2
saga,Saga,2,2
sagacious,Sagacious,2,2
sagamore,Sagamore,2,2
sagger,Sagger,2,2
sagging,Sagging,2,2
sagittarius,Sagittarius,2,2
sailer,Sailer,2,2
sain,Sain,2,2
sainfoin,Sainfoin,2,2
sainthood,Sainthood,2,2
saki,Saki,2,2
sal,Sal,2,2
salaam,Salaam,2,2
salad,Salad,2,2
salaried,Salaried,2,2
salian,Salian,2,2
salience,Salience,2,2
salify,Salify,2,2
salina,Salina,2,2
salite,Salite,2,2
salivant,Salivant,2,2
salivate,Salivate,2,2
salix,Salix,2,2
sallet,Sallet,2,2
salmagundi,Salmagundi,2,2
salmonoid,Salmonoid,2,2
saloon,Saloon,2,2
saltant,Saltant,2,2
saltigrade,Saltigrade,2,2
salutary,Salutary,2,2
samaritan,Samaritan,2,2
sameness,Sameness,2,2
samian,Samian,2,2
samoan,Samoan,2,2
sampler,Sampler,2,2
sanbenito,Sanbenito,2,2
sanctified,Sanctified,2,2
sanctimonious,Sanctimonious,2,2
sanctus,Sanctus,2,2
sandaled,Sandaled,2,2
sandarac,Sandarac,2,2
sandpaper,Sandpaper,2,2
sandpiper,Sandpiper,2,2
sandwich,Sandwich,2,2
sandy,Sandy,2,2
sane,Sane,2,2
sang,Sang,2,2
sanguinaria,Sanguinaria,2,2
sanious,Sanious,2,2
sanitarian,Sanitarian,2,2
sank,Sank,2,2
sans-culotte,Sans-culotte,2,2
sanskrit,Sanskrit,2,2
saphenous,Saphenous,2,2
sapless,Sapless,2,2
sarcoderma,sarcoderma,2,2
sarcophaga,Sarcophaga,2,2
sarcophagan,Sarcophagan,2,2
sarcoptid,Sarcoptid,2,2
sarcosis,Sarcosis,2,2
sarcotic,Sarcotic,2,2
sardel,Sardel,2,2
sardine,Sardine,2,2
sardinian,Sardinian,2,2
sardonic,Sardonic,2,2
sark,Sark,2,2
sarmentose,Sarmentose,2,2
sarsaparilla,Sarsaparilla,2,2
sarse,Sarse,2,2
sartorial,Sartorial,2,2
sat,Sat,2,2
satinet,Satinet,2,2
satire,Satire,2,2
satirical,Satirical,2,2
satisfactory,Satisfactory,2,2
saturnalia,Saturnalia,2,2
saturnalian,Saturnalian,2,2
saucisse,Saucisse,2,2
saucy,Saucy,2,2
sauf,Sauf,2,2
saunter,Saunter,2,2
saurian,Saurian,2,2
sauroid,Sauroid,2,2
sausage,Sausage,2,2
saute,Saute,2,2
sauter,Sauter,2,2
savine,Savine,2,2
savingly,Savingly,2,2
savingness,Savingness,2,2
savior,Savior,2,2
savorly,Savorly,2,2
savory,Savory,2,2
saxicavid,Saxicavid,2,2
saxifragant,Saxifragant,2,2
saying,Saying,2,2
scabbard,Scabbard,2,2
scabby,Scabby,2,2
scabious,Scabious,2,2
scabrous,Scabrous,2,2
scaffolding,Scaffolding,2,2
scala,Scala,2,2
scalariform,Scalariform,2,2
scalebeam,Scalebeam,2,2
scaleboard,Scaleboard,2,2
scall,Scall,2,2
scallion,Scallion,2,2
scalloping,Scalloping,2,2
scalping,Scalping,2,2
scambler,Scambler,2,2
scammony,Scammony,2,2
scamp,Scamp,2,2
scamper,Scamper,2,2
scandalize,Scandalize,2,2
scandalously,Scandalously,2,2
scandinavian,Scandinavian,2,2
scansorial,Scansorial,2,2
scantle,Scantle,2,2
scantly,Scantly,2,2
scapegoat,Scapegoat,2,2
scaphoid,Scaphoid,2,2
scapholunar,Scapholunar,2,2
scapple,Scapple,2,2
scapula,Scapula,2,2
scapular,Scapular,2,2
scarabee,Scarabee,2,2
scaraboid,Scaraboid,2,2
scarcely,Scarcely,2,2
scare,Scare,2,2
scarefire,Scarefire,2,2
scarify,Scarify,2,2
scarring,Scarring,2,2
scarry,Scarry,2,2
scath,Scath,2,2
scaup,Scaup,2,2
scena,Scena,2,2
scenery,Scenery,2,2
scentful,Scentful,2,2
schedule,Schedule,2,2
schematism,Schematism,2,2
scheming,Scheming,2,2
schesis,Schesis,2,2
schismatic,Schismatic,2,2
schizopod,Schizopod,2,2
scholarly,Scholarly,2,2
scholium,Scholium,2,2
scholy,Scholy,2,2
schoolmaster,Schoolmaster,2,2
schooner,Schooner,2,2
sciagraph,Sciagraph,2,2
sciatic,Sciatic,2,2
scimitar,Scimitar,2,2
scincoid,Scincoid,2,2
scink,Scink,2,2
scintillate,Scintillate,2,2
scintillation,Scintillation,2,2
sciot,Sciot,2,2
scirrhus,Scirrhus,2,2
scissel,Scissel,2,2
sciurine,Sciurine,2,2
scizorhinal,Scizorhinal,2,2
sclerenchyma,Sclerenchyma,2,2
scleriasis,Scleriasis,2,2
sclerodermite,Sclerodermite,2,2
sclerodermous,Sclerodermous,2,2
sclerosis,Sclerosis,2,2
sclerotal,Sclerotal,2,2
sclerotium,Sclerotium,2,2
scobs,Scobs,2,2
scolding,Scolding,2,2
scolex,Scolex,2,2
scolopendra,Scolopendra,2,2
scombroid,Scombroid,2,2
scomm,Scomm,2,2
scooper,Scooper,2,2
scopeloid,Scopeloid,2,2
scopula,Scopula,2,2
scorching,Scorching,2,2
scoria,Scoria,2,2
scoring,Scoring,2,2
scornful,Scornful,2,2
scorpiones,Scorpiones,2,2
scotching,Scotching,2,2
scotchman,Scotchman,2,2
scotia,Scotia,2,2
scotomy,Scotomy,2,2
scoundrel,Scoundrel,2,2
scourer,Scourer,2,2
scow,Scow,2,2
scraber,Scraber,2,2
scragged,Scragged,2,2
scraggy,Scraggy,2,2
scrambler,Scrambler,2,2
scrambling,Scrambling,2,2
scratching,Scratching,2,2
screak,Screak,2,2
scream,Scream,2,2
screech,Screech,2,2
screwing,Screwing,2,2
scribbler,Scribbler,2,2
scrim,Scrim,2,2
scrimmage,Scrimmage,2,2
scrimping,Scrimping,2,2
scrimshaw,Scrimshaw,2,2
scrine,Scrine,2,2
scrofulous,Scrofulous,2,2
scrow,Scrow,2,2
scrubbed,Scrubbed,2,2
scrubber,Scrubber,2,2
scruff,Scruff,2,2
scrutinize,Scrutinize,2,2
scudo,Scudo,2,2
scuff,Scuff,2,2
scuffler,Scuffler,2,2
scug,Scug,2,2
sculler,Sculler,2,2
scullery,Scullery,2,2
scullion,Scullion,2,2
sculptor,Sculptor,2,2
scumber,Scumber,2,2
scup,Scup,2,2
scurfiness,Scurfiness,2,2
scurrility,Scurrility,2,2
scurrilous,Scurrilous,2,2
scurry,Scurry,2,2
scutate,Scutate,2,2
scutcheon,Scutcheon,2,2
scutcher,Scutcher,2,2
scutellated,Scutellated,2,2
scutelliform,Scutelliform,2,2
scutibranch,Scutibranch,2,2
scutibranchiate,Scutibranchiate,2,2
sea adder,Sea adder,2,2
sea ape,Sea ape,2,2
sea bank,Sea bank,2,2
sea bass,Sea bass,2,2
sea bear,Sea bear,2,2
sea cat,Sea cat,2,2
sea dragon,Sea dragon,2,2
sea eagle,Sea eagle,2,2
sea foam,Sea foam,2,2
sea holm,Sea holm,2,2
sea lark,Sea lark,2,2
sea mouse,Sea mouse,2,2
sea pie,Sea pie,2,2
sea pig,Sea pig,2,2
sea pincushion,Sea pincushion,2,2
sea rat,Sea rat,2,2
sea raven,Sea raven,2,2
sea salmon,Sea salmon,2,2
sea scorpion,Sea scorpion,2,2
sea serpent,Sea serpent,2,2
sea slug,Sea slug,2,2
sea snail,Sea snail,2,2
sea snipe,Sea snipe,2,2
sea spider,Sea spider,2,2
sea trumpet,Sea trumpet,2,2
sea turtle,Sea turtle,2,2
sea widgeon,Sea widgeon,2,2
sea-born,Sea-born,2,2
sea-maid,Sea-maid,2,2
seaboat,Seaboat,2,2
sealer,Sealer,2,2
seaman,Seaman,2,2
seamed,Seamed,2,2
searce,Searce,2,2
searcer,Searcer,2,2
searching,Searching,2,2
searcloth,Searcloth,2,2
seared,Seared,2,2
seashore,Seashore,2,2
seaward,Seaward,2,2
seaweed,Seaweed,2,2
sebiferous,Sebiferous,2,2
seceder,Seceder,2,2
secern,Secern,2,2
secession,Secession,2,2
secessionist,Secessionist,2,2
seclude,Seclude,2,2
secondarily,Secondarily,2,2
secondhand,Secondhand,2,2
secre,Secre,2,2
secrete,Secrete,2,2
secretiveness,Secretiveness,2,2
secretness,Secretness,2,2
secretory,Secretory,2,2
sect,Sect,2,2
sectarian,Sectarian,2,2
sectional,Sectional,2,2
sectorial,Sectorial,2,2
secularism,Secularism,2,2
secundine,Secundine,2,2
sedge,Sedge,2,2
sediment,Sediment,2,2
sedition,Sedition,2,2
seditious,Seditious,2,2
seduce,Seduce,2,2
seducement,Seducement,2,2
seducing,Seducing,2,2
seduction,Seduction,2,2
seedbox,Seedbox,2,2
seedsman,Seedsman,2,2
seeing,Seeing,2,2
seeker,Seeker,2,2
seeling,Seeling,2,2
seem,Seem,2,2
seemly,Seemly,2,2
seethe,Seethe,2,2
segregation,Segregation,2,2
seigneurial,Seigneurial,2,2
seignior,Seignior,2,2
seigniorage,Seigniorage,2,2
seigniory,Seigniory,2,2
seint,Seint,2,2
seismography,Seismography,2,2
seke,Seke,2,2
seld,Seld,2,2
select,Select,2,2
selection,Selection,2,2
selenite,Selenite,2,2
self-abasement,Self-abasement,2,2
self-conscious,Self-conscious,2,2
self-contained,Self-contained,2,2
self-government,Self-government,2,2
self-knowing,Self-knowing,2,2
self-seeking,Self-seeking,2,2
self-sufficient,Self-sufficient,2,2
selfish,Selfish,2,2
selves,Selves,2,2
semblable,Semblable,2,2
semblance,Semblance,2,2
semen,Semen,2,2
semi-arian,Semi-Arian,2,2
semi-pelagian,Semi-Pelagian,2,2
semibarbarian,Semibarbarian,2,2
semicentennial,Semicentennial,2,2
semidiurnal,Semidiurnal,2,2
semidouble,Semidouble,2,2
semifluid,Semifluid,2,2
semilunar,Semilunar,2,2
semination,Semination,2,2
semiotic,Semiotic,2,2
semisavage,Semisavage,2,2
semitertian,Semitertian,2,2
semivitrification,Semivitrification,2,2
semivowel,Semivowel,2,2
sempiternal,Sempiternal,2,2
sen,Sen,2,2
senator,Senator,2,2
senatorial,Senatorial,2,2
senna,Senna,2,2
sennet,Sennet,2,2
sennit,Sennit,2,2
sensate,Sensate,2,2
sensated,Sensated,2,2
sensationalism,Sensationalism,2,2
sensationalist,Sensationalist,2,2
sensibleness,Sensibleness,2,2
sensibly,Sensibly,2,2
sensualist,Sensualist,2,2
sensualistic,Sensualistic,2,2
sensuous,Sensuous,2,2
sentential,sentential,2,2
sententious,Sententious,2,2
sentient,Sentient,2,2
sentimentalize,Sentimentalize,2,2
sentry,Sentry,2,2
separating,Separating,2,2
septennial,Septennial,2,2
septentrion,Septentrion,2,2
septette,Septette,2,2
septiferous,Septiferous,2,2
septomaxillary,Septomaxillary,2,2
septuagenary,Septuagenary,2,2
septuple,Septuple,2,2
sepulchral,Sepulchral,2,2
sepulchre,Sepulchre,2,2
sepulture,Sepulture,2,2
sequestered,Sequestered,2,2
sequestrator,Sequestrator,2,2
seraphim,Seraphim,2,2
serenely,Serenely,2,2
serenity,Serenity,2,2
serge,Serge,2,2
serolin,Serolin,2,2
serosity,Serosity,2,2
serous,Serous,2,2
serpentry,Serpentry,2,2
serranoid,Serranoid,2,2
serrated,Serrated,2,2
serration,Serration,2,2
serrature,Serrature,2,2
serricorn,Serricorn,2,2
serried,Serried,2,2
serrulation,Serrulation,2,2
serum,Serum,2,2
servable,Servable,2,2
server,Server,2,2
servian,Servian,2,2
serviceable,Serviceable,2,2
servifor,Servifor,2,2
serving,Serving,2,2
sesquialter,Sesquialter,2,2
sesqyipedality,Sesqyipedality,2,2
sess,Sess,2,2
sestet,Sestet,2,2
setaceous,Setaceous,2,2
setbolt,Setbolt,2,2
settee,Settee,2,2
sevenfold,Sevenfold,2,2
severance,Severance,2,2
sewage,Sewage,2,2
sexagesimal,Sexagesimal,2,2
sexennial,Sexennial,2,2
sext,Sext,2,2
sextans,Sextans,2,2
sextary,Sextary,2,2
sextic,Sextic,2,2
sextile,Sextile,2,2
sextodecimo,Sextodecimo,2,2
sextuple,Sextuple,2,2
shabbed,Shabbed,2,2
shadbird,Shadbird,2,2
shafted,Shafted,2,2
shagbark,Shagbark,2,2
shagged,Shagged,2,2
shaggy,Shaggy,2,2
shagreened,Shagreened,2,2
shameful,Shameful,2,2
shameless,Shameless,2,2
shammy,Shammy,2,2
shanghai,Shanghai,2,2
shapable,Shapable,2,2
shapely,Shapely,2,2
sharking,Sharking,2,2
sharptail,Sharptail,2,2
shash,Shash,2,2
shaw,Shaw,2,2
shawl,Shawl,2,2
she,She,2,2
shealing,Shealing,2,2
shearer,Shearer,2,2
sheartail,Sheartail,2,2
sheave,Sheave,2,2
shedder,Shedder,2,2
sheep-shearing,Sheep-shearing,2,2
sheepish,Sheepish,2,2
sheepskin,Sheepskin,2,2
sheet anchor,Sheet anchor,2,2
shekel,Shekel,2,2
sheldrake,Sheldrake,2,2
shelfy,Shelfy,2,2
shelled,Shelled,2,2
shelling,Shelling,2,2
shend,Shend,2,2
shet,Shet,2,2
shied,Shied,2,2
shield-bearer,Shield-bearer,2,2
shill,Shill,2,2
shim,Shim,2,2
shimmer,Shimmer,2,2
shimmering,Shimmering,2,2
shindle,Shindle,2,2
shingler,Shingler,2,2
shipment,Shipment,2,2
shipshape,Shipshape,2,2
shire,Shire,2,2
shirl,Shirl,2,2
shirred,Shirred,2,2
shirt,Shirt,2,2
shirting,Shirting,2,2
shittle,Shittle,2,2
shivery,Shivery,2,2
shoaling,Shoaling,2,2
shocking,Shocking,2,2
shod,Shod,2,2
shode,Shode,2,2
shone,Shone,2,2
shoon,Shoon,2,2
shoppy,Shoppy,2,2
shorling,Shorling,2,2
shorn,Shorn,2,2
short-breathed,Short-breathed,2,2
shortly,Shortly,2,2
shot-free,Shot-free,2,2
shote,Shote,2,2
shots,Shots,2,2
shough,Shough,2,2
should,Should,2,2
shouldered,Shouldered,2,2
shovelboard,Shovelboard,2,2
shoveler,Shoveler,2,2
showery,Showery,2,2
shown,Shown,2,2
showroom,Showroom,2,2
shrag,Shrag,2,2
shrank,Shrank,2,2
shrapnel,Shrapnel,2,2
shrieve,Shrieve,2,2
shrift,Shrift,2,2
shright,Shright,2,2
shrilly,Shrilly,2,2
shrinking,Shrinking,2,2
shrivel,Shrivel,2,2
shriven,Shriven,2,2
shriving,Shriving,2,2
shrouded,Shrouded,2,2
shrouding,Shrouding,2,2
shrubbery,Shrubbery,2,2
shrubby,Shrubby,2,2
shrunken,Shrunken,2,2
shudder,Shudder,2,2
shuffler,Shuffler,2,2
shug,Shug,2,2
shuttlecock,Shuttlecock,2,2
sib,Sib,2,2
siberian,Siberian,2,2
sibilant,Sibilant,2,2
sibyl,Sibyl,2,2
sic,Sic,2,2
siccative,Siccative,2,2
sicilian,Sicilian,2,2
sickening,Sickening,2,2
sicker,Sicker,2,2
sickish,Sickish,2,2
sickle,Sickle,2,2
sicklewort,Sicklewort,2,2
sickness,Sickness,2,2
sided,Sided,2,2
sideling,Sideling,2,2
sider,Sider,2,2
sideral,Sideral,2,2
sidereal,Sidereal,2,2
sidesman,Sidesman,2,2
sieve,Sieve,2,2
sifter,Sifter,2,2
sighing,Sighing,2,2
sight-seeing,Sight-seeing,2,2
sighted,Sighted,2,2
sighting,Sighting,2,2
sightly,Sightly,2,2
sigillaria,Sigillaria,2,2
signification,Signification,2,2
significative,Significative,2,2
significatory,Significatory,2,2
signify,Signify,2,2
signiorize,Signiorize,2,2
sikerly,Sikerly,2,2
silesia,Silesia,2,2
silesian,Silesian,2,2
silhouette,Silhouette,2,2
silicified,Silicified,2,2
silicify,Silicify,2,2
siliculose,Siliculose,2,2
siliqua,Siliqua,2,2
silkiness,Silkiness,2,2
silurian,Silurian,2,2
siluroid,Siluroid,2,2
silva,Silva,2,2
silvan,Silvan,2,2
silvas,Silvas,2,2
silverfish,Silverfish,2,2
silvering,Silvering,2,2
simian,Simian,2,2
simmer,Simmer,2,2
simnel,Simnel,2,2
simpering,Simpering,2,2
simular,Simular,2,2
simulate,Simulate,2,2
sinch,Sinch,2,2
sinciput,Sinciput,2,2
sindon,Sindon,2,2
sinewy,Sinewy,2,2
singing,Singing,2,2
singleness,Singleness,2,2
singlestick,Singlestick,2,2
sinistral,Sinistral,2,2
sinistrous,Sinistrous,2,2
sinistrously,Sinistrously,2,2
sinking,Sinking,2,2
sinner,Sinner,2,2
sinople,Sinople,2,2
sinuated,Sinuated,2,2
sinuosity,Sinuosity,2,2
siphonate,Siphonate,2,2
siphonia,Siphonia,2,2
siphonobranchiate,Siphonobranchiate,2,2
siphonophoran,Siphonophoran,2,2
siphonostomata,Siphonostomata,2,2
siphonostomatous,Siphonostomatous,2,2
siphonostome,Siphonostome,2,2
sipunculoid,Sipunculoid,2,2
sipunculoidea,Sipunculoidea,2,2
siriasis,Siriasis,2,2
sis,Sis,2,2
sise,Sise,2,2
siskin,Siskin,2,2
siss,Siss,2,2
sisterhood,Sisterhood,2,2
sitfast,Sitfast,2,2
sitten,Sitten,2,2
sitter,Sitter,2,2
situated,Situated,2,2
sizable,Sizable,2,2
sizzle,Sizzle,2,2
sizzling,Sizzling,2,2
skaddle,Skaddle,2,2
skater,Skater,2,2
skelder,Skelder,2,2
skelly,Skelly,2,2
skep,Skep,2,2
skeptical,Skeptical,2,2
skewer,Skewer,2,2
skied,Skied,2,2
skieldrake,Skieldrake,2,2
skiff,Skiff,2,2
skillful,Skillful,2,2
skilling,Skilling,2,2
skinner,Skinner,2,2
skippet,Skippet,2,2
skirl,Skirl,2,2
skirling,Skirling,2,2
skirmisher,Skirmisher,2,2
skittish,Skittish,2,2
skive,Skive,2,2
skiver,Skiver,2,2
skiving,Skiving,2,2
skrike,Skrike,2,2
skunk,Skunk,2,2
skunkhead,Skunkhead,2,2
skyed,Skyed,2,2
slabby,Slabby,2,2
slade,Slade,2,2
slag,Slag,2,2
slanderous,Slanderous,2,2
slank,Slank,2,2
slanting,Slanting,2,2
slapping,Slapping,2,2
slater,Slater,2,2
slatternly,Slatternly,2,2
slavering,Slavering,2,2
slavic,Slavic,2,2
slavonic,Slavonic,2,2
slaw,Slaw,2,2
sleaved,Sleaved,2,2
sleeky,Sleeky,2,2
sleeping,Sleeping,2,2
sleepless,Sleepless,2,2
sleepyhead,Sleepyhead,2,2
sleeved,Sleeved,2,2
sleeveless,Sleeveless,2,2
sleigh,Sleigh,2,2
sleighing,Sleighing,2,2
slept,Slept,2,2
slew,Slew,2,2
slickensides,Slickensides,2,2
slicking,Slicking,2,2
slid,Slid,2,2
slidden,Slidden,2,2
slidder,Slidder,2,2
sliding,Sliding,2,2
slighting,Slighting,2,2
slightly,Slightly,2,2
slipshod,Slipshod,2,2
slitting,Slitting,2,2
slive,Slive,2,2
slobber,Slobber,2,2
slobberer,Slobberer,2,2
sloping,Sloping,2,2
slouching,Slouching,2,2
sloughing,Sloughing,2,2
sloughy,Sloughy,2,2
slowenly,Slowenly,2,2
slub,Slub,2,2
slubbing,Slubbing,2,2
sludge,Sludge,2,2
sluggard,Sluggard,2,2
slumberous,Slumberous,2,2
slung,Slung,2,2
slunk,Slunk,2,2
slurred,Slurred,2,2
smatch,Smatch,2,2
smeared,Smeared,2,2
smeeth,Smeeth,2,2
smell-feast,Smell-feast,2,2
smeller,Smeller,2,2
smelting,Smelting,2,2
smerk,Smerk,2,2
smew,Smew,2,2
smicker,Smicker,2,2
smilax,Smilax,2,2
smirch,Smirch,2,2
smither,Smither,2,2
smithery,Smithery,2,2
smithsonian,Smithsonian,2,2
smitten,Smitten,2,2
smoking,Smoking,2,2
smoldering,Smoldering,2,2
smoothbore,Smoothbore,2,2
smoothing,Smoothing,2,2
smote,Smote,2,2
smouldering,Smouldering,2,2
smug,Smug,2,2
smuggler,Smuggler,2,2
smutch,Smutch,2,2
smyrniot,Smyrniot,2,2
snack,Snack,2,2
snaffle,Snaffle,2,2
snagged,Snagged,2,2
snaggy,Snaggy,2,2
snail-like,Snail-like,2,2
snakebird,Snakebird,2,2
snakefish,Snakefish,2,2
snakestone,Snakestone,2,2
snakeweed,Snakeweed,2,2
snaphance,Snaphance,2,2
snapping,Snapping,2,2
snappish,Snappish,2,2
snarler,Snarler,2,2
snarling,Snarling,2,2
snead,Snead,2,2
sneaker,Sneaker,2,2
sneaking,Sneaking,2,2
sneck,Sneck,2,2
sneeze,Sneeze,2,2
sneezing,Sneezing,2,2
snell,Snell,2,2
snet,Snet,2,2
snib,Snib,2,2
sniffing,Sniffing,2,2
snifting,Snifting,2,2
sniggle,Sniggle,2,2
snip-snap,Snip-snap,2,2
snipe,Snipe,2,2
snipebill,Snipebill,2,2
snipefish,Snipefish,2,2
snite,Snite,2,2
snod,Snod,2,2
snooze,Snooze,2,2
snore,Snore,2,2
snoring,Snoring,2,2
snorter,Snorter,2,2
snotter,Snotter,2,2
snowflake,Snowflake,2,2
snudge,Snudge,2,2
snuffer,Snuffer,2,2
snuffy,Snuffy,2,2
so-so,So-so,2,2
soaker,Soaker,2,2
soaking,Soaking,2,2
soal,Soal,2,2
soapy,Soapy,2,2
soaring,Soaring,2,2
sobbing,Sobbing,2,2
soberly,Soberly,2,2
soboles,Soboles,2,2
sobriety,Sobriety,2,2
sociable,Sociable,2,2
socialist,Socialist,2,2
socialize,Socialize,2,2
socinian,Socinian,2,2
sockdolager,Sockdolager,2,2
socket,Socket,2,2
socle,Socle,2,2
socotrine,Socotrine,2,2
soda,Soda,2,2
sodality,Sodality,2,2
sodomite,Sodomite,2,2
softening,Softening,2,2
sojourn,Sojourn,2,2
sojourning,Sojourning,2,2
soken,Soken,2,2
sol-fa,Sol-fa,2,2
sola,Sola,2,2
solarium,Solarium,2,2
solarize,Solarize,2,2
soldering,Soldering,2,2
soldiering,Soldiering,2,2
soldiery,Soldiery,2,2
solecism,Solecism,2,2
solen,Solen,2,2
solenoglyph,Solenoglyph,2,2
soleplate,Soleplate,2,2
soli,Soli,2,2
solidify,Solidify,2,2
solidness,Solidness,2,2
solifidian,Solifidian,2,2
soliitation,Soliitation,2,2
soliloquy,Soliloquy,2,2
solipsism,Solipsism,2,2
sollar,Sollar,2,2
solpugid,Solpugid,2,2
solstitial,Solstitial,2,2
solubility,Solubility,2,2
solvability,Solvability,2,2
solve,Solve,2,2
somatic,Somatic,2,2
somatology,Somatology,2,2
somebody,Somebody,2,2
sonance,Sonance,2,2
songster,Songster,2,2
sonneteer,Sonneteer,2,2
sonometer,Sonometer,2,2
soothfast,Soothfast,2,2
soothing,Soothing,2,2
soothsayer,Soothsayer,2,2
soph,Soph,2,2
sophist,Sophist,2,2
sophisticate,Sophisticate,2,2
sophisticated,Sophisticated,2,2
sophistry,Sophistry,2,2
sophora,Sophora,2,2
soporific,Soporific,2,2
soprano,Soprano,2,2
sorb,Sorb,2,2
sorbefacient,Sorbefacient,2,2
sordidly,Sordidly,2,2
soredia,Soredia,2,2
sorel,Sorel,2,2
sorghum,Sorghum,2,2
sori,Sori,2,2
sorosis,Sorosis,2,2
sorrow,Sorrow,2,2
sorrowed,Sorrowed,2,2
sorrowful,Sorrowful,2,2
sortable,Sortable,2,2
sortes,Sortes,2,2
sotadic,Sotadic,2,2
soteriology,Soteriology,2,2
sotto voce,Sotto voce,2,2
souffle,Souffle,2,2
sought,Sought,2,2
sounder,Sounder,2,2
sounding-board,Sounding-board,2,2
soundless,Soundless,2,2
souring,Souring,2,2
southdown,Southdown,2,2
southeast,Southeast,2,2
southeaster,Southeaster,2,2
southern,Southern,2,2
southernly,Southernly,2,2
southwest,Southwest,2,2
southwester,Southwester,2,2
sowl,Sowl,2,2
sown,Sown,2,2
soy,Soy,2,2
soyle,Soyle,2,2
spacious,Spacious,2,2
spadiceous,Spadiceous,2,2
spadix,Spadix,2,2
spagyric,Spagyric,2,2
spagyrist,Spagyrist,2,2
spahee,Spahee,2,2
spake,Spake,2,2
spale,Spale,2,2
spancel,Spancel,2,2
spandrel,Spandrel,2,2
spanish,Spanish,2,2
sparadrap,Sparadrap,2,2
sparing,Sparing,2,2
sparkish,Sparkish,2,2
sparkling,Sparkling,2,2
sparoid,Sparoid,2,2
sparrow,Sparrow,2,2
spartan,Spartan,2,2
spasm,Spasm,2,2
spasticity,Spasticity,2,2
spatangoid,Spatangoid,2,2
spathose,Spathose,2,2
spawling,Spawling,2,2
spawner,Spawner,2,2
spay,Spay,2,2
speakable,Speakable,2,2
spearfish,Spearfish,2,2
specialization,Specialization,2,2
specially,Specially,2,2
specie,Specie,2,2
speciosity,Speciosity,2,2
specious,Specious,2,2
speckle,Speckle,2,2
speckled,Speckled,2,2
spectacled,Spectacled,2,2
spectatorship,Spectatorship,2,2
spectral,Spectral,2,2
speculatory,Speculatory,2,2
sped,Sped,2,2
speechifying,Speechifying,2,2
speechless,Speechless,2,2
speeder,Speeder,2,2
speer,Speer,2,2
speking,Speking,2,2
speller,Speller,2,2
spence,Spence,2,2
spending,Spending,2,2
spendthrift,Spendthrift,2,2
spere,Spere,2,2
sperling,Sperling,2,2
sperm,Sperm,2,2
spermatophore,Spermatophore,2,2
spet,Spet,2,2
sphacelate,Sphacelate,2,2
sphacelated,Sphacelated,2,2
sphenethmoid,Sphenethmoid,2,2
sphenoidal,Sphenoidal,2,2
sphenotic,Sphenotic,2,2
spheral,Spheral,2,2
sphery,Sphery,2,2
sphincter,Sphincter,2,2
sphingid,Sphingid,2,2
spica,Spica,2,2
spicer,Spicer,2,2
spicery,Spicery,2,2
spicule,Spicule,2,2
spied,Spied,2,2
spight,Spight,2,2
spikebill,Spikebill,2,2
spiked,Spiked,2,2
spikenard,Spikenard,2,2
spiky,Spiky,2,2
spiller,Spiller,2,2
spilt,Spilt,2,2
spinal,Spinal,2,2
spindle-shaped,Spindle-shaped,2,2
spindling,Spindling,2,2
spinel,Spinel,2,2
spinet,Spinet,2,2
spinning,Spinning,2,2
spinny,Spinny,2,2
spinous,Spinous,2,2
spired,Spired,2,2
spiring,Spiring,2,2
spiritous,Spiritous,2,2
spiry,Spiry,2,2
spitchcock,Spitchcock,2,2
splayfoot,Splayfoot,2,2
spleened,Spleened,2,2
spleeny,Spleeny,2,2
splendent,Splendent,2,2
splenetic,Splenetic,2,2
splenotomy,Splenotomy,2,2
spline,Spline,2,2
split-tail,Split-tail,2,2
splurge,Splurge,2,2
splutter,Splutter,2,2
spoiler,Spoiler,2,2
spondaical,Spondaical,2,2
sponging,Sponging,2,2
sponsion,Sponsion,2,2
sponsor,Sponsor,2,2
spook,Spook,2,2
spool,Spool,2,2
spooney,Spooney,2,2
spoonful,Spoonful,2,2
spoor,Spoor,2,2
sporidium,Sporidium,2,2
sporocarp,Sporocarp,2,2
sporocyst,Sporocyst,2,2
sporophore,Sporophore,2,2
sporosac,Sporosac,2,2
sportful,Sportful,2,2
sporting,Sporting,2,2
spotted,Spotted,2,2
spousal,Spousal,2,2
sprain,Sprain,2,2
sprang,Sprang,2,2
sprat,Sprat,2,2
spreader,Spreader,2,2
sprigged,Sprigged,2,2
sprigtail,Sprigtail,2,2
springal,Springal,2,2
springy,Springy,2,2
sprinkler,Sprinkler,2,2
sprint,Sprint,2,2
spritsail,Spritsail,2,2
spume,Spume,2,2
spun,Spun,2,2
spunk,Spunk,2,2
spurgall,Spurgall,2,2
spurge,Spurge,2,2
spurious,Spurious,2,2
squame,Squame,2,2
squamous,Squamous,2,2
squamozygomatic,Squamozygomatic,2,2
squarer,Squarer,2,2
squeaker,Squeaker,2,2
squelch,Squelch,2,2
squid,Squid,2,2
squiggle,Squiggle,2,2
squinancy,Squinancy,2,2
squint-eyed,Squint-eyed,2,2
squinting,Squinting,2,2
squirrel,Squirrel,2,2
stabber,Stabber,2,2
stabulation,Stabulation,2,2
staccato,Staccato,2,2
stackage,Stackage,2,2
stacking,Stacking,2,2
stade,Stade,2,2
staging,Staging,2,2
stagnant,Stagnant,2,2
stagnation,Stagnation,2,2
stahlian,Stahlian,2,2
staid,Staid,2,2
stail,Stail,2,2
stainer,Stainer,2,2
stair,Stair,2,2
stalactite,Stalactite,2,2
stalactites,Stalactites,2,2
stalely,Stalely,2,2
stalemate,Stalemate,2,2
stalked,Stalked,2,2
stalker,Stalker,2,2
stalking-horse,Stalking-horse,2,2
stallage,Stallage,2,2
stalled,Stalled,2,2
stalling,Stalling,2,2
stamen,Stamen,2,2
stamineous,Stamineous,2,2
stamper,Stamper,2,2
stamping,Stamping,2,2
stance,Stance,2,2
stanchless,Stanchless,2,2
stander,Stander,2,2
standpipe,Standpipe,2,2
stannary,Stannary,2,2
stanza,Stanza,2,2
stapler,Stapler,2,2
starfish,Starfish,2,2
stargaser,Stargaser,2,2
stargasing,Stargasing,2,2
starlight,Starlight,2,2
starlike,Starlike,2,2
starter,Starter,2,2
starting,Starting,2,2
starveling,Starveling,2,2
starwort,Starwort,2,2
stately,Stately,2,2
statement,Statement,2,2
stater,Stater,2,2
stateroom,Stateroom,2,2
states-general,States-general,2,2
statical,Statical,2,2
stating,Stating,2,2
stationer,Stationer,2,2
stationery,Stationery,2,2
statist,Statist,2,2
statued,Statued,2,2
statutable,Statutable,2,2
staving,Staving,2,2
stayed,Stayed,2,2
stayedness,Stayedness,2,2
steadfast,Steadfast,2,2
stealer,Stealer,2,2
steamboating,Steamboating,2,2
steelhead,Steelhead,2,2
steeling,Steeling,2,2
steely,Steely,2,2
steem,Steem,2,2
steeple-crowned,Steeple-crowned,2,2
steepness,Steepness,2,2
steering,Steering,2,2
steeving,Steeving,2,2
stegnotic,Stegnotic,2,2
steinbock,Steinbock,2,2
stele,Stele,2,2
stellary,Stellary,2,2
stellated,Stellated,2,2
stellular,Stellular,2,2
stemma,Stemma,2,2
stencil,Stencil,2,2
stenograph,Stenograph,2,2
stepchild,Stepchild,2,2
stephanotis,Stephanotis,2,2
stepped,Stepped,2,2
stepping-stone,Stepping-stone,2,2
stereometer,Stereometer,2,2
stereotypery,Stereotypery,2,2
sterility,Sterility,2,2
sternum,Sternum,2,2
sternutatory,Sternutatory,2,2
stet,Stet,2,2
stethoscope,Stethoscope,2,2
steven,Steven,2,2
stibium,Stibium,2,2
stichometry,Stichometry,2,2
sticked,Sticked,2,2
sticking,Sticking,2,2
stifled,Stifled,2,2
stigmata,Stigmata,2,2
stigmatization,Stigmatization,2,2
stigmatize,Stigmatize,2,2
stillatory,Stillatory,2,2
stillborn,Stillborn,2,2
stilling,Stilling,2,2
stillness,Stillness,2,2
stillroom,Stillroom,2,2
stilly,Stilly,2,2
stilted,Stilted,2,2
stimulate,Stimulate,2,2
stimulation,Stimulation,2,2
stimulative,Stimulative,2,2
stimulism,Stimulism,2,2
stimulus,Stimulus,2,2
stinging,Stinging,2,2
stingy,Stingy,2,2
stinkard,Stinkard,2,2
stinker,Stinker,2,2
stinking,Stinking,2,2
stipend,Stipend,2,2
stipendiary,Stipendiary,2,2
stipes,Stipes,2,2
stipple,Stipple,2,2
stipula,Stipula,2,2
stipulate,Stipulate,2,2
stirps,Stirps,2,2
stirring,Stirring,2,2
stith,Stith,2,2
stockfish,Stockfish,2,2
stockwork,Stockwork,2,2
stocky,Stocky,2,2
stoic,Stoic,2,2
stoical,Stoical,2,2
stoicism,Stoicism,2,2
stoker,Stoker,2,2
stolen,Stolen,2,2
stolon,Stolon,2,2
stomacher,Stomacher,2,2
stomachical,Stomachical,2,2
stomaching,Stomaching,2,2
stomachless,Stomachless,2,2
stomatic,Stomatic,2,2
stomatode,Stomatode,2,2
stomodaeum,Stomodaeum,2,2
stonecrop,Stonecrop,2,2
stoner,Stoner,2,2
stonerunner,Stonerunner,2,2
stont,Stont,2,2
stood,Stood,2,2
stook,Stook,2,2
stooping,Stooping,2,2
stoor,Stoor,2,2
stopcock,Stopcock,2,2
stoping,Stoping,2,2
stopped,Stopped,2,2
stopple,Stopple,2,2
stor,Stor,2,2
stored,Stored,2,2
storehouse,Storehouse,2,2
storekeeper,Storekeeper,2,2
storming,Storming,2,2
story-telling,Story-telling,2,2
story-writer,Story-writer,2,2
stot,Stot,2,2
stoup,Stoup,2,2
stour,Stour,2,2
stowce,Stowce,2,2
stowing,Stowing,2,2
stowre,Stowre,2,2
straddling,Straddling,2,2
straggling,Straggling,2,2
straightforward,Straightforward,2,2
straightly,Straightly,2,2
straightness,Straightness,2,2
strainable,Strainable,2,2
strainer,Strainer,2,2
straining,Straining,2,2
straitly,Straitly,2,2
stram,Stram,2,2
stramash,Stramash,2,2
stramineous,Stramineous,2,2
strangulated,Strangulated,2,2
strangulation,Strangulation,2,2
strangury,Strangury,2,2
strappado,Strappado,2,2
strapper,Strapper,2,2
strapping,Strapping,2,2
strata,Strata,2,2
strategy,Strategy,2,2
stratification,Stratification,2,2
stratified,Stratified,2,2
stratum,Stratum,2,2
straught,Straught,2,2
streamy,Streamy,2,2
streetward,Streetward,2,2
streit,Streit,2,2
strengthening,Strengthening,2,2
strepsorhine,Strepsorhine,2,2
stretching,Stretching,2,2
stretto,Stretto,2,2
strewn,strewn,2,2
stria,Stria,2,2
striate,Striate,2,2
striated,Striated,2,2
striation,Striation,2,2
strid,Strid,2,2
stridulate,Stridulate,2,2
stringpiece,Stringpiece,2,2
stringy,Stringy,2,2
striped,Striped,2,2
striven,Striven,2,2
striving,Striving,2,2
stroam,Stroam,2,2
strobila,Strobila,2,2
strobilaceous,Strobilaceous,2,2
strobile,Strobile,2,2
stroboscope,Stroboscope,2,2
strokesman,Strokesman,2,2
stroking,Stroking,2,2
stroll,Stroll,2,2
strombuliform,Strombuliform,2,2
strong-water,Strong-water,2,2
strongyloid,Strongyloid,2,2
strontium,Strontium,2,2
strook,Strook,2,2
strout,Strout,2,2
strove,Strove,2,2
strown,Strown,2,2
struck,Struck,2,2
strucken,Strucken,2,2
structural,Structural,2,2
struma,Struma,2,2
strumose,Strumose,2,2
strung,Strung,2,2
strutting,Strutting,2,2
strychnic,Strychnic,2,2
stubbled,Stubbled,2,2
stubby,Stubby,2,2
studding,Studding,2,2
student,Student,2,2
stumpage,Stumpage,2,2
stumpy,Stumpy,2,2
stung,Stung,2,2
stunk,Stunk,2,2
stunner,Stunner,2,2
stunted,Stunted,2,2
stupefacient,Stupefacient,2,2
stupefied,Stupefied,2,2
stupefy,Stupefy,2,2
stupid,Stupid,2,2
stupidity,Stupidity,2,2
stupor,Stupor,2,2
stylographic,Stylographic,2,2
styloid,Styloid,2,2
styptic,Styptic,2,2
styrax,Styrax,2,2
suavity,Suavity,2,2
sub-,Sub-,2,2
subacid,Subacid,2,2
subaqueous,Subaqueous,2,2
subaxillary,Subaxillary,2,2
subcarboniferous,Subcarboniferous,2,2
subcartilaginous,Subcartilaginous,2,2
subcentral,Subcentral,2,2
subconscious,Subconscious,2,2
subcontracted,Subcontracted,2,2
subcorneous,Subcorneous,2,2
subdelegate,Subdelegate,2,2
subdiaconate,Subdiaconate,2,2
subdivide,Subdivide,2,2
subdivision,Subdivision,2,2
subduct,Subduct,2,2
subduction,Subduction,2,2
suberone,Suberone,2,2
subinfeudation,Subinfeudation,2,2
subjacent,Subjacent,2,2
subjection,Subjection,2,2
subjunction,Subjunction,2,2
subjunctive,Subjunctive,2,2
sublet,Sublet,2,2
sublevation,Sublevation,2,2
sublimated,Sublimated,2,2
sublimatory,Sublimatory,2,2
sublimed,Sublimed,2,2
sublimity,Sublimity,2,2
sublingual,Sublingual,2,2
sublunary,Sublunary,2,2
submarine,Submarine,2,2
submaxillary,Submaxillary,2,2
submersion,Submersion,2,2
subminister,Subminister,2,2
submiss,Submiss,2,2
submissive,Submissive,2,2
submultiple,Submultiple,2,2
subopercular,Subopercular,2,2
suborn,Suborn,2,2
subornation,Subornation,2,2
subpoena,Subpoena,2,2
subrogation,Subrogation,2,2
subscriber,Subscriber,2,2
subscript,Subscript,2,2
subsequent,Subsequent,2,2
subserve,Subserve,2,2
subsistent,Subsistent,2,2
subsoil,Subsoil,2,2
subspinous,Subspinous,2,2
substantiate,Substantiate,2,2
substantively,Substantively,2,2
substractor,Substractor,2,2
substratum,Substratum,2,2
substructure,Substructure,2,2
subsumption,Subsumption,2,2
subterrany,Subterrany,2,2
subtracter,Subtracter,2,2
subtractive,Subtractive,2,2
suburb,Suburb,2,2
suburban,Suburban,2,2
succade,Succade,2,2
succedaneum,Succedaneum,2,2
succeeding,Succeeding,2,2
successive,Successive,2,2
succinct,Succinct,2,2
succinite,Succinite,2,2
succubus,Succubus,2,2
succussation,Succussation,2,2
sucking,Sucking,2,2
suctoria,Suctoria,2,2
suctorial,Suctorial,2,2
suctorian,Suctorian,2,2
sudatory,Sudatory,2,2
sudorific,Sudorific,2,2
sufferable,Sufferable,2,2
sufferer,Sufferer,2,2
sufficing,Sufficing,2,2
sufflaminate,Sufflaminate,2,2
suffocating,Suffocating,2,2
suffragist,Suffragist,2,2
sufi,Sufi,2,2
sugary,Sugary,2,2
suing,Suing,2,2
suiting,Suiting,2,2
sulk,Sulk,2,2
sulky,Sulky,2,2
sulphur,Sulphur,2,2
sulphurate,Sulphurate,2,2
sulphuric,Sulphuric,2,2
sultana,Sultana,2,2
sultry,Sultry,2,2
sumach,Sumach,2,2
sumatran,Sumatran,2,2
summity,Summity,2,2
sumption,Sumption,2,2
sunbird,Sunbird,2,2
sunburn,Sunburn,2,2
sunburning,Sunburning,2,2
sunday,Sunday,2,2
sundown,Sundown,2,2
sundry,Sundry,2,2
sung,Sung,2,2
sunk,Sunk,2,2
sunken,Sunken,2,2
sunrising,Sunrising,2,2
sunsetting,Sunsetting,2,2
super-,Super-,2,2
supercelestial,Supercelestial,2,2
supercharge,Supercharge,2,2
superciliary,Superciliary,2,2
superfete,Superfete,2,2
superficial,Superficial,2,2
superfine,Superfine,2,2
superintendent,Superintendent,2,2
supernaculum,Supernaculum,2,2
supernal,Supernal,2,2
supernatant,Supernatant,2,2
supernaturalism,Supernaturalism,2,2
superpose,Superpose,2,2
supersensuous,Supersensuous,2,2
superstruction,Superstruction,2,2
supervisor,Supervisor,2,2
supination,Supination,2,2
supple-jack,Supple-jack,2,2
suppletory,Suppletory,2,2
suppliance,Suppliance,2,2
supplicant,Supplicant,2,2
supposition,Supposition,2,2
supposititious,Supposititious,2,2
suppositive,Suppositive,2,2
suppurate,Suppurate,2,2
suppuration,Suppuration,2,2
suppurative,Suppurative,2,2
supra-auricular,Supra-auricular,2,2
supraclavicular,Supraclavicular,2,2
supralapsarian,Supralapsarian,2,2
supralapsary,Supralapsary,2,2
supraloral,Supraloral,2,2
supramaxillary,Supramaxillary,2,2
supranaturalist,Supranaturalist,2,2
supraoccipital,Supraoccipital,2,2
suprarenal,Suprarenal,2,2
supraspinal,Supraspinal,2,2
suprastapedial,Suprastapedial,2,2
supratemporal,Supratemporal,2,2
surangular,Surangular,2,2
surbase,Surbase,2,2
surbased,Surbased,2,2
surbate,Surbate,2,2
surcingle,Surcingle,2,2
surcoat,Surcoat,2,2
surely,Surely,2,2
surf,Surf,2,2
surgeon,Surgeon,2,2
surgery,Surgery,2,2
surmising,Surmising,2,2
surpassing,Surpassing,2,2
surprising,Surprising,2,2
surreption,Surreption,2,2
surtax,Surtax,2,2
surveillant,Surveillant,2,2
surveying,Surveying,2,2
surview,Surview,2,2
survival,Survival,2,2
survive,Survive,2,2
surviving,Surviving,2,2
survivor,Survivor,2,2
survivorship,Survivorship,2,2
susceptibility,Susceptibility,2,2
susceptible,Susceptible,2,2
suscipient,Suscipient,2,2
suspected,Suspected,2,2
suspectless,Suspectless,2,2
suspensor,Suspensor,2,2
suspiral,Suspiral,2,2
suspire,Suspire,2,2
sustained,Sustained,2,2
sustenance,Sustenance,2,2
sustentation,Sustentation,2,2
suttee,Suttee,2,2
suttle,Suttle,2,2
sutural,Sutural,2,2
swaddling,Swaddling,2,2
swagbelly,Swagbelly,2,2
swage,Swage,2,2
swain,Swain,2,2
swallow-tailed,Swallow-tailed,2,2
swallowwort,Swallowwort,2,2
swam,Swam,2,2
swans-down,Swans-down,2,2
swanskin,Swanskin,2,2
sward-cutter,Sward-cutter,2,2
swarded,Swarded,2,2
sware,Sware,2,2
swarf,Swarf,2,2
swarmspore,Swarmspore,2,2
swarthy,Swarthy,2,2
swarve,Swarve,2,2
swat,Swat,2,2
swatch,Swatch,2,2
swathe,Swathe,2,2
swayed,Swayed,2,2
swaying,Swaying,2,2
sweal,Sweal,2,2
swearer,Swearer,2,2
swearing,Swearing,2,2
sweating,Sweating,2,2
swede,Swede,2,2
swedenborgian,Swedenborgian,2,2
swedish,Swedish,2,2
sweeping,Sweeping,2,2
sweepstake,Sweepstake,2,2
sweetbread,Sweetbread,2,2
sweeting,Sweeting,2,2
sweetwood,Sweetwood,2,2
swept,Swept,2,2
swiftfoot,Swiftfoot,2,2
swindle,Swindle,2,2
swingeing,Swingeing,2,2
swingling,Swingling,2,2
swirl,Swirl,2,2
swiss,Swiss,2,2
switching,Switching,2,2
swizzle,Swizzle,2,2
swoon,Swoon,2,2
swooning,Swooning,2,2
swordsman,Swordsman,2,2
swordtail,Swordtail,2,2
swore,Swore,2,2
sworn,Sworn,2,2
swough,Swough,2,2
swum,Swum,2,2
swung,Swung,2,2
syenite,Syenite,2,2
syenitic,Syenitic,2,2
syllabical,Syllabical,2,2
syllepsis,Syllepsis,2,2
symbolics,Symbolics,2,2
symphonic,Symphonic,2,2
symphonious,Symphonious,2,2
symphysis,Symphysis,2,2
symplectic,Symplectic,2,2
symposiac,Symposiac,2,2
symposium,Symposium,2,2
symptom,Symptom,2,2
symptomatical,Symptomatical,2,2
synchronal,Synchronal,2,2
syncopate,Syncopate,2,2
syncopation,Syncopation,2,2
syncretist,Syncretist,2,2
syncretistic,Syncretistic,2,2
syncytium,Syncytium,2,2
syndic,Syndic,2,2
syndrome,Syndrome,2,2
synergist,Synergist,2,2
synergistic,Synergistic,2,2
synizesis,Synizesis,2,2
synodical,Synodical,2,2
synonymic,Synonymic,2,2
synoptic,Synoptic,2,2
syntax,Syntax,2,2
synteresis,Synteresis,2,2
synthesize,Synthesize,2,2
syphilitic,Syphilitic,2,2
syriac,Syriac,2,2
syrian,Syrian,2,2
syringa,Syringa,2,2
syrinx,Syrinx,2,2
syrphian,Syrphian,2,2
systematist,Systematist,2,2
systemic,Systemic,2,2
systole,Systole,2,2
systyle,Systyle,2,2
sythe,Sythe,2,2
tabarder,Tabarder,2,2
tabetic,Tabetic,2,2
tableau,Tableau,2,2
tabler,Tabler,2,2
taboo,Taboo,2,2
tabula,Tabula,2,2
tabulate,Tabulate,2,2
tacamahaca,Tacamahaca,2,2
tace,Tace,2,2
tache,Tache,2,2
tacking,Tacking,2,2
tackled,Tackled,2,2
tactics,Tactics,2,2
tadpole,Tadpole,2,2
taenioid,Taenioid,2,2
taffy,Taffy,2,2
tagtail,Tagtail,2,2
tahitian,Tahitian,2,2
tail-bay,Tail-bay,2,2
tailoring,Tailoring,2,2
talebearing,Talebearing,2,2
tales,Tales,2,2
talisman,Talisman,2,2
talker,Talker,2,2
tallage,Tallage,2,2
tallowing,Tallowing,2,2
tallyho,Tallyho,2,2
tallyman,Tallyman,2,2
talma,Talma,2,2
tam-tam,Tam-tam,2,2
tamarack,Tamarack,2,2
tamarind,Tamarind,2,2
tambourin,Tambourin,2,2
tamis,Tamis,2,2
tammuz,Tammuz,2,2
tammy,Tammy,2,2
tamp,Tamp,2,2
tampion,Tampion,2,2
tampon,Tampon,2,2
tandem,Tandem,2,2
tangible,Tangible,2,2
tangly,Tangly,2,2
tank,Tank,2,2
tannery,Tannery,2,2
tanning,Tanning,2,2
tansy,Tansy,2,2
tantalus,Tantalus,2,2
tantamount,Tantamount,2,2
tape,Tape,2,2
tapered,Tapered,2,2
tapering,Tapering,2,2
tapestry,Tapestry,2,2
tapis,Tapis,2,2
tappit hen,Tappit hen,2,2
tarantella,Tarantella,2,2
tardigrada,Tardigrada,2,2
tardo,Tardo,2,2
tared,Tared,2,2
taring,Taring,2,2
tarrier,Tarrier,2,2
tarsal,Tarsal,2,2
tarse,Tarse,2,2
tarsi,Tarsi,2,2
tarsometatarsal,Tarsometatarsal,2,2
tartan,Tartan,2,2
tartaric,Tartaric,2,2
tartarize,Tartarize,2,2
tartarous,Tartarous,2,2
tas,Tas,2,2
tasteful,Tasteful,2,2
tasting,Tasting,2,2
tasty,Tasty,2,2
tat,Tat,2,2
tattler,Tattler,2,2
tattling,Tattling,2,2
taught,Taught,2,2
taunting,Taunting,2,2
taurine,Taurine,2,2
tauromachian,Tauromachian,2,2
taut,Taut,2,2
taxable,Taxable,2,2
taxer,Taxer,2,2
te deum,Te Deum,2,2
te-hee,Te-hee,2,2
teacher,Teacher,2,2
teaching,Teaching,2,2
teaming,Teaming,2,2
teary,Teary,2,2
teaseling,Teaseling,2,2
teaser,Teaser,2,2
teat,Teat,2,2
technicality,Technicality,2,2
tectibranchiate,Tectibranchiate,2,2
tedder,Tedder,2,2
teemful,Teemful,2,2
teeming,Teeming,2,2
teeny,Teeny,2,2
teetee,Teetee,2,2
teething,Teething,2,2
tegument,Tegument,2,2
telegraph,Telegraph,2,2
teleology,Teleology,2,2
teleostean,Teleostean,2,2
telephone,Telephone,2,2
telephonic,Telephonic,2,2
telling,Telling,2,2
telluric,Telluric,2,2
tellurite,Tellurite,2,2
tempered,Tempered,2,2
tempering,Tempering,2,2
templet,Templet,2,2
temporalty,Temporalty,2,2
tempting,Tempting,2,2
ten-strike,Ten-strike,2,2
tenancy,Tenancy,2,2
tenantry,Tenantry,2,2
tendance,Tendance,2,2
tenderling,Tenderling,2,2
tendinous,Tendinous,2,2
tendril,Tendril,2,2
tennis,Tennis,2,2
tenon,Tenon,2,2
tenpenny,Tenpenny,2,2
tense,Tense,2,2
tensile,Tensile,2,2
tensor,Tensor,2,2
tentaculum,Tentaculum,2,2
tentation,Tentation,2,2
tentative,Tentative,2,2
tented,Tented,2,2
tentiginous,Tentiginous,2,2
teratology,Teratology,2,2
tercentenary,Tercentenary,2,2
tercet,Tercet,2,2
terebra,Terebra,2,2
terebrating,Terebrating,2,2
tergiversation,Tergiversation,2,2
termer,Termer,2,2
terminator,Terminator,2,2
terminology,Terminology,2,2
termites,Termites,2,2
termless,Termless,2,2
termly,Termly,2,2
terrible,Terrible,2,2
terrify,Terrify,2,2
territorialize,Territorialize,2,2
terror,Terror,2,2
terrorism,Terrorism,2,2
tertiate,Tertiate,2,2
tessellate,Tessellate,2,2
tesseral,Tesseral,2,2
testa,Testa,2,2
testable,Testable,2,2
testaceous,Testaceous,2,2
testament,Testament,2,2
testate,Testate,2,2
teste,Teste,2,2
testern,Testern,2,2
testes,Testes,2,2
testiculate,Testiculate,2,2
tetanus,Tetanus,2,2
tether,Tether,2,2
tetra-,Tetra-,2,2
tetrabranchiate,Tetrabranchiate,2,2
tetrad,Tetrad,2,2
tetradynamian,Tetradynamian,2,2
tetragon,Tetragon,2,2
tetramerous,Tetramerous,2,2
tetramethylene,Tetramethylene,2,2
tetrarch,Tetrarch,2,2
tetrastyle,Tetrastyle,2,2
tetratomic,Tetratomic,2,2
tetrodont,Tetrodont,2,2
tetter,Tetter,2,2
tettix,Tettix,2,2
teuton,Teuton,2,2
tewed,Tewed,2,2
tewel,Tewel,2,2
text-book,Text-book,2,2
textile,Textile,2,2
thalline,Thalline,2,2
than,Than,2,2
thank,Thank,2,2
thankful,Thankful,2,2
thankless,Thankless,2,2
thanksgiving,Thanksgiving,2,2
thar,Thar,2,2
the,The,2,2
the gapes,The gapes,2,2
theanthropism,Theanthropism,2,2
theatine,Theatine,2,2
theban,Theban,2,2
thecaphore,Thecaphore,2,2
thee,Thee,2,2
theft,Theft,2,2
thematic,Thematic,2,2
theocracy,Theocracy,2,2
theocrasy,Theocrasy,2,2
theodicy,Theodicy,2,2
theologize,Theologize,2,2
theologue,Theologue,2,2
therapeutic,Therapeutic,2,2
thereat,Thereat,2,2
therefore,Therefore,2,2
thereout,Thereout,2,2
thereto,Thereto,2,2
therewithal,Therewithal,2,2
theriaca,Theriaca,2,2
thermometrical,Thermometrical,2,2
these,These,2,2
thespian,Thespian,2,2
thessalian,Thessalian,2,2
thessalonian,Thessalonian,2,2
thew,Thew,2,2
thewed,Thewed,2,2
thibet cloth,Thibet cloth,2,2
thibetan,Thibetan,2,2
thickening,Thickening,2,2
thickhead,Thickhead,2,2
thief,Thief,2,2
thievery,Thievery,2,2
thigh,Thigh,2,2
thill,Thill,2,2
thimblerig,Thimblerig,2,2
thirsty,Thirsty,2,2
this,This,2,2
thistly,Thistly,2,2
thitsee,Thitsee,2,2
thomsonian,Thomsonian,2,2
thoracic,Thoracic,2,2
thornback,Thornback,2,2
thorny,Thorny,2,2
thoroughbred,Thoroughbred,2,2
thoroughfare,Thoroughfare,2,2
thoroughgoing,Thoroughgoing,2,2
thoroughwax,Thoroughwax,2,2
thorow,Thorow,2,2
thoth,Thoth,2,2
though,Though,2,2
thowl,Thowl,2,2
thracian,Thracian,2,2
thrall-less,Thrall-less,2,2
thrashing,Thrashing,2,2
thraste,Thraste,2,2
thrave,Thrave,2,2
threadbare,Threadbare,2,2
threader,Threader,2,2
threadfish,Threadfish,2,2
thready,Thready,2,2
threat,Threat,2,2
threatening,Threatening,2,2
three-cornered,Three-cornered,2,2
three-leaved,Three-leaved,2,2
threshold,Threshold,2,2
threste,Threste,2,2
threw,Threw,2,2
thrice,Thrice,2,2
thriftily,Thriftily,2,2
thrilling,Thrilling,2,2
thriven,Thriven,2,2
throb,Throb,2,2
thrombus,Thrombus,2,2
thropple,Thropple,2,2
throstle,Throstle,2,2
throughout,Throughout,2,2
throve,Throve,2,2
throwing,Throwing,2,2
thrown,Thrown,2,2
thumbscrew,Thumbscrew,2,2
thumping,Thumping,2,2
thunderous,Thunderous,2,2
thunderstone,Thunderstone,2,2
thunderstrike,Thunderstrike,2,2
thuringian,Thuringian,2,2
thwaite,Thwaite,2,2
thwittle,Thwittle,2,2
thymic,Thymic,2,2
thymus,Thymus,2,2
thyroid,Thyroid,2,2
thyrsus,Thyrsus,2,2
tiara,Tiara,2,2
tibiotarsal,Tibiotarsal,2,2
tical,Tical,2,2
tice,Tice,2,2
ticketing,Ticketing,2,2
ticking,Ticking,2,2
tidley,Tidley,2,2
tig,Tig,2,2
tigrine,Tigrine,2,2
tiler,Tiler,2,2
tilestone,Tilestone,2,2
tillage,Tillage,2,2
tilter,Tilter,2,2
tilth,Tilth,2,2
timbering,Timbering,2,2
timbre,Timbre,2,2
timeserving,Timeserving,2,2
timist,Timist,2,2
timocracy,Timocracy,2,2
timorous,Timorous,2,2
tindal,Tindal,2,2
tinea,Tinea,2,2
tinge,Tinge,2,2
tink,Tink,2,2
tinkering,Tinkering,2,2
tinner,Tinner,2,2
tinselly,Tinselly,2,2
tipping,Tipping,2,2
tippled,Tippled,2,2
tippler,Tippler,2,2
tipsy,Tipsy,2,2
tiptop,Tiptop,2,2
tire-woman,Tire-woman,2,2
tired,Tired,2,2
tisic,Tisic,2,2
tissued,Tissued,2,2
titanic,Titanic,2,2
tither,Tither,2,2
titillation,Titillation,2,2
titled,Titled,2,2
titrated,Titrated,2,2
titubate,Titubate,2,2
titular,Titular,2,2
tiver,Tiver,2,2
to-day,To-day,2,2
toadstone,Toadstone,2,2
toaster,Toaster,2,2
toasting,Toasting,2,2
tobacco,Tobacco,2,2
tobacconist,Tobacconist,2,2
toboggan,Toboggan,2,2
toddle,Toddle,2,2
toddy,Toddy,2,2
tofus,Tofus,2,2
toggle,Toggle,2,2
tokay,Tokay,2,2
tokened,Tokened,2,2
told,Told,2,2
tolerable,Tolerable,2,2
toller,Toller,2,2
toluylene,Toluylene,2,2
tomahawk,Tomahawk,2,2
tommy,Tommy,2,2
tomnoddy,Tomnoddy,2,2
tomorrow,Tomorrow,2,2
tomtit,Tomtit,2,2
toned,Toned,2,2
tongue-tie,Tongue-tie,2,2
tongue-tied,Tongue-tied,2,2
tongued,Tongued,2,2
tonometry,Tonometry,2,2
too,Too,2,2
took,Took,2,2
tooling,tooling,2,2
toom,Toom,2,2
toon,Toon,2,2
top-dressing,Top-dressing,2,2
topaz,Topaz,2,2
tophus,Tophus,2,2
topknot,Topknot,2,2
topple,Topple,2,2
topsman,Topsman,2,2
toque,Toque,2,2
tor,Tor,2,2
torch,Torch,2,2
toret,Toret,2,2
torinese,Torinese,2,2
tormenter,Tormenter,2,2
tormenting,Tormenting,2,2
tormentor,Tormentor,2,2
torn,Torn,2,2
torpid,Torpid,2,2
torpor,Torpor,2,2
torqued,Torqued,2,2
torrid,Torrid,2,2
torse,Torse,2,2
torsion,Torsion,2,2
torsk,Torsk,2,2
tortious,Tortious,2,2
tortrix,Tortrix,2,2
tost,Tost,2,2
total,Total,2,2
totality,Totality,2,2
tote,Tote,2,2
totemism,Totemism,2,2
totter,Totter,2,2
toty,Toty,2,2
toucan,Toucan,2,2
touch-me-not,Touch-me-not,2,2
touchstone,Touchstone,2,2
touchwood,Touchwood,2,2
tough-pitch,Tough-pitch,2,2
toupet,Toupet,2,2
tourn,Tourn,2,2
tournament,Tournament,2,2
tourney,Tourney,2,2
tournure,Tournure,2,2
touse,Touse,2,2
touze,Touze,2,2
tow-head,Tow-head,2,2
towage,Towage,2,2
towboat,Towboat,2,2
towel,Towel,2,2
towered,Towered,2,2
townsman,Townsman,2,2
toxicomania,Toxicomania,2,2
toyish,Toyish,2,2
tracheary,Tracheary,2,2
tracheate,Tracheate,2,2
tracheocele,Tracheocele,2,2
tracker,Tracker,2,2
tractable,Tractable,2,2
tractarian,Tractarian,2,2
tractor,Tractor,2,2
traded,Traded,2,2
trader,Trader,2,2
tradesman,Tradesman,2,2
traditional,Traditional,2,2
traditionary,Traditionary,2,2
traducer,Traducer,2,2
traducible,Traducible,2,2
traduct,Traduct,2,2
tragedian,Tragedian,2,2
tragedy,Tragedy,2,2
tragic,Tragic,2,2
trailer,Trailer,2,2
trailing,Trailing,2,2
trainer,Trainer,2,2
training,Training,2,2
trait,Trait,2,2
traitorous,Traitorous,2,2
trajection,Trajection,2,2
tralatitious,Tralatitious,2,2
trammeled,Trammeled,2,2
trammeler,Trammeler,2,2
tramontane,Tramontane,2,2
tramway,Tramway,2,2
tranquilizing,Tranquilizing,2,2
tranquillizing,Tranquillizing,2,2
transact,Transact,2,2
transalpine,Transalpine,2,2
transatlantic,Transatlantic,2,2
transcendency,Transcendency,2,2
transcendent,Transcendent,2,2
transcendentalism,Transcendentalism,2,2
transferable,Transferable,2,2
transfiguratien,Transfiguratien,2,2
transfigure,Transfigure,2,2
transfluent,Transfluent,2,2
transfusion,Transfusion,2,2
translator,Translator,2,2
translucent,Translucent,2,2
transmigrant,Transmigrant,2,2
transmigrate,Transmigrate,2,2
transmigration,Transmigration,2,2
transmission,Transmission,2,2
transmit,Transmit,2,2
transparency,Transparency,2,2
transparent,Transparent,2,2
transpass,Transpass,2,2
transplant,Transplant,2,2
transportable,Transportable,2,2
transportation,Transportation,2,2
transported,Transported,2,2
transporting,Transporting,2,2
transubstantiate,Transubstantiate,2,2
transubstantiation,Transubstantiation,2,2
transudation,Transudation,2,2
transversal,Transversal,2,2
trapan,Trapan,2,2
trapdoor,Trapdoor,2,2
trapes,Trapes,2,2
trapeze,Trapeze,2,2
trapezohedron,Trapezohedron,2,2
trapezoidal,Trapezoidal,2,2
trapper,Trapper,2,2
trappings,Trappings,2,2
trave,Trave,2,2
traveled,Traveled,2,2
traversable,Traversable,2,2
traversing,Traversing,2,2
trawler,Trawler,2,2
trays,Trays,2,2
treadle,Treadle,2,2
treason,Treason,2,2
treatise,Treatise,2,2
treatment,Treatment,2,2
treddle,Treddle,2,2
trefle,Trefle,2,2
trembling,Trembling,2,2
tremolo,Tremolo,2,2
tremulous,Tremulous,2,2
trenchant,Trenchant,2,2
trenchmore,Trenchmore,2,2
trental,Trental,2,2
trephine,Trephine,2,2
tress,Tress,2,2
tressed,Tressed,2,2
trestle,Trestle,2,2
tret,Tret,2,2
tretys,Tretys,2,2
tri-,Tri-,2,2
triable,Triable,2,2
triangular,Triangular,2,2
triangulate,Triangulate,2,2
triassic,Triassic,2,2
triatomic,Triatomic,2,2
tribunal,Tribunal,2,2
tribune,Tribune,2,2
tricentenary,Tricentenary,2,2
trichite,Trichite,2,2
trichophore,Trichophore,2,2
trichromic,Trichromic,2,2
tricker,Tricker,2,2
triclinium,Triclinium,2,2
tricolor,Tricolor,2,2
tricuspid,Tricuspid,2,2
trierarch,Trierarch,2,2
trifling,Trifling,2,2
trigesimo-secundo,Trigesimo-secundo,2,2
trigger,Trigger,2,2
triglyphical,Triglyphical,2,2
trigonometry,Trigonometry,2,2
trilemma,Trilemma,2,2
triliteral,Triliteral,2,2
trimeter,Trimeter,2,2
trimorphism,Trimorphism,2,2
trinodal,Trinodal,2,2
trinomial,Trinomial,2,2
triparted,Triparted,2,2
tripe,Tripe,2,2
triplicate,Triplicate,2,2
triplication,Triplication,2,2
tripod,Tripod,2,2
tripoline,Tripoline,2,2
tripolitan,Tripolitan,2,2
tripos,Tripos,2,2
tripper,Tripper,2,2
tripsis,Tripsis,2,2
trisect,Trisect,2,2
trisected,Trisected,2,2
triste,Triste,2,2
triturate,Triturate,2,2
triumphal,Triumphal,2,2
triumpher,Triumpher,2,2
triumphing,Triumphing,2,2
triumvirate,Triumvirate,2,2
trivet,Trivet,2,2
triviality,Triviality,2,2
trivium,Trivium,2,2
troat,Troat,2,2
trochaic,Trochaic,2,2
trochanter,Trochanter,2,2
trochili,Trochili,2,2
trochlea,Trochlea,2,2
trod,Trod,2,2
trodden,Trodden,2,2
trode,Trode,2,2
troglodytes,Troglodytes,2,2
trojan,Trojan,2,2
trombone,Trombone,2,2
tromp,Tromp,2,2
trone,Trone,2,2
trones,Trones,2,2
trope,Trope,2,2
tropical,Tropical,2,2
trotter,Trotter,2,2
trough,Trough,2,2
trout,Trout,2,2
trover,Trover,2,2
trow,Trow,2,2
truage,Truage,2,2
truce,Truce,2,2
truckage,Truckage,2,2
trucking,trucking,2,2
truckman,Truckman,2,2
truculent,Truculent,2,2
true-blue,True-blue,2,2
true-bred,True-bred,2,2
trull,Trull,2,2
trumpeting,Trumpeting,2,2
trumpetweed,Trumpetweed,2,2
truncate,Truncate,2,2
trundlehead,Trundlehead,2,2
trunnel,Trunnel,2,2
trunnion,Trunnion,2,2
truster,Truster,2,2
trustful,Trustful,2,2
trusting,Trusting,2,2
trying,Trying,2,2
tuba,Tuba,2,2
tube-nosed,Tube-nosed,2,2
tubercle,Tubercle,2,2
tuberose,Tuberose,2,2
tuberosity,Tuberosity,2,2
tuberous,Tuberous,2,2
tubularian,Tubularian,2,2
tubule,Tubule,2,2
tubulous,Tubulous,2,2
tucket,Tucket,2,2
tufa,Tufa,2,2
tufty,Tufty,2,2
tulle,Tulle,2,2
tumbling,Tumbling,2,2
tumefy,Tumefy,2,2
tumor,Tumor,2,2
tumorous,Tumorous,2,2
tumulate,Tumulate,2,2
tumultuary,Tumultuary,2,2
tungsten,Tungsten,2,2
tunicle,Tunicle,2,2
tuning,Tuning,2,2
turanian,Turanian,2,2
turanians,Turanians,2,2
turbid,Turbid,2,2
turbidly,Turbidly,2,2
turbinal,Turbinal,2,2
turbit,Turbit,2,2
turcoman,Turcoman,2,2
turfing,Turfing,2,2
turgent,Turgent,2,2
turgescency,Turgescency,2,2
turgid,Turgid,2,2
turkey,Turkey,2,2
turkeys,Turkeys,2,2
turkish,Turkish,2,2
turn-buckle,Turn-buckle,2,2
turn-sick,Turn-sick,2,2
turnery,Turnery,2,2
turnkey,Turnkey,2,2
turnspit,Turnspit,2,2
turnstile,Turnstile,2,2
turnwrest,Turnwrest,2,2
turpeth,Turpeth,2,2
turquoise,Turquoise,2,2
turreted,Turreted,2,2
turtledove,Turtledove,2,2
turves,Turves,2,2
tuscan,Tuscan,2,2
tush,Tush,2,2
tussah silk,Tussah silk,2,2
tussle,Tussle,2,2
tussock,Tussock,2,2
tutelage,Tutelage,2,2
tutenag,Tutenag,2,2
twaddle,Twaddle,2,2
twaite,Twaite,2,2
tweag,Tweag,2,2
tweedle,Tweedle,2,2
twenty-fourmo,Twenty-fourmo,2,2
twice,Twice,2,2
twight,Twight,2,2
twinned,Twinned,2,2
twinning,Twinning,2,2
twisted,Twisted,2,2
twisting,Twisting,2,2
twite,Twite,2,2
two-lipped,Two-lipped,2,2
two-ply,Two-ply,2,2
two-sided,Two-sided,2,2
twofold,Twofold,2,2
tympanize,Tympanize,2,2
tympanohyal,Tympanohyal,2,2
tympany,Tympany,2,2
typewriter,Typewriter,2,2
typhon,Typhon,2,2
typical,Typical,2,2
typographical,Typographical,2,2
typography,Typography,2,2
typology,Typology,2,2
tyrannicide,Tyrannicide,2,2
tyrannize,Tyrannize,2,2
ubiquity,Ubiquity,2,2
udal,Udal,2,2
udder,Udder,2,2
udderless,Udderless,2,2
uhlan,Uhlan,2,2
ulcerate,Ulcerate,2,2
ulcerated,Ulcerated,2,2
ulcerous,Ulcerous,2,2
ulna,Ulna,2,2
ulotrichan,Ulotrichan,2,2
ultima,Ultima,2,2
ultra,Ultra,2,2
ultramarine,Ultramarine,2,2
umbelliferous,Umbelliferous,2,2
umbilic,Umbilic,2,2
umbilical,Umbilical,2,2
umbilicated,Umbilicated,2,2
umpirage,Umpirage,2,2
umquhile,Umquhile,2,2
un-romanized,Un-Romanized,2,2
unaccountable,Unaccountable,2,2
unaccustomed,Unaccustomed,2,2
unacquainted,Unacquainted,2,2
unactive,Unactive,2,2
unadvised,Unadvised,2,2
unaffected,Unaffected,2,2
unagreeable,Unagreeable,2,2
unanimous,Unanimous,2,2
unappealable,Unappealable,2,2
unapproved,Unapproved,2,2
unarm,Unarm,2,2
unarmed,Unarmed,2,2
unarted,Unarted,2,2
unatonable,Unatonable,2,2
unavoidable,Unavoidable,2,2
unavoided,Unavoided,2,2
unaware,Unaware,2,2
unbacked,Unbacked,2,2
unballast,Unballast,2,2
unballasted,Unballasted,2,2
unbarbed,Unbarbed,2,2
unbark,Unbark,2,2
unbelief,Unbelief,2,2
unbeliever,Unbeliever,2,2
unbelieving,Unbelieving,2,2
unbody,Unbody,2,2
unbolt,Unbolt,2,2
unbone,Unbone,2,2
unbottomed,Unbottomed,2,2
unbound,Unbound,2,2
unbreathed,Unbreathed,2,2
unbreech,Unbreech,2,2
unburden,Unburden,2,2
uncanonize,Uncanonize,2,2
uncarnate,Uncarnate,2,2
unce,Unce,2,2
uncertainty,Uncertainty,2,2
uncharge,Uncharge,2,2
unchild,Unchild,2,2
unchristianly,Unchristianly,2,2
unchurch,Unchurch,2,2
uncia,Uncia,2,2
uncial,Uncial,2,2
unciform,Unciform,2,2
uncircumcision,Uncircumcision,2,2
uncircumstandtial,Uncircumstandtial,2,2
uncivil,Uncivil,2,2
uncivilized,Uncivilized,2,2
uncle,Uncle,2,2
uncloak,Uncloak,2,2
unclose,Unclose,2,2
unclothed,Unclothed,2,2
unclutch,Unclutch,2,2
uncoformability,Uncoformability,2,2
uncoined,Uncoined,2,2
uncomfortable,Uncomfortable,2,2
uncomprehensive,Uncomprehensive,2,2
unconditioned,Unconditioned,2,2
unconformable,Unconformable,2,2
unconformity,Unconformity,2,2
unconning,Unconning,2,2
unconscionable,Unconscionable,2,2
uncontrollable,Uncontrollable,2,2
uncouple,Uncouple,2,2
uncreate,Uncreate,2,2
uncurl,Uncurl,2,2
uncut,Uncut,2,2
uncuth,Uncuth,2,2
undated,Undated,2,2
undecked,Undecked,2,2
undecreed,Undecreed,2,2
undeeded,Undeeded,2,2
undeniable,Undeniable,2,2
underbear,Underbear,2,2
underbranch,Underbranch,2,2
undercoat,Undercoat,2,2
undercut,Undercut,2,2
underdo,Underdo,2,2
underdose,Underdose,2,2
underdrain,Underdrain,2,2
underestimate,Underestimate,2,2
underfoot,Underfoot,2,2
undergraduate,Undergraduate,2,2
undergrow,Undergrow,2,2
underhanded,Underhanded,2,2
underhung,Underhung,2,2
underlayer,Underlayer,2,2
underlet,Underlet,2,2
underline,Underline,2,2
undermeal,Undermeal,2,2
undermine,Undermine,2,2
underneath,Underneath,2,2
undernime,Undernime,2,2
underpight,Underpight,2,2
underpin,Underpin,2,2
underplot,Underplot,2,2
underrate,Underrate,2,2
underset,Underset,2,2
undershot,Undershot,2,2
undersong,Undersong,2,2
undersphere,Undersphere,2,2
understood,Understood,2,2
understudy,Understudy,2,2
undertook,Undertook,2,2
underwent,Underwent,2,2
underwing,Underwing,2,2
underworker,Underworker,2,2
underwriting,Underwriting,2,2
undirect,Undirect,2,2
undispensed,Undispensed,2,2
undoing,Undoing,2,2
undone,Undone,2,2
undulate,Undulate,2,2
undulating,Undulating,2,2
uneasiness,Uneasiness,2,2
uneath,Uneath,2,2
unembodied,Unembodied,2,2
unemployed,Unemployed,2,2
unexperienced,Unexperienced,2,2
unexpressive,Unexpressive,2,2
unfair,Unfair,2,2
unfaithful,Unfaithful,2,2
unfalcated,Unfalcated,2,2
unfathered,Unfathered,2,2
unfeeling,Unfeeling,2,2
unfit,Unfit,2,2
unfix,Unfix,2,2
unfortunate,Unfortunate,2,2
unfounded,Unfounded,2,2
unfraught,Unfraught,2,2
unfrequent,Unfrequent,2,2
unfriendly,Unfriendly,2,2
ungod,Ungod,2,2
ungodly,Ungodly,2,2
ungored,Ungored,2,2
ungotten,Ungotten,2,2
ungowned,Ungowned,2,2
ungrateful,Ungrateful,2,2
ungual,Ungual,2,2
unguiculate,Unguiculate,2,2
unguiculated,Unguiculated,2,2
ungula,Ungula,2,2
unhang,Unhang,2,2
unharbored,Unharbored,2,2
unharness,Unharness,2,2
unhead,Unhead,2,2
unheal,Unheal,2,2
unhele,Unhele,2,2
unhelmed,Unhelmed,2,2
unhive,Unhive,2,2
unhoused,Unhoused,2,2
unhusked,Unhusked,2,2
uniaxial,Uniaxial,2,2
unideal,Unideal,2,2
uniformitarian,Uniformitarian,2,2
unilateral,Unilateral,2,2
unincumbered,Unincumbered,2,2
uninterested,Uninterested,2,2
unionism,Unionism,2,2
unionist,Unionist,2,2
uniparous,Uniparous,2,2
unipersonal,Unipersonal,2,2
unipolar,Unipolar,2,2
unique,Unique,2,2
unitary,Unitary,2,2
united,United,2,2
univalve,Univalve,2,2
unjointed,Unjointed,2,2
unjust,Unjust,2,2
unked,Unked,2,2
unkempt,Unkempt,2,2
unkennel,Unkennel,2,2
unlade,Unlade,2,2
unlearn,Unlearn,2,2
unlike,Unlike,2,2
unliquored,Unliquored,2,2
unlocated,Unlocated,2,2
unlock,Unlock,2,2
unloose,Unloose,2,2
unlorded,Unlorded,2,2
unmade,Unmade,2,2
unmannerly,Unmannerly,2,2
unmask,Unmask,2,2
unmeaning,Unmeaning,2,2
unmuffle,Unmuffle,2,2
unnature,Unnature,2,2
unneighborly,Unneighborly,2,2
unoriginated,Unoriginated,2,2
unowed,Unowed,2,2
unowned,Unowned,2,2
unpack,Unpack,2,2
unpaved,Unpaved,2,2
unpeeled,Unpeeled,2,2
unperfect,Unperfect,2,2
unpicked,Unpicked,2,2
unpitied,Unpitied,2,2
unpitious,Unpitious,2,2
unpleaded,Unpleaded,2,2
unpleasantry,Unpleasantry,2,2
unpoised,Unpoised,2,2
unpolicied,Unpolicied,2,2
unpope,Unpope,2,2
unprejudiced,Unprejudiced,2,2
unprevented,Unprevented,2,2
unprizable,Unprizable,2,2
unprobably,Unprobably,2,2
unpursed,Unpursed,2,2
unquestionable,Unquestionable,2,2
unquiet,Unquiet,2,2
unread,Unread,2,2
unreason,Unreason,2,2
unreproved,Unreproved,2,2
unresisted,Unresisted,2,2
unreverend,Unreverend,2,2
unrighteous,Unrighteous,2,2
unripe,Unripe,2,2
unroofed,Unroofed,2,2
unroot,Unroot,2,2
unrude,Unrude,2,2
unruled,Unruled,2,2
unsaddle,Unsaddle,2,2
unsalable,Unsalable,2,2
unsaturated,Unsaturated,2,2
unsceptred,Unsceptred,2,2
unseal,Unseal,2,2
unseason,Unseason,2,2
unseasoned,Unseasoned,2,2
unseat,Unseat,2,2
unseconded,Unseconded,2,2
unsecret,Unsecret,2,2
unseemly,Unseemly,2,2
unseen,Unseen,2,2
unsettle,Unsettle,2,2
unshed,Unshed,2,2
unshiftable,Unshiftable,2,2
unship,Unship,2,2
unshot,Unshot,2,2
unsighted,Unsighted,2,2
unskillful,Unskillful,2,2
unsoft,Unsoft,2,2
unsorted,Unsorted,2,2
unsparing,Unsparing,2,2
unstock,Unstock,2,2
unstockinged,Unstockinged,2,2
unstop,Unstop,2,2
unstrained,Unstrained,2,2
unstriped,Unstriped,2,2
unswear,Unswear,2,2
unteach,Unteach,2,2
untented,Untented,2,2
unthinking,Unthinking,2,2
unthriftily,Unthriftily,2,2
untidy,Untidy,2,2
untimely,Untimely,2,2
untitled,Untitled,2,2
unto,Unto,2,2
untold,Untold,2,2
untrained,Untrained,2,2
untraveled,Untraveled,2,2
untreasured,Untreasured,2,2
untrift,Untrift,2,2
untruss,Untruss,2,2
untrustful,Untrustful,2,2
untruth,Untruth,2,2
untwine,Untwine,2,2
untwist,Untwist,2,2
unused,Unused,2,2
unvaluable,Unvaluable,2,2
unvalued,Unvalued,2,2
unveil,Unveil,2,2
unware,Unware,2,2
unwary,Unwary,2,2
unwayed,Unwayed,2,2
unwell,Unwell,2,2
unwist,Unwist,2,2
unwit,Unwit,2,2
unwonted,Unwonted,2,2
unworship,Unworship,2,2
unworth,Unworth,2,2
unwritten,Unwritten,2,2
unyoke,Unyoke,2,2
up-train,Up-train,2,2
upas,Upas,2,2
upbar,Upbar,2,2
upblow,Upblow,2,2
upbreak,Upbreak,2,2
upgush,Upgush,2,2
uplander,Uplander,2,2
uplandish,Uplandish,2,2
uplift,Uplift,2,2
upper,Upper,2,2
uprising,Uprising,2,2
uprist,Uprist,2,2
uprush,Uprush,2,2
upstairs,Upstairs,2,2
uptown,Uptown,2,2
upward,Upward,2,2
urania,Urania,2,2
uranic,Uranic,2,2
uranus,Uranus,2,2
urban,Urban,2,2
urbanity,Urbanity,2,2
uredo,Uredo,2,2
urinal,Urinal,2,2
urine,Urine,2,2
uro-,Uro-,2,2
urodelian,Urodelian,2,2
urohyal,Urohyal,2,2
uropoetic,Uropoetic,2,2
ursuline,Ursuline,2,2
us,Us,2,2
user,User,2,2
usquebaugh,Usquebaugh,2,2
usufructuary,Usufructuary,2,2
usure,Usure,2,2
usurer,Usurer,2,2
usurious,Usurious,2,2
usurp,Usurp,2,2
usurpation,Usurpation,2,2
utas,Utas,2,2
uterine,Uterine,2,2
uterus,Uterus,2,2
uti possidetis,Uti possidetis,2,2
utopia,Utopia,2,2
utopian,Utopian,2,2
utricular,Utricular,2,2
uttermost,Uttermost,2,2
uxoricide,Uxoricide,2,2
v,V,2,2
vachery,Vachery,2,2
vacillate,Vacillate,2,2
vacillating,Vacillating,2,2
vacuum,Vacuum,2,2
vagary,Vagary,2,2
vaginal,Vaginal,2,2
vaginula,Vaginula,2,2
vagus,Vagus,2,2
valedictory,Valedictory,2,2
valency,Valency,2,2
valentine,Valentine,2,2
valet,Valet,2,2
valetudinarian,Valetudinarian,2,2
valetudinary,Valetudinary,2,2
valhalla,Valhalla,2,2
vallar,Vallar,2,2
vallecula,Vallecula,2,2
valonia,Valonia,2,2
valuation,Valuation,2,2
valued,Valued,2,2
valvular,Valvular,2,2
valvule,Valvule,2,2
vamper,Vamper,2,2
vanilla,Vanilla,2,2
vanishing,Vanishing,2,2
vaporing,Vaporing,2,2
vaporish,Vaporish,2,2
vaporize,Vaporize,2,2
vapory,Vapory,2,2
vare,Vare,2,2
variability,Variability,2,2
varicose,Varicose,2,2
varicosity,Varicosity,2,2
varied,Varied,2,2
variegated,Variegated,2,2
variolitic,Variolitic,2,2
varioloid,Varioloid,2,2
varix,Varix,2,2
varnisher,Varnisher,2,2
varnishing,Varnishing,2,2
varying,Varying,2,2
vasoconstrictor,Vasoconstrictor,2,2
vastitude,Vastitude,2,2
vaudeville,Vaudeville,2,2
vaudois,Vaudois,2,2
vaut,Vaut,2,2
vector,Vector,2,2
veer,Veer,2,2
veering,Veering,2,2
vegetality,Vegetality,2,2
vegetarian,Vegetarian,2,2
vegetive,Vegetive,2,2
vehemence,Vehemence,2,2
vehement,Vehement,2,2
veiled,Veiled,2,2
veiling,Veiling,2,2
velar,Velar,2,2
vell,Vell,2,2
vellicate,Vellicate,2,2
vellication,Vellication,2,2
velocity,Velocity,2,2
venal,Venal,2,2
venation,Venation,2,2
vendible,Vendible,2,2
veneer,Veneer,2,2
venenate,Venenate,2,2
venerable,Venerable,2,2
venereous,Venereous,2,2
venery,Venery,2,2
venetian,Venetian,2,2
vengeance,Vengeance,2,2
venial,Venial,2,2
venire facias,Venire facias,2,2
venison,Venison,2,2
vennation,Vennation,2,2
venosity,Venosity,2,2
ventouse,Ventouse,2,2
ventriculus,Ventriculus,2,2
venturer,Venturer,2,2
venue,Venue,2,2
veracious,Veracious,2,2
verb,Verb,2,2
verbalize,Verbalize,2,2
verbally,Verbally,2,2
verbarian,Verbarian,2,2
verberation,Verberation,2,2
verd antique,Verd antique,2,2
verdant,Verdant,2,2
verdict,Verdict,2,2
verditer,Verditer,2,2
vergency,Vergency,2,2
vergette,Vergette,2,2
verity,Verity,2,2
verjuice,Verjuice,2,2
vermes,Vermes,2,2
vermiculated,Vermiculated,2,2
vermilinguia,Vermilinguia,2,2
vermination,Vermination,2,2
verminous,Verminous,2,2
vernacular,Vernacular,2,2
vernaculous,Vernaculous,2,2
vernal,Vernal,2,2
veronese,Veronese,2,2
veronica,Veronica,2,2
versant,Versant,2,2
versifier,Versifier,2,2
vertebra,Vertebra,2,2
vertiginous,Vertiginous,2,2
vertigo,Vertigo,2,2
vertu,Vertu,2,2
very,Very,2,2
vesicatory,Vesicatory,2,2
vesiculate,Vesiculate,2,2
vesper,Vesper,2,2
vespers,Vespers,2,2
vespertine,Vespertine,2,2
vestiary,Vestiary,2,2
vesting,Vesting,2,2
vestment,Vestment,2,2
vesuvian,Vesuvian,2,2
vetchy,Vetchy,2,2
veteran,Veteran,2,2
vetturino,Vetturino,2,2
vexatious,Vexatious,2,2
via,Via,2,2
vial,Vial,2,2
vibration,Vibration,2,2
vibrissa,Vibrissa,2,2
vibroscope,Vibroscope,2,2
vicar,Vicar,2,2
vicarage,Vicarage,2,2
vicarial,Vicarial,2,2
vicariate,Vicariate,2,2
viced,Viced,2,2
vicegerent,Vicegerent,2,2
vicennial,Vicennial,2,2
viceroy,Viceroy,2,2
vicine,Vicine,2,2
vicinity,Vicinity,2,2
vicissitude,Vicissitude,2,2
victualing,Victualing,2,2
viennese,Viennese,2,2
viewy,Viewy,2,2
vigesimo-quarto,Vigesimo-quarto,2,2
vigorous,Vigorous,2,2
vile,Vile,2,2
villanage,Villanage,2,2
villanelle,Villanelle,2,2
villi,Villi,2,2
villous,Villous,2,2
villus,Villus,2,2
vimineous,Vimineous,2,2
vinaceous,Vinaceous,2,2
vinagrous,Vinagrous,2,2
vincentian,Vincentian,2,2
vindication,Vindication,2,2
vindicative,Vindicative,2,2
vindicatory,Vindicatory,2,2
vindictive,Vindictive,2,2
vine,Vine,2,2
vinery,Vinery,2,2
vintage,Vintage,2,2
viol,Viol,2,2
viola,Viola,2,2
violaceous,Violaceous,2,2
violine,Violine,2,2
viper,Viper,2,2
virago,Virago,2,2
virgate,Virgate,2,2
virginia,Virginia,2,2
virginity,Virginity,2,2
virgo,Virgo,2,2
viridity,Viridity,2,2
virtual,Virtual,2,2
virtuality,Virtuality,2,2
virtuoso,Virtuoso,2,2
virulency,Virulency,2,2
virulent,Virulent,2,2
visage,Visage,2,2
visard,Visard,2,2
viscera,Viscera,2,2
visceral,Visceral,2,2
viscosity,Viscosity,2,2
viscount,Viscount,2,2
viscum,Viscum,2,2
visible,Visible,2,2
visioned,Visioned,2,2
visitant,Visitant,2,2
visiting,Visiting,2,2
visitor,Visitor,2,2
visual,Visual,2,2
vitals,Vitals,2,2
vitellus,Vitellus,2,2
vitiate,Vitiate,2,2
vitreous,Vitreous,2,2
vitrified,Vitrified,2,2
vitrify,Vitrify,2,2
vitriol,Vitriol,2,2
vitriolated,Vitriolated,2,2
vitta,Vitta,2,2
vittate,Vittate,2,2
vive,Vive,2,2
vivid,Vivid,2,2
vivificate,Vivificate,2,2
vixen,Vixen,2,2
vocabulary,Vocabulary,2,2
vocalism,Vocalism,2,2
vocality,Vocality,2,2
vocalization,Vocalization,2,2
vocalize,Vocalize,2,2
vocally,Vocally,2,2
vocative,Vocative,2,2
vociferate,Vociferate,2,2
vogue,Vogue,2,2
voiceless,Voiceless,2,2
voidable,Voidable,2,2
volador,Volador,2,2
volcanist,Volcanist,2,2
volery,Volery,2,2
volitive,Volitive,2,2
volleyed,Volleyed,2,2
voltaic,Voltaic,2,2
voltigeur,Voltigeur,2,2
volumed,Volumed,2,2
voluptuary,Voluptuary,2,2
voluptuous,Voluptuous,2,2
volution,Volution,2,2
volvulus,Volvulus,2,2
vomer,Vomer,2,2
vomica,Vomica,2,2
vomiting,Vomiting,2,2
vomiturition,Vomiturition,2,2
votary,Votary,2,2
voting,Voting,2,2
vowel,Vowel,2,2
vulcanian,Vulcanian,2,2
vulcanic,Vulcanic,2,2
vulgarism,Vulgarism,2,2
vulgarity,Vulgarity,2,2
vulgate,Vulgate,2,2
vulnerable,Vulnerable,2,2
vulnerary,Vulnerary,2,2
vulva,Vulva,2,2
vying,Vying,2,2
wabble,Wabble,2,2
wadd,Wadd,2,2
waddle,Waddle,2,2
waded,Waded,2,2
wader,Wader,2,2
wading,Wading,2,2
waffle,Waffle,2,2
wafter,Wafter,2,2
wagering,Wagering,2,2
waggish,Waggish,2,2
waggle,Waggle,2,2
wagonage,Wagonage,2,2
wagoner,Wagoner,2,2
wain,Wain,2,2
waistband,Waistband,2,2
waistcloth,Waistcloth,2,2
waistcoat,Waistcoat,2,2
waiter,Waiter,2,2
waiting,Waiting,2,2
waldensian,Waldensian,2,2
walking,Walking,2,2
waller,Waller,2,2
wallflower,Wallflower,2,2
wallower,Wallower,2,2
waltz,Waltz,2,2
wampee,Wampee,2,2
wandering,Wandering,2,2
waning,Waning,2,2
wanting,Wanting,2,2
wantonly,Wantonly,2,2
wap,Wap,2,2
wapp,Wapp,2,2
wapper,Wapper,2,2
warder,Warder,2,2
wardroom,Wardroom,2,2
wardship,Wardship,2,2
warehouseman,Warehouseman,2,2
warehousing,Warehousing,2,2
warish,Warish,2,2
warison,Warison,2,2
warlike,Warlike,2,2
warlock,Warlock,2,2
warming,Warming,2,2
warner,Warner,2,2
warper,Warper,2,2
warranter,Warranter,2,2
warrantise,Warrantise,2,2
warsaw,Warsaw,2,2
wart,Wart,2,2
warty,Warty,2,2
wary,Wary,2,2
was,Was,2,2
washed,Washed,2,2
washerwoman,Washerwoman,2,2
washpot,Washpot,2,2
waspish,Waspish,2,2
wasteness,Wasteness,2,2
wasting,Wasting,2,2
watchhouse,Watchhouse,2,2
watchman,Watchman,2,2
watchword,Watchword,2,2
water adder,Water adder,2,2
water battery,Water battery,2,2
water bug,Water bug,2,2
water carriage,Water carriage,2,2
water color,Water color,2,2
water crow,Water crow,2,2
water cure,Water cure,2,2
water deer,Water deer,2,2
water doctor,Water doctor,2,2
water gall,Water gall,2,2
water gauge,Water gauge,2,2
water hammer,Water hammer,2,2
water hemlock,Water hemlock,2,2
water hen,Water hen,2,2
water level,Water level,2,2
water line,Water line,2,2
water mole,Water mole,2,2
water motor,Water motor,2,2
water nymph,Water nymph,2,2
water pepper,Water pepper,2,2
water pig,Water pig,2,2
water pitcher,Water pitcher,2,2
water pore,Water pore,2,2
water power,Water power,2,2
water rocket,Water rocket,2,2
water snail,Water snail,2,2
water snake,Water snake,2,2
water sparrow,Water sparrow,2,2
water witch,Water witch,2,2
watering,Watering,2,2
waterish,Waterish,2,2
watermark,Watermark,2,2
watershed,Watershed,2,2
waterwork,Waterwork,2,2
wattlebird,Wattlebird,2,2
wattled,Wattled,2,2
wattling,Wattling,2,2
waxwork,Waxwork,2,2
waxworker,Waxworker,2,2
way shaft,Way shaft,2,2
wayfare,Wayfare,2,2
wayment,Wayment,2,2
wayside,Wayside,2,2
wayz-goose,Wayz-goose,2,2
we,We,2,2
weakling,Weakling,2,2
weakly,Weakly,2,2
weakness,Weakness,2,2
wealden,Wealden,2,2
wealth,Wealth,2,2
wealthy,Wealthy,2,2
wearer,Wearer,2,2
wearish,Wearish,2,2
weatherboarding,Weatherboarding,2,2
weathering,Weathering,2,2
webbing,Webbing,2,2
webfoot,Webfoot,2,2
wedding,Wedding,2,2
wedge-shaped,Wedge-shaped,2,2
wee,Wee,2,2
weeding,Weeding,2,2
weet,Weet,2,2
weet-weet,Weet-weet,2,2
weighing,Weighing,2,2
welked,Welked,2,2
well-set,Well-set,2,2
well-spoken,Well-spoken,2,2
wendic,Wendic,2,2
wept,Wept,2,2
wert,Wert,2,2
wesleyan,Wesleyan,2,2
west indian,West Indian,2,2
westerly,Westerly,2,2
western,Western,2,2
westness,Westness,2,2
whaap,Whaap,2,2
whacker,Whacker,2,2
whacking,Whacking,2,2
whaler,Whaler,2,2
whang,Whang,2,2
whapping,Whapping,2,2
wharfage,Wharfage,2,2
wheel-shaped,Wheel-shaped,2,2
wheeled,Wheeled,2,2
wheelhouse,Wheelhouse,2,2
whelky,Whelky,2,2
whence,Whence,2,2
whereat,Whereat,2,2
whereby,Whereby,2,2
wherein,Wherein,2,2
whereinto,Whereinto,2,2
wheremaster,Wheremaster,2,2
whereof,Whereof,2,2
whereon,Whereon,2,2
whereret,Whereret,2,2
whereto,Whereto,2,2
whether,Whether,2,2
whetter,Whetter,2,2
whew,Whew,2,2
whimsical,Whimsical,2,2
whimwham,Whimwham,2,2
whipparee,Whipparee,2,2
whipperin,Whipperin,2,2
whipping,Whipping,2,2
whippletree,Whippletree,2,2
whirlbone,Whirlbone,2,2
whirling,Whirling,2,2
whirlpool,Whirlpool,2,2
whirlwind,Whirlwind,2,2
whiskered,Whiskered,2,2
whisket,Whisket,2,2
whiskey,Whiskey,3,2
whisky,Whisky,2,2
whisperer,Whisperer,2,2
whispering,Whispering,2,2
whistling,Whistling,2,2
whitebait,Whitebait,2,2
whitebelly,Whitebelly,2,2
whiteboy,Whiteboy,2,2
whitehead,Whitehead,2,2
whiten,Whiten,2,2
whitesmith,Whitesmith,2,2
whitetail,Whitetail,2,2
whitewing,Whitewing,2,2
whitewort,Whitewort,2,2
whiting-mop,Whiting-mop,2,2
whitish,Whitish,2,2
whitleather,Whitleather,2,2
whitlow,Whitlow,2,2
whiz,Whiz,2,2
who,Who,2,2
whole-length,Whole-length,2,2
wholly,Wholly,2,2
whooping,Whooping,2,2
whopper,Whopper,2,2
whoredom,Whoredom,2,2
whortleberry,Whortleberry,2,2
wick,Wick,2,2
wickedness,Wickedness,2,2
wide-awake,Wide-awake,2,2
widely,Widely,2,2
widen,Widen,2,2
wideness,Wideness,2,2
widowhood,Widowhood,2,2
wielding,Wielding,2,2
wiery,Wiery,2,2
wife,Wife,2,2
wifehood,Wifehood,2,2
wigged,Wigged,2,2
wiggery,Wiggery,2,2
wiggle,Wiggle,2,2
wike,Wike,2,2
wild-cat,Wild-cat,2,2
wildering,Wildering,2,2
wilding,Wilding,2,2
willful,Willful,2,2
willock,Willock,2,2
willow-weed,Willow-weed,2,2
willowy,Willowy,2,2
wincing,Wincing,2,2
wind-break,Wind-break,2,2
wind-sucker,Wind-sucker,2,2
windage,Windage,2,2
windfall,Windfall,2,2
windle,Windle,2,2
windless,Windless,2,2
windowed,Windowed,2,2
winglet,Winglet,2,2
wingy,Wingy,2,2
winker,Winker,2,2
winkle,Winkle,2,2
winnowing,Winnowing,2,2
winsome,Winsome,2,2
wireworm,Wireworm,2,2
wiry,Wiry,2,2
wis,Wis,2,2
wisdom,Wisdom,2,2
wiseacre,Wiseacre,2,2
wishing,Wishing,2,2
wishy-washy,Wishy-washy,2,2
wistful,Wistful,2,2
witch-hazel,Witch-hazel,2,2
witchcraft,Witchcraft,2,2
witchery,Witchery,2,2
witching,Witching,2,2
witcraft,Witcraft,2,2
withered,Withered,2,2
withering,Withering,2,2
withstood,Withstood,2,2
wittol,Wittol,2,2
witty,Witty,2,2
witwall,Witwall,2,2
wivern,Wivern,2,2
wives,Wives,2,2
woad,Woad,2,2
wode,Wode,2,2
woke,Woke,2,2
wold,Wold,2,2
wolverine,Wolverine,2,2
wolves,Wolves,2,2
womanhood,Womanhood,2,2
womanly,Womanly,2,2
wondered,Wondered,2,2
wondrous,Wondrous,2,2
wonted,Wonted,2,2
woodbine,Woodbine,2,2
woodbury-type,Woodbury-type,2,2
woodchat,Woodchat,2,2
woodchuck,Woodchuck,2,2
woodcock,Woodcock,2,2
woodcutter,Woodcutter,2,2
woodcutting,Woodcutting,2,2
wooded,Wooded,2,2
wooden,Wooden,2,2
woodland,Woodland,2,2
woof,Woof,2,2
woolder,Woolder,2,2
woolgathering,Woolgathering,2,2
wording,Wording,2,2
worker,Worker,2,2
working,Working,2,2
workless,Workless,2,2
workman,Workman,2,2
workmanly,Workmanly,2,2
workmanship,Workmanship,2,2
worm-eaten,Worm-eaten,2,2
wormed,Wormed,2,2
wormwood,Wormwood,2,2
wormy,Wormy,2,2
worn,Worn,2,2
worrit,Worrit,2,2
would,Would,2,2
woundy,Woundy,2,2
wove,Wove,2,2
woven,Woven,2,2
wraith,Wraith,2,2
wrangler,Wrangler,2,2
wrappage,Wrappage,2,2
wrathful,Wrathful,2,2
wreathen,Wreathen,2,2
wrecche,Wrecche,2,2
wreckage,Wreckage,2,2
wrecking,Wrecking,2,2
wren,Wren,2,2
wretch,Wretch,2,2
wretchedness,Wretchedness,2,2
wringer,Wringer,2,2
wringing,Wringing,2,2
wrist,Wrist,2,2
writhen,Writhen,2,2
written,Written,2,2
wrongdoer,Wrongdoer,2,2
wronghead,Wronghead,2,2
wrongous,Wrongous,2,2
wrung,Wrung,2,2
wryneck,Wryneck,2,2
wye,Wye,2,2
xanthogen,Xanthogen,2,2
xenodochium,Xenodochium,2,2
xeroderma,Xeroderma,2,2
xiphisternum,Xiphisternum,2,2
xiphoid,Xiphoid,2,2
xylogen,Xylogen,2,2
xylophagous,Xylophagous,2,2
xylophone,Xylophone,2,2
yacht,Yacht,2,2
yang,Yang,2,2
yankee,Yankee,2,2
yankee-doodle,Yankee-Doodle,2,2
yap,Yap,2,2
yare,Yare,2,2
yawl,Yawl,2,2
ycleped,Ycleped,2,2
yearbook,Yearbook,2,2
yearling,Yearling,2,2
yellowbird,Yellowbird,2,2
yellowhammer,Yellowhammer,2,2
yellowing,Yellowing,2,2
yellowness,Yellowness,2,2
yen,Yen,2,2
yesternight,Yesternight,2,2
yex,Yex,2,2
yieldance,Yieldance,2,2
yielding,Yielding,2,2
yodle,Yodle,2,2
yold,Yold,2,2
yolk,Yolk,2,2
yon,Yon,2,2
yond,Yond,2,2
yonder,Yonder,2,2
youngling,Youngling,2,2
yowl,Yowl,2,2
yuck,Yuck,2,2
zalambdodont,Zalambdodont,2,2
zantewood,Zantewood,2,2
zany,Zany,2,2
zealous,Zealous,2,2
zenith,Zenith,2,2
zetetic,Zetetic,2,2
zinc,Zinc,2,2
zincing,Zincing,2,2
zincking,Zincking,2,2
zoantharian,Zoantharian,2,2
zoology,Zoology,2,2
zoon,Zoon,2,2
zoonite,Zoonite,2,2
zoophyte,Zoophyte,2,2
zoroastrian,Zoroastrian,2,2
zouave,Zouave,2,2
zygospore,Zygospore,2,2
zyme,Zyme,2,2
zymogenic,Zymogenic,2,2
zymosis,Zymosis,2,2
zymotic,Zymotic,2,2
